model,year,price,transmission,mileage,fueltype,tax,mpg,enginesize
 Corsa,2018,7885.0,Manual,9876,Petrol,145,55.4,1.4
 Corsa,2019,11995.0,Manual,2500,Petrol,145,54.3,1.4
 Corsa,2017,9777.0,Automatic,9625,Petrol,145,47.9,1.4
 Corsa,2016,8500.0,Manual,25796,Petrol,30,55.4,1.4
 Corsa,2019,10000.0,Manual,3887,Petrol,145,43.5,1.4
 Corsa,2017,9743.0,Manual,13546,Petrol,145,49.6,1.4
 Corsa,2011,3995.0,Manual,53067,Petrol,145,49.6,1.4
 Corsa,2019,9990.0,Manual,3953,Petrol,150,43.5,1.4
 Corsa,2018,10000.0,Manual,11160,Petrol,145,43.5,1.4
 Corsa,2016,6999.0,Manual,13046,Petrol,30,55.4,1.4
 Corsa,2016,7996.0,Manual,10316,Petrol,30,55.4,1.4
 Corsa,2013,4350.0,Manual,52243,Petrol,125,51.4,1.2
 Corsa,2012,2295.0,Manual,80000,Diesel,30,67.3,1.2
 Corsa,2009,3690.0,Manual,31000,Diesel,30,62.8,1.2
 Corsa,2017,8095.0,Manual,17866,Petrol,145,54.3,1.4
 Corsa,2014,5995.0,Manual,40584,Petrol,125,51.4,1.2
 Corsa,2016,6199.0,Manual,22519,Petrol,30,55.4,1.4
 Corsa,2016,7999.0,Manual,4314,Petrol,30,55.4,1.4
 Corsa,2016,7995.0,Manual,11991,Petrol,30,55.4,1.4
 Corsa,2018,9495.0,Manual,7905,Petrol,150,55.4,1.4
 Corsa,2016,6495.0,Manual,30161,Petrol,30,55.4,1.4
 Corsa,2018,6695.0,Manual,9293,Petrol,145,55.4,1.4
 Corsa,2013,4995.0,Manual,66000,Petrol,125,51.4,1.2
 Corsa,2014,4995.0,Manual,66000,Petrol,125,51.4,1.4
 Corsa,2008,4495.0,Automatic,31000,Petrol,200,42.8,1.4
 Corsa,2012,4695.0,Manual,63000,Petrol,125,51.4,1.2
 Corsa,2009,2495.0,Manual,86558,Petrol,160,45.6,1.4
 Corsa,2017,7199.0,Manual,20196,Petrol,145,55.4,1.4
 Corsa,2019,10699.0,Manual,1757,Petrol,145,43.5,1.4
 Corsa,2017,7790.0,Manual,27669,Petrol,30,55.4,1.4
 Corsa,2019,9699.0,Manual,4511,Petrol,145,43.5,1.4
 Corsa,2017,8999.0,Manual,4377,Petrol,145,55.4,1.4
 Corsa,2017,7285.0,Manual,25644,Petrol,30,55.4,1.4
 Corsa,2017,7999.0,Manual,14060,Petrol,30,55.4,1.4
 Corsa,2017,8995.0,Manual,18016,Petrol,150,54.3,1.4
 Corsa,2017,7990.0,Manual,15078,Petrol,30,54.3,1.4
 Corsa,2017,8500.0,Manual,28966,Petrol,145,54.3,1.4
 Corsa,2018,10500.0,Manual,12000,Petrol,145,43.5,1.4
 Corsa,2018,11955.0,Manual,15531,Petrol,145,48.7,1.4
 Corsa,2015,7955.0,Manual,17527,Petrol,125,54.3,1.4
 Corsa,2017,8198.0,Manual,6508,Petrol,145,54.3,1.4
 Corsa,2017,7299.0,Manual,23462,Petrol,145,55.4,1.4
 Corsa,2017,10299.0,Manual,6178,Petrol,145,54.3,1.4
 Corsa,2016,7280.0,Manual,20589,Petrol,30,55.4,1.4
 Corsa,2019,9469.0,Manual,3402,Petrol,145,43.5,1.4
 Corsa,2019,9520.0,Manual,2287,Petrol,145,43.5,1.4
 Corsa,2016,8200.0,Manual,38240,Diesel,0,88.3,1.3
 Corsa,2017,6990.0,Manual,21287,Petrol,30,55.4,1.4
 Corsa,2016,6990.0,Manual,14600,Petrol,30,55.4,1.4
 Corsa,2016,8430.0,Automatic,21462,Petrol,150,47.9,1.4
 Corsa,2016,7498.0,Manual,14869,Petrol,30,55.4,1.4
 Corsa,2016,7310.0,Manual,29043,Petrol,30,54.3,1.4
 Corsa,2018,8260.0,Manual,18000,Petrol,145,55.4,1.4
 Corsa,2017,8498.0,Manual,7076,Petrol,145,55.4,1.4
 Corsa,2017,8495.0,Manual,9495,Petrol,145,55.4,1.4
 Corsa,2018,10009.0,Manual,2124,Petrol,145,43.5,1.4
 Corsa,2017,10998.0,Automatic,176,Petrol,145,47.9,1.4
 Corsa,2016,5998.0,Manual,30330,Petrol,30,55.4,1.4
 Corsa,2017,7798.0,Manual,36065,Petrol,30,55.4,1.4
 Corsa,2015,5998.0,Manual,55493,Petrol,125,53.3,1.2
 Corsa,2019,9998.0,Manual,10250,Petrol,145,43.5,1.4
 Corsa,2015,6698.0,Manual,42991,Petrol,125,54.3,1.4
 Corsa,2020,15998.0,Manual,10,Petrol,145,52.3,1.2
 Corsa,2020,17998.0,Manual,10,Diesel,145,70.6,1.5
 Corsa,2020,16998.0,Manual,10,Petrol,145,52.3,1.2
 Corsa,2020,13998.0,Manual,10,Petrol,145,52.3,1.2
 Corsa,2020,17498.0,Manual,10,Petrol,150,52.3,1.2
 Corsa,2019,9555.0,Manual,3641,Petrol,145,43.5,1.4
 Corsa,2017,7795.0,Manual,7045,Petrol,145,55.4,1.4
 Corsa,2019,12995.0,Manual,27,Petrol,145,43.5,1.4
 Corsa,2016,6695.0,Manual,31996,Petrol,0,65.7,1.0
 Corsa,2019,10498.0,Manual,9260,Petrol,150,43.5,1.4
 Corsa,2019,8495.0,Manual,9976,Petrol,145,43.5,1.4
 Corsa,2019,10000.0,Manual,2245,Petrol,150,43.5,1.4
 Corsa,2019,8444.0,Manual,14507,Petrol,145,43.5,1.4
 Corsa,2018,8417.0,Manual,5000,Petrol,145,43.5,1.4
 Corsa,2019,11695.0,Manual,5,Petrol,145,43.5,1.4
 Corsa,2019,8865.0,Manual,4008,Petrol,145,43.5,1.4
 Corsa,2016,8351.0,Automatic,32643,Petrol,145,47.9,1.4
 Corsa,2019,11995.0,Manual,10,Petrol,145,43.5,1.4
 Corsa,2013,4498.0,Manual,47277,Petrol,125,51.4,1.2
 Corsa,2019,12495.0,Manual,15,Petrol,145,43.5,1.4
 Corsa,2019,10595.0,Manual,10033,Petrol,145,43.5,1.4
 Corsa,2016,7995.0,Manual,36250,Diesel,0,85.6,1.3
 Corsa,2017,8995.0,Manual,7243,Petrol,150,55.4,1.4
 Corsa,2019,12495.0,Manual,5,Petrol,145,43.5,1.4
 Corsa,2016,6995.0,Manual,23590,Petrol,125,53.3,1.2
 Corsa,2019,10995.0,Manual,10131,Petrol,145,43.5,1.4
 Corsa,2015,7995.0,Manual,34959,Petrol,125,54.3,1.4
 Corsa,2015,5298.0,Manual,68517,Petrol,30,55.4,1.4
 Corsa,2014,5498.0,Manual,22512,Petrol,125,51.4,1.4
 Corsa,2016,8298.0,Manual,10585,Petrol,30,55.4,1.4
 Corsa,2015,6795.0,Manual,28039,Petrol,125,52.3,1.2
 Corsa,2018,9495.0,Manual,6046,Petrol,145,55.4,1.4
 Corsa,2017,8795.0,Manual,10969,Petrol,145,55.4,1.4
 Corsa,2017,6895.0,Manual,19853,Petrol,30,55.4,1.4
 Corsa,2018,8995.0,Manual,7786,Petrol,145,55.4,1.4
 Corsa,2016,6995.0,Manual,26309,Petrol,125,53.3,1.2
 Corsa,2017,8495.0,Manual,26528,Petrol,30,55.4,1.4
 Corsa,2019,10595.0,Manual,5320,Petrol,145,43.5,1.4
 Corsa,2016,8495.0,Manual,33475,Petrol,30,55.4,1.4
 Corsa,2019,10595.0,Manual,5786,Petrol,145,43.5,1.4
 Corsa,2019,10595.0,Manual,7513,Petrol,145,43.5,1.4
 Corsa,2019,11595.0,Manual,10254,Petrol,145,43.5,1.4
 Corsa,2019,11595.0,Manual,12036,Petrol,145,43.5,1.4
 Corsa,2017,7698.0,Manual,13192,Petrol,145,55.4,1.4
 Corsa,2014,5998.0,Manual,28084,Petrol,125,51.4,1.2
 Corsa,2018,10495.0,Manual,10218,Petrol,145,55.4,1.4
 Corsa,2016,7495.0,Manual,45685,Diesel,0,85.6,1.3
 Corsa,2019,9498.0,Manual,17125,Petrol,150,43.5,1.4
 Corsa,2014,4698.0,Manual,49337,Petrol,125,51.4,1.4
 Corsa,2017,8498.0,Manual,12525,Petrol,30,54.3,1.4
 Corsa,2016,6895.0,Manual,22000,Petrol,30,55.4,1.4
 Corsa,2017,6695.0,Manual,47000,Petrol,145,55.4,1.4
 Corsa,2016,7498.0,Manual,89883,Petrol,240,37.7,1.6
 Corsa,2019,9000.0,Manual,22000,Petrol,145,43.5,1.4
 Corsa,2019,10498.0,Manual,4704,Petrol,150,43.5,1.4
 Corsa,2016,5698.0,Manual,55867,Petrol,30,55.4,1.4
 Corsa,2017,7998.0,Manual,10647,Petrol,150,55.4,1.4
 Corsa,2015,6698.0,Manual,9832,Petrol,30,55.4,1.4
 Corsa,2015,6998.0,Manual,41385,Petrol,30,55.4,1.4
 Corsa,2016,7298.0,Manual,16007,Petrol,30,55.4,1.4
 Corsa,2015,6298.0,Manual,29116,Petrol,125,53.3,1.2
 Corsa,2017,7698.0,Manual,35688,Petrol,150,54.3,1.4
 Corsa,2017,9698.0,Manual,2712,Petrol,30,55.4,1.4
 Corsa,2016,7198.0,Manual,26245,Petrol,30,55.4,1.4
 Corsa,2014,4998.0,Manual,35711,Petrol,30,55.4,1.0
 Corsa,2015,4998.0,Manual,49003,Petrol,125,53.3,1.2
 Corsa,2016,9450.0,Automatic,14977,Petrol,145,47.9,1.4
 Corsa,2015,9298.0,Automatic,9382,Petrol,145,47.9,1.4
 Corsa,2017,8998.0,Manual,15171,Petrol,30,55.4,1.4
 Corsa,2015,8498.0,Automatic,6388,Petrol,145,47.1,1.4
 Corsa,2016,7998.0,Manual,18654,Petrol,30,55.4,1.4
 Corsa,2015,5698.0,Manual,32024,Petrol,125,52.3,1.2
 Corsa,2016,10495.0,Automatic,10825,Petrol,145,47.9,1.4
 Corsa,2016,5492.0,Manual,62518,Petrol,30,55.4,1.4
 Corsa,2016,5890.0,Manual,32563,Petrol,125,53.3,1.2
 Corsa,2015,6498.0,Manual,31664,Petrol,30,55.4,1.4
 Corsa,2014,4998.0,Manual,57210,Petrol,125,51.4,1.2
 Corsa,2017,7095.0,Manual,21500,Petrol,30,55.4,1.4
 Corsa,2015,7298.0,Manual,15701,Petrol,30,55.4,1.4
 Corsa,2013,5998.0,Manual,16154,Petrol,125,51.4,1.2
 Corsa,2020,13498.0,Manual,10,Petrol,150,53.3,1.2
 Corsa,2020,17998.0,Manual,10,Petrol,150,52.3,1.2
 Corsa,2020,14298.0,Manual,10,Petrol,150,53.3,1.2
 Corsa,2020,13998.0,Manual,10,Petrol,150,52.3,1.2
 Corsa,2016,7698.0,Manual,23979,Petrol,30,55.4,1.4
 Corsa,2016,5998.0,Manual,28312,Petrol,30,55.4,1.4
 Corsa,2016,7498.0,Manual,23487,Petrol,30,55.4,1.4
 Corsa,2015,4998.0,Manual,60147,Petrol,30,55.4,1.4
 Corsa,2016,7998.0,Manual,25191,Petrol,30,55.4,1.4
 Corsa,2016,10498.0,Automatic,1326,Petrol,145,47.9,1.4
 Corsa,2015,6450.0,Manual,38279,Petrol,125,54.3,1.4
 Corsa,2018,8295.0,Manual,12103,Petrol,150,54.3,1.4
 Corsa,2017,8498.0,Manual,20194,Petrol,30,54.3,1.4
 Corsa,2016,6998.0,Manual,20269,Petrol,30,55.4,1.4
 Corsa,2015,6498.0,Manual,23854,Petrol,30,55.4,1.4
 Corsa,2017,10798.0,Automatic,17285,Petrol,145,47.9,1.4
 Corsa,2015,6498.0,Manual,29510,Petrol,125,54.3,1.4
 Corsa,2018,8298.0,Manual,17472,Petrol,150,55.4,1.4
 Corsa,2015,6398.0,Manual,36189,Petrol,125,53.3,1.2
 Corsa,2015,7698.0,Manual,7503,Petrol,30,55.4,1.4
 Corsa,2014,5998.0,Manual,30496,Petrol,125,51.4,1.2
 Corsa,2020,17598.0,Manual,10,Petrol,150,52.3,1.2
 Corsa,2020,18598.0,Manual,10,Diesel,150,70.6,1.5
 Corsa,2020,16998.0,Manual,10,Petrol,150,52.3,1.2
 Corsa,2020,15998.0,Manual,10,Petrol,150,52.3,1.2
 Corsa,2020,17998.0,Manual,10,Diesel,150,70.6,1.5
 Corsa,2015,6298.0,Manual,49977,Petrol,30,55.4,1.4
 Corsa,2016,7498.0,Manual,23216,Petrol,30,55.4,1.4
 Corsa,2018,9498.0,Manual,9992,Petrol,145,54.3,1.4
 Corsa,2020,14498.0,Manual,10,Petrol,150,52.3,1.2
 Corsa,2016,7498.0,Manual,26369,Petrol,125,54.3,1.4
 Corsa,2017,7998.0,Manual,21183,Petrol,30,54.3,1.4
 Corsa,2018,8998.0,Manual,19561,Petrol,150,55.4,1.4
 Corsa,2015,6498.0,Manual,29652,Diesel,0,83.1,1.3
 Corsa,2016,7140.0,Manual,14406,Petrol,30,55.4,1.4
 Corsa,2015,6298.0,Manual,43558,Petrol,30,55.4,1.4
 Corsa,2013,3998.0,Manual,54498,Petrol,125,51.4,1.4
 Corsa,2018,8798.0,Manual,18840,Petrol,145,54.3,1.4
 Corsa,2013,4998.0,Manual,23000,Petrol,125,51.4,1.2
 Corsa,2014,5498.0,Manual,52302,Petrol,125,51.4,1.2
 Corsa,2015,6998.0,Manual,18009,Petrol,30,55.4,1.4
 Corsa,2017,7998.0,Manual,18364,Petrol,30,55.4,1.4
 Corsa,2015,5898.0,Manual,65349,Petrol,125,54.3,1.4
 Corsa,2018,9498.0,Manual,19301,Petrol,150,43.5,1.4
 Corsa,2013,4998.0,Manual,45701,Petrol,125,51.4,1.4
 Corsa,2016,5998.0,Manual,32957,Petrol,30,55.4,1.4
 Corsa,2016,6798.0,Manual,37452,Petrol,30,54.3,1.4
 Corsa,2015,7298.0,Manual,19713,Petrol,125,53.3,1.2
 Corsa,2015,6998.0,Manual,21340,Petrol,125,54.3,1.4
 Corsa,2018,8798.0,Manual,18674,Petrol,145,55.4,1.4
 Corsa,2016,7298.0,Manual,40385,Petrol,30,54.3,1.4
 Corsa,2016,7298.0,Manual,19500,Petrol,30,55.4,1.4
 Corsa,2016,8498.0,Manual,24914,Petrol,30,55.4,1.4
 Corsa,2015,7698.0,Manual,20066,Petrol,30,55.4,1.4
 Corsa,2016,7498.0,Manual,14663,Petrol,30,55.4,1.4
 Corsa,2016,6998.0,Manual,26937,Petrol,30,55.4,1.4
 Corsa,2018,9998.0,Manual,4309,Petrol,145,43.5,1.4
 Corsa,2016,7998.0,Manual,27504,Petrol,30,54.3,1.4
 Corsa,2015,6998.0,Manual,27042,Petrol,125,53.3,1.2
 Corsa,2016,7998.0,Manual,23113,Petrol,30,54.3,1.4
 Corsa,2016,6998.0,Manual,24213,Petrol,30,55.4,1.4
 Corsa,2017,7798.0,Manual,24733,Petrol,145,54.3,1.4
 Corsa,2020,17998.0,Manual,18,Diesel,150,70.6,1.5
 Corsa,2017,7998.0,Manual,21815,Petrol,30,54.3,1.4
 Corsa,2017,7998.0,Manual,24189,Petrol,30,55.4,1.4
 Corsa,2016,7698.0,Manual,11345,Petrol,30,55.4,1.4
 Corsa,2017,7998.0,Manual,20522,Petrol,145,55.4,1.4
 Corsa,2015,8998.0,Automatic,16476,Petrol,145,47.9,1.4
 Corsa,2017,6280.0,Manual,50246,Petrol,145,55.4,1.4
 Corsa,2017,7695.0,Manual,11551,Petrol,145,55.4,1.4
 Corsa,2016,7600.0,Manual,15900,Petrol,125,54.3,1.4
 Corsa,2016,6575.0,Manual,23023,Petrol,30,55.4,1.4
 Corsa,2017,7491.0,Manual,11331,Petrol,145,55.4,1.4
 Corsa,2016,7898.0,Manual,7312,Petrol,30,55.4,1.4
 Corsa,2015,6998.0,Manual,19598,Petrol,30,55.4,1.4
 Corsa,2019,8990.0,Manual,8948,Petrol,145,43.5,1.4
 Corsa,2016,7190.0,Manual,29176,Petrol,125,54.3,1.4
 Corsa,2017,6991.0,Manual,25056,Petrol,30,55.4,1.4
 Corsa,2015,4491.0,Manual,71029,Petrol,125,53.3,1.2
 Corsa,2017,7960.0,Manual,12040,Petrol,30,55.4,1.4
 Corsa,2018,5991.0,Manual,62451,Petrol,150,55.4,1.4
 Corsa,2016,7080.0,Manual,26352,Petrol,30,55.4,1.4
 Corsa,2017,7380.0,Manual,29683,Petrol,30,55.4,1.4
 Corsa,2015,6498.0,Manual,11486,Petrol,125,52.3,1.2
 Corsa,2015,6998.0,Manual,32450,Petrol,125,54.3,1.4
 Corsa,2016,7998.0,Manual,19401,Petrol,30,55.4,1.4
 Corsa,2016,7998.0,Manual,6885,Petrol,30,55.4,1.4
 Corsa,2013,3498.0,Manual,45640,Petrol,30,55.4,1.0
 Corsa,2018,8298.0,Manual,30659,Petrol,145,55.4,1.4
 Corsa,2019,10498.0,Manual,5161,Petrol,150,43.5,1.4
 Corsa,2019,10698.0,Automatic,6183,Petrol,150,39.8,1.4
 Corsa,2017,7998.0,Manual,16525,Petrol,30,54.3,1.4
 Corsa,2017,7465.0,Manual,20050,Petrol,150,55.4,1.4
 Corsa,2017,7298.0,Manual,34670,Petrol,145,54.3,1.4
 Corsa,2019,10490.0,Manual,3000,Petrol,145,43.5,1.4
 Corsa,2016,5891.0,Manual,27619,Petrol,30,55.4,1.4
 Corsa,2019,10490.0,Manual,2650,Petrol,145,43.5,1.4
 Corsa,2016,8297.0,Manual,10295,Petrol,30,55.4,1.4
 Corsa,2016,6650.0,Manual,20976,Petrol,30,55.4,1.4
 Corsa,2016,7310.0,Manual,41741,Petrol,30,57.6,1.0
 Corsa,2019,8330.0,Manual,8233,Petrol,145,43.5,1.4
 Corsa,2019,8350.0,Manual,7441,Petrol,145,43.5,1.4
 Corsa,2018,10498.0,Manual,14826,Petrol,150,48.7,1.4
 Corsa,2013,4698.0,Manual,34273,Petrol,125,51.4,1.4
 Corsa,2016,7698.0,Manual,25886,Petrol,30,55.4,1.4
 Corsa,2016,7568.0,Manual,39021,Petrol,30,55.4,1.4
 Corsa,2015,4591.0,Manual,54593,Petrol,125,51.4,1.2
 Corsa,2019,10998.0,Manual,9643,Petrol,145,44.8,1.4
 Corsa,2015,7298.0,Manual,16125,Petrol,125,54.3,1.4
 Corsa,2016,6598.0,Manual,32871,Petrol,30,55.4,1.4
 Corsa,2016,7160.0,Manual,46636,Petrol,30,57.6,1.0
 Corsa,2019,9798.0,Manual,9626,Petrol,145,43.5,1.4
 Corsa,2016,7998.0,Manual,19881,Petrol,30,55.4,1.4
 Corsa,2017,7998.0,Manual,18144,Petrol,30,54.3,1.4
 Corsa,2015,6498.0,Manual,30657,Petrol,125,54.3,1.4
 Corsa,2019,9798.0,Manual,5197,Petrol,145,43.5,1.4
 Corsa,2013,4660.0,Manual,39968,Petrol,125,51.4,1.2
 Corsa,2016,8020.0,Automatic,54422,Petrol,145,47.9,1.4
 Corsa,2016,6360.0,Manual,20928,Petrol,30,55.4,1.4
 Corsa,2016,6750.0,Manual,39031,Petrol,30,55.4,1.4
 Corsa,2016,7998.0,Manual,23868,Diesel,0,85.6,1.3
 Corsa,2016,8310.0,Manual,8682,Petrol,30,55.4,1.4
 Corsa,2016,7640.0,Manual,24077,Petrol,30,55.4,1.4
 Corsa,2016,9703.0,Automatic,15325,Petrol,145,47.9,1.4
 Corsa,2015,5998.0,Manual,46527,Petrol,30,55.4,1.4
 Corsa,2016,7995.0,Manual,12211,Petrol,30,55.4,1.4
 Corsa,2020,16598.0,Manual,10,Petrol,150,52.3,1.2
 Corsa,2016,6498.0,Manual,37101,Petrol,30,54.3,1.4
 Corsa,2016,7711.0,Manual,22923,Petrol,30,55.4,1.4
 Corsa,2017,7630.0,Manual,16668,Petrol,30,55.4,1.4
 Corsa,2015,5601.0,Manual,44200,Petrol,125,51.4,1.4
 Corsa,2015,6998.0,Manual,24074,Petrol,30,55.4,1.4
 Corsa,2015,5498.0,Manual,64726,Petrol,125,54.3,1.4
 Corsa,2014,4998.0,Manual,36801,Petrol,125,51.4,1.4
 Corsa,2018,8998.0,Manual,14157,Petrol,150,43.5,1.4
 Corsa,2017,8698.0,Manual,11698,Petrol,30,54.3,1.4
 Corsa,2018,9500.0,Manual,6862,Petrol,145,43.5,1.4
 Corsa,2016,8498.0,Automatic,6347,Petrol,30,55.4,1.4
 Corsa,2015,7298.0,Manual,12202,Petrol,30,55.4,1.4
 Corsa,2020,16698.0,Manual,10,Petrol,150,52.3,1.2
 Corsa,2020,18498.0,Manual,10,Diesel,150,70.6,1.5
 Corsa,2016,7998.0,Manual,18886,Petrol,30,55.4,1.4
 Corsa,2016,7498.0,Manual,16191,Petrol,30,55.4,1.4
 Corsa,2017,7998.0,Manual,20023,Petrol,30,55.4,1.4
 Corsa,2017,8498.0,Manual,30203,Petrol,30,54.3,1.4
 Corsa,2017,7998.0,Manual,13600,Petrol,30,54.3,1.4
 Corsa,2017,9498.0,Manual,12887,Petrol,150,55.4,1.4
 Corsa,2013,4291.0,Manual,43201,Petrol,30,55.4,1.0
 Corsa,2015,7498.0,Manual,15353,Petrol,125,53.3,1.2
 Corsa,2017,8798.0,Manual,17622,Petrol,145,55.4,1.4
 Corsa,2015,8998.0,Automatic,24812,Petrol,145,47.9,1.4
 Corsa,2013,4998.0,Manual,48047,Petrol,125,51.4,1.2
 Corsa,2017,7698.0,Manual,24595,Petrol,150,55.4,1.4
 Corsa,2019,10498.0,Manual,10981,Petrol,150,43.5,1.4
 Corsa,2019,10698.0,Automatic,10109,Petrol,150,39.8,1.4
 Corsa,2019,10698.0,Automatic,8718,Petrol,150,39.8,1.4
 Corsa,2013,5298.0,Manual,55259,Petrol,125,51.4,1.2
 Corsa,2020,16998.0,Manual,398,Petrol,150,52.3,1.2
 Corsa,2020,16798.0,Manual,10,Petrol,150,52.3,1.2
 Corsa,2016,6498.0,Manual,10213,Petrol,30,55.4,1.4
 Corsa,2017,10998.0,Automatic,10792,Petrol,145,47.9,1.4
 Corsa,2016,7998.0,Manual,15697,Petrol,30,55.4,1.4
 Corsa,2016,6998.0,Manual,24332,Petrol,30,55.4,1.4
 Corsa,2017,7798.0,Manual,21226,Petrol,145,55.4,1.4
 Corsa,2017,8598.0,Manual,15659,Petrol,145,54.3,1.4
 Corsa,2014,5601.0,Manual,32528,Petrol,125,51.4,1.4
 Corsa,2015,6732.0,Manual,24033,Petrol,125,54.3,1.4
 Corsa,2015,6450.0,Manual,58000,Diesel,0,85.6,1.3
 Corsa,2016,7471.0,Manual,30544,Petrol,30,55.4,1.4
 Corsa,2017,8171.0,Manual,21316,Petrol,30,54.3,1.4
 Corsa,2015,6991.0,Manual,12158,Petrol,125,53.3,1.2
 Corsa,2015,7520.0,Manual,6004,Petrol,125,52.3,1.2
 Corsa,2015,6860.0,Manual,30217,Petrol,125,54.3,1.4
 Corsa,2016,7450.0,Manual,32156,Petrol,30,55.4,1.4
 Corsa,2017,8298.0,Manual,11434,Petrol,30,54.3,1.4
 Corsa,2014,5498.0,Manual,14730,Petrol,125,51.4,1.4
 Corsa,2016,6798.0,Manual,34115,Petrol,30,55.4,1.4
 Corsa,2016,7998.0,Manual,15730,Petrol,30,55.4,1.4
 Corsa,2016,7498.0,Manual,18985,Petrol,30,55.4,1.4
 Corsa,2016,5998.0,Manual,20149,Petrol,30,55.4,1.4
 Corsa,2016,8298.0,Manual,23002,Petrol,30,55.4,1.4
 Corsa,2019,9990.0,Manual,18474,Petrol,145,43.5,1.4
 Corsa,2015,6498.0,Manual,34810,Petrol,30,55.4,1.4
 Corsa,2017,7798.0,Manual,26776,Petrol,30,54.3,1.4
 Corsa,2020,16998.0,Manual,5,Petrol,145,52.3,1.2
 Corsa,2016,7298.0,Manual,34631,Petrol,30,54.3,1.4
 Corsa,2016,6298.0,Manual,19150,Petrol,30,55.4,1.4
 Corsa,2016,6798.0,Manual,33286,Petrol,30,55.4,1.4
 Corsa,2020,17998.0,Manual,65,Diesel,145,70.6,1.5
 Corsa,2015,6998.0,Manual,44797,Petrol,30,55.4,1.4
 Corsa,2015,5789.0,Manual,28873,Petrol,125,51.4,1.4
 Corsa,2017,7490.0,Manual,19642,Petrol,30,55.4,1.4
 Corsa,2016,10795.0,Automatic,2518,Petrol,145,47.9,1.4
 Corsa,2017,7495.0,Manual,24981,Petrol,150,54.3,1.4
 Corsa,2016,9998.0,Manual,7199,Diesel,0,85.6,1.3
 Corsa,2018,9070.0,Manual,16403,Petrol,145,43.5,1.4
 Corsa,2018,9250.0,Manual,5361,Petrol,145,43.5,1.4
 Corsa,2015,7250.0,Manual,27678,Petrol,30,55.4,1.4
 Corsa,2019,9798.0,Manual,6674,Petrol,145,43.5,1.4
 Corsa,2019,9798.0,Manual,5839,Petrol,145,43.5,1.4
 Corsa,2014,5090.0,Manual,55767,Petrol,125,51.4,1.4
 Corsa,2016,5998.0,Manual,43600,Petrol,30,55.4,1.4
 Corsa,2016,8998.0,Manual,11842,Diesel,0,88.3,1.3
 Corsa,2015,8298.0,Manual,55451,Petrol,235,37.7,1.6
 Corsa,2016,5998.0,Manual,19311,Petrol,30,55.4,1.4
 Corsa,2016,6350.0,Manual,43000,Petrol,30,54.3,1.4
 Corsa,2016,7500.0,Manual,9930,Petrol,125,54.3,1.4
 Corsa,2018,8151.0,Manual,25138,Petrol,145,55.4,1.4
 Corsa,2017,8340.0,Manual,5762,Petrol,145,54.3,1.4
 Corsa,2014,5390.0,Manual,31936,Petrol,30,55.4,1.4
 Corsa,2018,9998.0,Automatic,10548,Petrol,145,39.8,1.4
 Corsa,2017,8298.0,Manual,20528,Petrol,145,54.3,1.4
 Corsa,2019,9490.0,Manual,3162,Petrol,150,43.5,1.4
 Corsa,2016,5985.0,Manual,33160,Petrol,30,55.4,1.4
 Corsa,2019,9945.0,Manual,7,Petrol,150,43.5,1.4
 Corsa,2018,9598.0,Manual,12184,Petrol,150,43.5,1.4
 Corsa,2017,7698.0,Manual,22750,Petrol,30,55.4,1.4
 Corsa,2017,7291.0,Manual,20014,Petrol,30,55.4,1.4
 Corsa,2018,8100.0,Manual,9390,Petrol,145,55.4,1.4
 Corsa,2017,9300.0,Automatic,13258,Petrol,145,47.9,1.4
 Corsa,2019,10498.0,Manual,3204,Petrol,150,44.8,1.4
 Corsa,2016,7000.0,Manual,29302,Petrol,30,55.4,1.4
 Corsa,2019,8460.0,Manual,4288,Petrol,145,43.5,1.4
 Corsa,2019,10990.0,Manual,908,Petrol,145,43.5,1.4
 Corsa,2019,10130.0,Manual,1632,Petrol,145,43.5,1.4
 Corsa,2019,9470.0,Manual,4498,Petrol,145,43.5,1.4
 Corsa,2016,7298.0,Manual,27538,Petrol,30,55.4,1.4
 Corsa,2016,5998.0,Manual,19078,Petrol,30,55.4,1.4
 Corsa,2015,6798.0,Manual,28891,Petrol,30,55.4,1.4
 Corsa,2019,10798.0,Manual,9741,Petrol,150,44.8,1.4
 Corsa,2017,7995.0,Manual,13049,Petrol,30,54.3,1.4
 Corsa,2019,10990.0,Manual,1932,Petrol,145,43.5,1.4
 Corsa,2014,4991.0,Manual,28552,Petrol,125,51.4,1.2
 Corsa,2015,6498.0,Manual,36249,Petrol,30,55.4,1.4
 Corsa,2013,5698.0,Manual,32596,Petrol,125,51.4,1.2
 Corsa,2018,9340.0,Manual,20487,Petrol,145,43.5,1.4
 Corsa,2017,6991.0,Manual,18756,Petrol,145,55.4,1.4
 Corsa,2013,3991.0,Manual,47083,Petrol,30,55.4,1.0
 Corsa,2017,6391.0,Manual,29481,Petrol,30,55.4,1.4
 Corsa,2017,8491.0,Manual,19137,Petrol,30,57.6,1.0
 Corsa,2015,6091.0,Manual,28804,Petrol,30,54.3,1.4
 Corsa,2019,10798.0,Manual,7971,Petrol,145,44.8,1.4
 Corsa,2016,7791.0,Manual,32029,Petrol,125,54.3,1.4
 Corsa,2017,7721.0,Manual,23341,Petrol,145,55.4,1.4
 Corsa,2016,6310.0,Manual,41142,Petrol,30,55.4,1.4
 Corsa,2019,8530.0,Manual,8338,Petrol,145,43.5,1.4
 Corsa,2017,7998.0,Manual,14209,Petrol,145,55.4,1.4
 Corsa,2016,7120.0,Manual,34307,Petrol,30,55.4,1.4
 Corsa,2015,6890.0,Manual,31183,Diesel,0,83.1,1.3
 Corsa,2017,11498.0,Automatic,7068,Petrol,150,47.9,1.4
 Corsa,2019,10990.0,Manual,100,Petrol,145,43.5,1.4
 Corsa,2019,10490.0,Manual,1375,Petrol,145,43.5,1.4
 Corsa,2019,10490.0,Manual,1452,Petrol,145,43.5,1.4
 Corsa,2018,8391.0,Manual,10376,Petrol,145,54.3,1.4
 Corsa,2016,5420.0,Manual,27149,Petrol,30,55.4,1.4
 Corsa,2016,7680.0,Manual,17366,Petrol,30,55.4,1.4
 Corsa,2019,10498.0,Manual,4514,Petrol,150,44.8,1.4
 Corsa,2019,10998.0,Manual,8309,Petrol,150,44.8,1.4
 Corsa,2019,10698.0,Automatic,5400,Petrol,150,39.8,1.4
 Corsa,2015,6498.0,Manual,22825,Petrol,30,55.4,1.4
 Corsa,2016,7099.0,Manual,29626,Petrol,30,54.3,1.4
 Corsa,2015,5580.0,Manual,37978,Petrol,125,52.3,1.2
 Corsa,2018,9320.0,Manual,7825,Petrol,145,55.4,1.4
 Corsa,2017,6790.0,Manual,27849,Petrol,150,55.4,1.4
 Corsa,2018,7895.0,Manual,14917,Petrol,145,55.4,1.4
 Corsa,2016,7798.0,Manual,12722,Petrol,30,55.4,1.4
 Corsa,2014,5998.0,Manual,24369,Petrol,125,51.4,1.4
 Corsa,2018,8898.0,Manual,12238,Petrol,145,55.4,1.4
 Corsa,2016,6998.0,Manual,29186,Petrol,30,54.3,1.4
 Corsa,2013,3850.0,Manual,49000,Petrol,30,55.4,1.0
 Corsa,2017,8298.0,Manual,13202,Petrol,30,55.4,1.4
 Corsa,2015,6498.0,Manual,38130,Petrol,30,55.4,1.4
 Corsa,2013,4998.0,Manual,41955,Petrol,125,51.4,1.4
 Corsa,2015,6241.0,Manual,43173,Diesel,0,76.3,1.3
 Corsa,2014,5498.0,Manual,34125,Petrol,125,51.4,1.4
 Corsa,2016,7998.0,Manual,29650,Petrol,30,55.4,1.4
 Corsa,2017,10498.0,Automatic,17365,Petrol,145,47.9,1.4
 Corsa,2017,11298.0,Automatic,3326,Petrol,145,47.9,1.4
 Corsa,2017,7998.0,Manual,16424,Petrol,30,55.4,1.4
 Corsa,2015,5998.0,Manual,10853,Petrol,30,55.4,1.4
 Corsa,2016,7290.0,Manual,16100,Petrol,30,54.3,1.4
 Corsa,2018,7995.0,Manual,13149,Petrol,150,54.3,1.4
 Corsa,2013,4698.0,Manual,40395,Petrol,125,51.4,1.2
 Corsa,2016,7598.0,Manual,33723,Petrol,30,55.4,1.4
 Corsa,2017,7998.0,Manual,12649,Petrol,145,55.4,1.4
 Corsa,2015,7298.0,Manual,46963,Petrol,30,55.4,1.4
 Corsa,2020,16998.0,Manual,19,Petrol,145,52.3,1.2
 Corsa,2019,9995.0,Manual,16937,Petrol,145,43.5,1.4
 Corsa,2017,8995.0,Manual,7075,Petrol,145,57.7,1.0
 Corsa,2018,7990.0,Manual,5000,Petrol,145,43.5,1.4
 Corsa,2014,4690.0,Manual,49630,Petrol,125,51.4,1.4
 Corsa,2016,7495.0,Manual,30464,Petrol,30,55.4,1.4
 Corsa,2016,7495.0,Manual,30491,Petrol,30,55.4,1.4
 Corsa,2016,6995.0,Manual,23152,Petrol,30,55.4,1.4
 Corsa,2013,3495.0,Manual,63414,Petrol,30,55.4,1.0
 Corsa,2019,9995.0,Manual,10,Petrol,145,43.5,1.4
 Corsa,2015,5995.0,Manual,50695,Petrol,125,52.3,1.2
 Corsa,2015,5850.0,Manual,30955,Petrol,125,53.3,1.2
 Corsa,2018,9450.0,Manual,17017,Petrol,150,54.3,1.4
 Corsa,2017,9845.0,Automatic,7420,Petrol,145,47.9,1.4
 Corsa,2016,6995.0,Manual,31168,Petrol,30,55.4,1.4
 Corsa,2016,6995.0,Manual,28000,Petrol,30,54.3,1.4
 Corsa,2016,6495.0,Manual,21295,Petrol,30,55.4,1.4
 Corsa,2018,15660.0,Manual,7564,Petrol,145,43.5,1.4
 Corsa,2018,8495.0,Manual,5400,Petrol,145,43.5,1.4
 Corsa,2018,15225.0,Manual,12670,Petrol,145,43.5,1.4
 Corsa,2019,9495.0,Manual,4500,Petrol,145,43.5,1.4
 Corsa,2019,9990.0,Manual,10,Petrol,150,43.5,1.4
 Corsa,2016,9795.0,Manual,18298,Petrol,235,37.7,1.6
 Corsa,2018,7795.0,Manual,16302,Petrol,145,55.4,1.4
 Corsa,2019,9495.0,Manual,14712,Petrol,145,43.5,1.4
 Corsa,2017,6985.0,Manual,13306,Petrol,145,55.4,1.4
 Corsa,2017,7495.0,Manual,19271,Petrol,30,55.4,1.4
 Corsa,2018,7295.0,Manual,6462,Petrol,145,55.4,1.4
 Corsa,2018,9495.0,Manual,6000,Petrol,145,43.5,1.4
 Corsa,2019,9989.0,Manual,10,Petrol,145,43.5,1.4
 Corsa,2019,9250.0,Manual,2500,Petrol,145,43.5,1.4
 Corsa,2019,9995.0,Manual,14524,Petrol,145,43.5,1.4
 Corsa,2013,4495.0,Manual,44920,Petrol,125,51.4,1.2
 Corsa,2015,5995.0,Manual,54083,Petrol,125,54.3,1.4
 Corsa,2015,6295.0,Manual,12652,Petrol,125,53.3,1.2
 Corsa,2015,5495.0,Manual,45416,Petrol,30,55.4,1.4
 Corsa,2017,6395.0,Manual,40319,Petrol,30,54.3,1.4
 Corsa,2016,6295.0,Manual,23248,Petrol,30,55.4,1.4
 Corsa,2015,6290.0,Manual,17826,Petrol,30,55.4,1.4
 Corsa,2019,9295.0,Manual,12,Petrol,150,43.5,1.4
 Corsa,2019,13695.0,Manual,679,Petrol,150,53.3,1.2
 Corsa,2019,9495.0,Manual,9455,Petrol,150,43.5,1.4
 Corsa,2018,7930.0,Manual,13051,Petrol,145,55.4,1.4
 Corsa,2019,10498.0,Manual,8208,Petrol,145,43.5,1.4
 Corsa,2019,10498.0,Manual,10880,Petrol,145,43.5,1.4
 Corsa,2018,9995.0,Manual,9840,Petrol,145,43.5,1.4
 Corsa,2013,4950.0,Manual,52838,Petrol,125,51.4,1.2
 Corsa,2017,7500.0,Manual,20389,Petrol,145,55.4,1.4
 Corsa,2017,7500.0,Manual,21247,Petrol,30,55.4,1.4
 Corsa,2017,6999.0,Manual,12701,Petrol,150,55.4,1.4
 Corsa,2014,5495.0,Manual,59095,Petrol,125,51.4,1.2
 Corsa,2017,7995.0,Manual,29000,Petrol,145,55.4,1.4
 Corsa,2015,6999.0,Manual,20045,Petrol,30,55.4,1.4
 Corsa,2018,7999.0,Manual,19654,Petrol,145,55.4,1.4
 Corsa,2017,8499.0,Manual,9978,Petrol,145,55.4,1.4
 Corsa,2017,9999.0,Manual,8633,Petrol,145,49.6,1.4
 Corsa,2018,7999.0,Manual,14948,Petrol,145,55.4,1.4
 Corsa,2018,8495.0,Manual,16000,Petrol,145,55.4,1.4
 Corsa,2019,10990.0,Manual,1152,Petrol,145,43.5,1.4
 Corsa,2019,9950.0,Manual,25,Petrol,150,43.5,1.4
 Corsa,2019,8995.0,Manual,10,Petrol,145,43.5,1.4
 Corsa,2017,7795.0,Manual,30000,Petrol,145,55.4,1.4
 Corsa,2018,7350.0,Manual,34044,Petrol,145,55.4,1.4
 Corsa,2019,10990.0,Manual,1254,Petrol,145,43.5,1.4
 Corsa,2017,7095.0,Manual,14580,Petrol,145,55.4,1.4
 Corsa,2014,4621.0,Manual,46599,Petrol,125,51.4,1.2
 Corsa,2017,7950.0,Manual,14295,Petrol,145,55.4,1.4
 Corsa,2013,5090.0,Manual,40200,Petrol,125,51.4,1.4
 Corsa,2014,5804.0,Manual,13945,Petrol,125,51.4,1.2
 Corsa,2015,5495.0,Manual,52000,Petrol,125,54.3,1.4
 Corsa,2014,4575.0,Manual,69196,Petrol,125,51.4,1.4
 Corsa,2015,5499.0,Manual,35744,Petrol,30,55.4,1.4
 Corsa,2016,6290.0,Manual,41146,Petrol,30,55.4,1.4
 Corsa,2017,6390.0,Manual,16881,Petrol,30,55.4,1.4
 Corsa,2017,7160.0,Manual,26135,Petrol,30,55.4,1.4
 Corsa,2015,6490.0,Manual,29500,Petrol,125,52.3,1.2
 Corsa,2015,6790.0,Manual,24218,Petrol,125,53.3,1.2
 Corsa,2019,10490.0,Manual,1512,Petrol,145,43.5,1.4
 Corsa,2017,7690.0,Manual,10758,Petrol,30,55.4,1.4
 Corsa,2016,7290.0,Manual,19613,Petrol,30,55.4,1.4
 Corsa,2016,7290.0,Manual,30515,Petrol,30,55.4,1.4
 Corsa,2017,7470.0,Manual,33500,Petrol,30,55.4,1.4
 Corsa,2019,10990.0,Manual,1210,Petrol,145,43.5,1.4
 Corsa,2019,9990.0,Manual,100,Petrol,145,43.5,1.4
 Corsa,2014,5250.0,Manual,43998,Petrol,125,51.4,1.4
 Corsa,2017,8200.0,Manual,14128,Petrol,145,55.4,1.4
 Corsa,2014,5490.0,Manual,31090,Petrol,125,53.3,1.2
 Corsa,2016,5990.0,Manual,45977,Petrol,30,55.4,1.4
 Corsa,2017,7490.0,Manual,7184,Petrol,145,55.4,1.4
 Corsa,2016,7900.0,Manual,29280,Petrol,30,57.6,1.0
 Corsa,2017,6790.0,Manual,39485,Petrol,30,55.4,1.4
 Corsa,2015,7834.0,Manual,11224,Petrol,30,55.4,1.4
 Corsa,2016,6990.0,Manual,23736,Petrol,30,55.4,1.4
 Corsa,2017,7860.0,Manual,16747,Petrol,30,55.4,1.4
 Corsa,2017,10498.0,Automatic,11486,Petrol,145,47.9,1.4
 Corsa,2014,4630.0,Manual,40696,Petrol,30,55.4,1.0
 Corsa,2014,3990.0,Manual,70128,Petrol,125,51.4,1.2
 Corsa,2016,7750.0,Manual,13023,Petrol,30,55.4,1.4
 Corsa,2017,7680.0,Manual,28033,Petrol,30,55.4,1.4
 Corsa,2017,8498.0,Manual,14038,Petrol,150,55.4,1.4
 Corsa,2016,7498.0,Manual,31002,Petrol,30,54.3,1.4
 Corsa,2017,7680.0,Manual,16673,Petrol,30,55.4,1.4
 Corsa,2015,7470.0,Manual,29351,Petrol,125,54.3,1.4
 Corsa,2017,7198.0,Manual,18805,Petrol,30,55.4,1.4
 Corsa,2015,4695.0,Manual,54361,Petrol,125,53.3,1.2
 Corsa,2017,6490.0,Manual,28096,Petrol,30,55.4,1.4
 Corsa,2017,6490.0,Manual,29066,Petrol,145,55.4,1.4
 Corsa,2017,6990.0,Manual,15958,Petrol,30,55.4,1.4
 Corsa,2016,6385.0,Manual,13430,Petrol,30,55.4,1.4
 Corsa,2017,6195.0,Manual,59030,Petrol,145,54.3,1.4
 Corsa,2017,7640.0,Manual,22208,Petrol,145,55.4,1.4
 Corsa,2014,6895.0,Manual,14634,Petrol,125,51.4,1.2
 Corsa,2016,8450.0,Manual,15375,Petrol,30,55.4,1.4
 Corsa,2018,7971.0,Manual,10519,Petrol,150,55.4,1.4
 Corsa,2017,7971.0,Manual,22088,Petrol,150,55.4,1.4
 Corsa,2016,6360.0,Manual,33269,Petrol,30,55.4,1.4
 Corsa,2013,4999.0,Manual,51972,Petrol,125,51.4,1.2
 Corsa,2017,7690.0,Manual,26033,Petrol,145,55.4,1.4
 Corsa,2017,7940.0,Manual,11446,Petrol,30,55.4,1.4
 Corsa,2016,6450.0,Manual,43170,Petrol,30,55.4,1.4
 Corsa,2013,4440.0,Manual,36429,Petrol,30,55.4,1.0
 Corsa,2016,6899.0,Manual,32737,Petrol,30,55.4,1.4
 Corsa,2020,17823.0,Manual,366,Petrol,150,52.3,1.2
 Corsa,2015,6830.0,Manual,31445,Petrol,125,54.3,1.4
 Corsa,2019,9471.0,Manual,7736,Petrol,145,43.5,1.4
 Corsa,2014,4499.0,Manual,50500,Petrol,125,51.4,1.2
 Corsa,2019,8650.0,Manual,3521,Petrol,145,43.5,1.4
 Corsa,2019,8810.0,Manual,7822,Petrol,145,43.5,1.4
 Corsa,2016,5810.0,Manual,28223,Petrol,30,55.4,1.4
 Corsa,2017,7720.0,Manual,21121,Petrol,30,55.4,1.4
 Corsa,2019,11157.0,Manual,100,Petrol,145,43.5,1.4
 Corsa,2016,8471.0,Manual,33865,Petrol,30,55.4,1.4
 Corsa,2017,7525.0,Manual,21115,Petrol,145,55.4,1.4
 Corsa,2019,9471.0,Manual,9260,Petrol,145,43.5,1.4
 Corsa,2019,9471.0,Manual,9765,Petrol,145,43.5,1.4
 Corsa,2019,9471.0,Manual,9944,Petrol,145,43.5,1.4
 Corsa,2019,9471.0,Manual,7567,Petrol,145,43.5,1.4
 Corsa,2016,7471.0,Manual,18237,Petrol,30,55.4,1.4
 Corsa,2017,8471.0,Manual,19759,Petrol,30,54.3,1.4
 Corsa,2017,7971.0,Manual,33065,Petrol,30,54.3,1.4
 Corsa,2016,7471.0,Manual,23374,Petrol,30,55.4,1.4
 Corsa,2013,5471.0,Manual,65000,Petrol,125,51.4,1.2
 Corsa,2015,7471.0,Manual,27797,Petrol,30,55.4,1.4
 Corsa,2017,7771.0,Manual,14516,Petrol,150,55.4,1.4
 Corsa,2018,10471.0,Manual,16397,Petrol,150,49.6,1.4
 Corsa,2013,5471.0,Manual,32951,Petrol,30,55.4,1.0
 Corsa,2019,11102.0,Manual,2462,Petrol,150,43.5,1.4
 Corsa,2017,9091.0,Manual,12288,Petrol,145,54.3,1.4
 Corsa,2019,10490.0,Manual,100,Petrol,145,43.5,1.4
 Corsa,2016,5790.0,Manual,35367,Petrol,125,53.3,1.2
 Corsa,2017,6890.0,Manual,35812,Petrol,30,55.4,1.4
 Corsa,2016,6390.0,Manual,33885,Petrol,30,55.4,1.4
 Corsa,2017,10498.0,Automatic,4753,Petrol,145,47.9,1.4
 Corsa,2015,7298.0,Manual,28059,Petrol,125,54.3,1.4
 Corsa,2019,8500.0,Manual,5803,Petrol,145,43.5,1.4
 Corsa,2019,8460.0,Manual,7007,Petrol,145,43.5,1.4
 Corsa,2019,8510.0,Manual,5426,Petrol,145,43.5,1.4
 Corsa,2017,8200.0,Manual,13045,Petrol,145,55.4,1.4
 Corsa,2016,6680.0,Manual,29256,Petrol,30,55.4,1.4
 Corsa,2016,6000.0,Manual,71999,Diesel,0,88.3,1.3
 Corsa,2016,6740.0,Manual,38927,Petrol,30,55.4,1.4
 Corsa,2017,7230.0,Manual,28075,Petrol,145,55.4,1.4
 Corsa,2018,7590.0,Manual,16002,Petrol,145,55.4,1.4
 Corsa,2020,16990.0,Manual,1010,Petrol,145,52.3,1.2
 Corsa,2018,8160.0,Manual,17202,Petrol,145,55.4,1.4
 Corsa,2016,6740.0,Manual,44477,Petrol,30,55.4,1.4
 Corsa,2019,9990.0,Manual,1998,Petrol,145,43.5,1.4
 Corsa,2019,9990.0,Manual,1860,Petrol,145,43.5,1.4
 Corsa,2019,9490.0,Manual,2378,Petrol,145,43.5,1.4
 Corsa,2019,8471.0,Manual,5438,Petrol,150,43.5,1.4
 Corsa,2018,7998.0,Manual,9109,Petrol,145,43.5,1.4
 Corsa,2018,8471.0,Manual,6690,Petrol,145,55.4,1.4
 Corsa,2017,7999.0,Manual,14502,Petrol,150,55.4,1.4
 Corsa,2017,7700.0,Manual,16119,Petrol,30,55.4,1.4
 Corsa,2015,7000.0,Manual,31000,Petrol,30,55.4,1.4
 Corsa,2017,6790.0,Manual,21845,Petrol,150,55.4,1.4
 Corsa,2018,8250.0,Manual,18610,Petrol,150,55.4,1.4
 Corsa,2014,4508.0,Manual,52516,Petrol,30,55.4,1.0
 Corsa,2018,8495.0,Manual,13290,Petrol,145,54.3,1.4
 Corsa,2017,10500.0,Automatic,13000,Petrol,145,47.9,1.4
 Corsa,2018,7990.0,Manual,11367,Petrol,145,43.5,1.4
 Corsa,2019,8499.0,Manual,9621,Petrol,145,43.5,1.4
 Corsa,2015,6541.0,Manual,7000,Petrol,125,53.3,1.2
 Corsa,2019,10998.0,Manual,5594,Petrol,145,44.8,1.4
 Corsa,2019,9890.0,Manual,4792,Petrol,150,43.5,1.4
 Corsa,2017,7409.0,Manual,14510,Petrol,30,55.4,1.4
 Corsa,2018,7999.0,Manual,4170,Petrol,145,55.4,1.4
 Corsa,2019,8799.0,Manual,9436,Petrol,145,43.5,1.4
 Corsa,2019,8299.0,Manual,12341,Petrol,145,43.5,1.4
 Corsa,2019,12499.0,Manual,2941,Petrol,145,44.8,1.4
 Corsa,2017,7595.0,Manual,26000,Petrol,30,55.4,1.4
 Corsa,2017,7290.0,Manual,23900,Petrol,145,54.3,1.4
 Corsa,2019,10699.0,Manual,2938,Petrol,145,44.8,1.4
 Corsa,2015,6929.0,Manual,11362,Petrol,125,52.3,1.2
 Corsa,2016,6399.0,Manual,33957,Petrol,30,55.4,1.4
 Corsa,2017,7999.0,Manual,12213,Petrol,145,55.4,1.4
 Corsa,2017,7304.0,Manual,35776,Petrol,30,55.4,1.4
 Corsa,2019,10699.0,Manual,3478,Petrol,145,44.8,1.4
 Corsa,2019,9699.0,Manual,4656,Petrol,145,43.5,1.4
 Corsa,2019,10699.0,Manual,3772,Petrol,145,44.8,1.4
 Corsa,2016,7999.0,Manual,21552,Petrol,30,54.3,1.4
 Corsa,2019,9999.0,Manual,12233,Petrol,145,43.5,1.4
 Corsa,2017,6999.0,Manual,12716,Petrol,150,55.4,1.4
 Corsa,2019,9999.0,Manual,9649,Petrol,145,43.5,1.4
 Corsa,2016,10499.0,Automatic,13637,Petrol,145,47.9,1.4
 Corsa,2018,7999.0,Manual,5303,Petrol,145,55.4,1.4
 Corsa,2015,5741.0,Manual,41197,Petrol,125,53.3,1.2
 Corsa,2017,8750.0,Manual,17384,Petrol,30,55.4,1.4
 Corsa,2018,7890.0,Manual,14000,Petrol,145,55.4,1.4
 Corsa,2014,5480.0,Manual,48178,Petrol,125,51.4,1.4
 Corsa,2014,5980.0,Manual,32700,Petrol,125,51.4,1.2
 Corsa,2016,5700.0,Manual,27573,Petrol,30,55.4,1.4
 Corsa,2019,8295.0,Manual,5551,Petrol,145,43.5,1.4
 Corsa,2019,8295.0,Manual,9789,Petrol,145,43.5,1.4
 Corsa,2019,8295.0,Manual,6369,Petrol,145,43.5,1.4
 Corsa,2019,8295.0,Manual,7396,Petrol,145,43.5,1.4
 Corsa,2019,8295.0,Manual,11180,Petrol,145,43.5,1.4
 Corsa,2018,8499.0,Manual,18259,Petrol,145,43.5,1.4
 Corsa,2017,6491.0,Manual,37601,Petrol,30,55.4,1.4
 Corsa,2016,7291.0,Manual,29915,Petrol,30,55.4,1.4
 Corsa,2014,5499.0,Manual,44414,Petrol,125,51.4,1.2
 Corsa,2019,10490.0,Manual,214,Petrol,145,43.5,1.4
 Corsa,2019,10990.0,Manual,865,Petrol,145,43.5,1.4
 Corsa,2019,10990.0,Manual,318,Petrol,145,43.5,1.4
 Corsa,2016,7230.0,Manual,35399,Petrol,125,54.3,1.4
 Corsa,2016,7190.0,Manual,18945,Petrol,30,54.3,1.4
 Corsa,2016,7491.0,Manual,28390,Petrol,30,55.4,1.4
 Corsa,2015,6890.0,Manual,28944,Petrol,30,55.4,1.4
 Corsa,2017,7850.0,Manual,32898,Petrol,145,54.3,1.4
 Corsa,2019,10657.0,Manual,974,Petrol,145,43.5,1.4
 Corsa,2019,10998.0,Manual,11555,Petrol,150,44.8,1.4
 Corsa,2019,10998.0,Manual,6519,Petrol,145,44.8,1.4
 Corsa,2017,6995.0,Manual,15000,Petrol,145,55.4,1.4
 Corsa,2018,8999.0,Manual,12272,Petrol,145,55.4,1.4
 Corsa,2015,7390.0,Manual,32746,Petrol,30,55.4,1.4
 Corsa,2016,7520.0,Manual,12321,Petrol,30,55.4,1.4
 Corsa,2016,7600.0,Manual,15811,Petrol,125,54.3,1.4
 Corsa,2017,7291.0,Manual,37772,Petrol,145,55.4,1.4
 Corsa,2018,9495.0,Manual,3493,Petrol,145,57.7,1.0
 Corsa,2018,9999.0,Automatic,13000,Petrol,145,39.8,1.4
 Corsa,2018,9999.0,Automatic,10734,Petrol,145,39.8,1.4
 Corsa,2019,10990.0,Manual,435,Petrol,145,43.5,1.4
 Corsa,2016,6990.0,Manual,52744,Diesel,0,83.1,1.3
 Corsa,2019,8046.0,Manual,6089,Petrol,145,43.5,1.4
 Corsa,2014,4121.0,Manual,77205,Petrol,125,51.4,1.4
 Corsa,2018,8991.0,Manual,13939,Petrol,150,43.5,1.4
 Corsa,2019,10990.0,Manual,579,Petrol,145,43.5,1.4
 Corsa,2017,7741.0,Manual,30272,Petrol,145,55.4,1.4
 Corsa,2018,10295.0,Automatic,10965,Petrol,145,39.8,1.4
 Corsa,2018,10499.0,Automatic,7765,Petrol,145,39.8,1.4
 Corsa,2016,6499.0,Manual,30384,Petrol,30,55.4,1.4
 Corsa,2019,9995.0,Manual,4655,Petrol,145,43.5,1.4
 Corsa,2019,8999.0,Manual,3273,Petrol,145,43.5,1.4
 Corsa,2017,7162.0,Manual,12764,Petrol,30,55.4,1.4
 Corsa,2017,7999.0,Manual,38700,Petrol,150,55.4,1.4
 Corsa,2016,7999.0,Manual,22373,Petrol,30,54.3,1.4
 Corsa,2017,7500.0,Manual,9832,Petrol,150,55.4,1.4
 Corsa,2018,9888.0,Automatic,5189,Petrol,150,39.8,1.4
 Corsa,2018,9690.0,Manual,8300,Petrol,145,43.5,1.4
 Corsa,2018,9499.0,Automatic,16350,Petrol,145,39.8,1.4
 Corsa,2017,7569.0,Manual,13460,Petrol,30,55.4,1.4
 Corsa,2016,6571.0,Manual,38255,Petrol,30,55.4,1.4
 Corsa,2018,9457.0,Automatic,2598,Petrol,145,39.8,1.4
 Corsa,2017,7500.0,Manual,18636,Petrol,30,55.4,1.4
 Corsa,2014,4965.0,Manual,65000,Petrol,125,51.4,1.2
 Corsa,2016,6465.0,Manual,44189,Petrol,30,55.4,1.4
 Corsa,2017,7999.0,Manual,19149,Petrol,145,55.4,1.4
 Corsa,2017,8136.0,Manual,12547,Petrol,145,55.4,1.4
 Corsa,2017,7295.0,Manual,26423,Petrol,30,55.4,1.4
 Corsa,2016,7793.0,Manual,18309,Petrol,30,55.4,1.4
 Corsa,2014,4070.0,Manual,53470,Diesel,30,67.3,1.3
 Corsa,2020,17498.0,Manual,10,Petrol,145,52.3,1.2
 Corsa,2020,16498.0,Manual,10,Petrol,145,52.3,1.2
 Corsa,2019,10300.0,Manual,9902,Petrol,150,43.5,1.4
 Corsa,2019,10371.0,Manual,7092,Petrol,150,43.5,1.4
 Corsa,2019,9199.0,Manual,9926,Petrol,145,43.5,1.4
 Corsa,2018,8600.0,Manual,15894,Petrol,145,43.5,1.4
 Corsa,2017,10800.0,Automatic,5297,Petrol,145,47.9,1.4
 Corsa,2019,8900.0,Manual,22831,Petrol,150,43.5,1.4
 Corsa,2017,8750.0,Manual,6250,Petrol,150,55.4,1.4
 Corsa,2017,8282.0,Manual,28989,Petrol,145,55.4,1.4
 Corsa,2016,7992.0,Manual,22579,Petrol,30,54.3,1.4
 Corsa,2019,9900.0,Manual,3363,Petrol,150,43.5,1.4
 Corsa,2019,9900.0,Manual,1970,Petrol,150,43.5,1.4
 Corsa,2019,9900.0,Manual,2217,Petrol,150,43.5,1.4
 Corsa,2016,5998.0,Manual,17682,Petrol,30,55.4,1.4
 Corsa,2016,6998.0,Manual,20601,Petrol,30,55.4,1.4
 Corsa,2018,9499.0,Automatic,17647,Petrol,145,47.9,1.4
 Corsa,2016,7287.0,Manual,33599,Petrol,30,55.4,1.4
 Corsa,2016,7000.0,Manual,35642,Petrol,30,55.4,1.4
 Corsa,2013,4499.0,Manual,69460,Petrol,125,51.4,1.2
 Corsa,2016,7999.0,Manual,41802,Petrol,30,54.3,1.4
 Corsa,2016,6699.0,Manual,16094,Petrol,30,55.4,1.4
 Corsa,2019,10495.0,Automatic,8125,Petrol,150,39.8,1.4
 Corsa,2016,9090.0,Automatic,22581,Petrol,145,47.9,1.4
 Corsa,2016,6700.0,Manual,30898,Petrol,30,55.4,1.4
 Corsa,2019,10998.0,Manual,6736,Petrol,145,44.8,1.4
 Corsa,2019,10698.0,Manual,9754,Petrol,145,44.8,1.4
 Corsa,2019,10998.0,Manual,9401,Petrol,150,44.8,1.4
 Corsa,2019,12991.0,Manual,3755,Petrol,145,43.5,1.4
 Corsa,2019,10998.0,Manual,8913,Petrol,150,44.8,1.4
 Corsa,2017,6890.0,Manual,24238,Petrol,145,55.4,1.4
 Corsa,2015,5998.0,Manual,49208,Petrol,125,51.4,1.2
 Corsa,2016,7446.0,Manual,18774,Petrol,125,53.3,1.2
 Corsa,2015,6530.0,Manual,46834,Petrol,30,55.4,1.4
 Corsa,2017,7350.0,Manual,35230,Petrol,30,54.3,1.4
 Corsa,2016,6298.0,Manual,56998,Petrol,30,55.4,1.4
 Corsa,2016,7955.0,Manual,47148,Petrol,30,54.3,1.4
 Corsa,2017,7998.0,Manual,22587,Petrol,30,54.3,1.4
 Corsa,2016,9000.0,Manual,42839,Petrol,30,55.4,1.4
 Corsa,2017,8500.0,Manual,27944,Petrol,145,55.4,1.4
 Corsa,2017,9455.0,Manual,28414,Petrol,125,54.3,1.4
 Corsa,2018,8695.0,Manual,18872,Petrol,145,43.5,1.4
 Corsa,2019,10698.0,Manual,9118,Petrol,150,44.8,1.4
 Corsa,2015,6495.0,Manual,45175,Petrol,30,55.4,1.4
 Corsa,2017,8495.0,Manual,19843,Petrol,150,55.4,1.4
 Corsa,2017,8500.0,Manual,27578,Petrol,150,55.4,1.4
 Corsa,2019,9998.0,Manual,15294,Petrol,150,43.5,1.4
 Corsa,2019,8995.0,Manual,4508,Petrol,145,43.5,1.4
 Corsa,2018,10495.0,Automatic,8496,Petrol,145,39.8,1.4
 Corsa,2019,9995.0,Manual,10,Petrol,145,56.5,1.0
 Corsa,2015,5210.0,Manual,36977,Petrol,125,53.3,1.2
 Corsa,2016,7020.0,Manual,32346,Petrol,30,54.3,1.4
 Corsa,2017,8171.0,Manual,21164,Petrol,30,54.3,1.4
 Corsa,2016,5695.0,Manual,34000,Petrol,30,55.4,1.4
 Corsa,2017,7899.0,Manual,11309,Petrol,150,55.4,1.4
 Corsa,2016,7998.0,Manual,20852,Petrol,30,55.4,1.4
 Corsa,2016,10898.0,Automatic,1423,Petrol,145,47.9,1.4
 Corsa,2015,7211.0,Manual,28952,Petrol,30,55.4,1.4
 Corsa,2017,8391.0,Manual,19565,Petrol,30,57.7,1.0
 Corsa,2017,6600.0,Manual,46210,Petrol,30,55.4,1.4
 Corsa,2016,7140.0,Manual,36276,Petrol,30,54.3,1.4
 Corsa,2019,10590.0,Manual,662,Petrol,145,43.5,1.4
 Corsa,2017,7902.0,Manual,22374,Petrol,30,55.4,1.4
 Corsa,2015,5749.0,Manual,37300,Petrol,125,53.3,1.2
 Corsa,2014,4981.0,Manual,59499,Petrol,125,51.4,1.4
 Corsa,2015,4880.0,Manual,51976,Petrol,125,52.3,1.2
 Corsa,2019,10590.0,Manual,2007,Petrol,145,44.8,1.4
 Corsa,2018,9481.0,Manual,15278,Petrol,150,49.6,1.4
 Corsa,2016,5391.0,Manual,29870,Petrol,125,53.3,1.2
 Corsa,2019,10790.0,Manual,388,Petrol,145,43.5,1.4
 Corsa,2016,5591.0,Manual,57658,Diesel,0,76.3,1.3
 Corsa,2016,7591.0,Manual,14788,Petrol,30,55.4,1.4
 Corsa,2016,6795.0,Manual,34588,Petrol,30,55.4,1.4
 Corsa,2015,6498.0,Manual,44115,Petrol,125,54.3,1.4
 Corsa,2017,10298.0,Manual,719,Petrol,150,55.4,1.4
 Corsa,2018,8514.0,Manual,14470,Petrol,150,55.4,1.4
 Corsa,2020,13490.0,Manual,1787,Petrol,150,53.3,1.2
 Corsa,2013,4841.0,Manual,21898,Petrol,125,51.4,1.2
 Corsa,2015,6111.0,Manual,41939,Petrol,30,55.4,1.4
 Corsa,2016,7497.0,Manual,18128,Petrol,30,55.4,1.4
 Corsa,2016,7436.0,Manual,9250,Petrol,30,55.4,1.4
 Corsa,2018,7798.0,Manual,10254,Petrol,145,55.4,1.4
 Corsa,2016,7640.0,Manual,13045,Petrol,30,55.4,1.4
 Corsa,2015,8955.0,Manual,26967,Petrol,30,55.4,1.4
 Corsa,2017,6490.0,Manual,33049,Petrol,30,55.4,1.4
 Corsa,2016,7180.0,Manual,22330,Petrol,30,55.4,1.4
 Corsa,2019,10500.0,Manual,5683,Petrol,145,43.5,1.4
 Corsa,2015,7955.0,Manual,35187,Petrol,30,57.6,1.0
 Corsa,2017,7600.0,Manual,11665,Petrol,30,54.3,1.4
 Corsa,2017,7497.0,Manual,34395,Petrol,30,55.4,1.4
 Corsa,2017,6591.0,Manual,40526,Petrol,30,55.4,1.4
 Corsa,2016,5891.0,Manual,57256,Petrol,30,55.4,1.4
 Corsa,2018,8300.0,Manual,11242,Petrol,145,54.3,1.4
 Corsa,2014,5703.0,Manual,44217,Petrol,125,51.4,1.2
 Corsa,2015,6291.0,Manual,26147,Petrol,125,53.3,1.2
 Corsa,2017,7500.0,Manual,20640,Petrol,145,55.4,1.4
 Corsa,2017,7000.0,Manual,12545,Petrol,145,55.4,1.4
 Corsa,2015,6499.0,Manual,39043,Petrol,125,53.3,1.2
 Corsa,2016,5791.0,Manual,31435,Petrol,30,55.4,1.4
 Corsa,2019,10500.0,Manual,5,Petrol,145,43.5,1.4
 Corsa,2016,6700.0,Manual,37152,Petrol,30,55.4,1.4
 Corsa,2019,9990.0,Manual,1141,Petrol,145,43.5,1.4
 Corsa,2015,7395.0,Manual,24427,Petrol,30,55.4,1.4
 Corsa,2016,6491.0,Manual,15918,Petrol,30,55.4,1.4
 Corsa,2014,5890.0,Manual,39587,Petrol,125,51.4,1.2
 Corsa,2018,8600.0,Manual,9882,Petrol,150,55.4,1.4
 Corsa,2018,7400.0,Manual,8000,Petrol,150,55.4,1.4
 Corsa,2018,8500.0,Manual,12485,Petrol,150,55.4,1.4
 Corsa,2019,9990.0,Manual,1025,Petrol,145,43.5,1.4
 Corsa,2016,6800.0,Manual,23596,Petrol,30,55.4,1.4
 Corsa,2019,9990.0,Manual,1270,Petrol,145,43.5,1.4
 Corsa,2019,9990.0,Manual,1425,Petrol,145,43.5,1.4
 Corsa,2017,7500.0,Manual,27775,Petrol,30,55.4,1.4
 Corsa,2019,8730.0,Manual,9009,Petrol,145,43.5,1.4
 Corsa,2016,7249.0,Manual,13287,Petrol,30,55.4,1.4
 Corsa,2018,9491.0,Manual,8587,Petrol,150,43.5,1.4
 Corsa,2016,5991.0,Manual,33258,Petrol,30,55.4,1.4
 Corsa,2018,7291.0,Manual,17921,Petrol,150,55.4,1.4
 Corsa,2018,6965.0,Manual,33125,Petrol,145,54.3,1.4
 Corsa,2018,10950.0,Automatic,3400,Petrol,150,39.8,1.4
 Corsa,2016,5750.0,Manual,53606,Petrol,30,55.4,1.4
 Corsa,2015,6300.0,Manual,32454,Petrol,125,54.3,1.4
 Corsa,2014,4965.0,Manual,32392,Petrol,125,51.4,1.2
 Corsa,2014,6222.0,Manual,31272,Petrol,125,51.4,1.2
 Corsa,2015,6249.0,Manual,19992,Petrol,125,52.3,1.2
 Corsa,2018,7750.0,Manual,11981,Petrol,145,55.4,1.4
 Corsa,2019,10498.0,Manual,4209,Petrol,150,43.5,1.4
 Corsa,2014,3720.0,Manual,86397,Petrol,125,51.4,1.4
 Corsa,2013,4930.0,Manual,50165,Petrol,125,51.4,1.2
 Corsa,2018,8999.0,Manual,22061,Petrol,145,43.5,1.4
 Corsa,2016,7199.0,Manual,13656,Petrol,30,55.4,1.4
 Corsa,2016,7436.0,Manual,21164,Petrol,30,55.4,1.4
 Corsa,2016,7100.0,Manual,24337,Petrol,30,54.3,1.4
 Corsa,2017,7500.0,Manual,13370,Petrol,150,55.4,1.4
 Corsa,2017,7199.0,Manual,34008,Petrol,145,55.4,1.4
 Corsa,2018,8599.0,Manual,6390,Petrol,145,43.5,1.4
 Corsa,2016,7140.0,Manual,25510,Petrol,125,54.3,1.4
 Corsa,2016,6195.0,Manual,41958,Petrol,30,55.4,1.4
 Corsa,2018,7800.0,Manual,24207,Petrol,150,55.4,1.4
 Corsa,2018,7799.0,Manual,16970,Petrol,145,55.4,1.4
 Corsa,2016,8199.0,Manual,23476,Petrol,30,54.4,1.4
 Corsa,2018,8599.0,Manual,8695,Petrol,150,43.5,1.4
 Corsa,2016,6899.0,Manual,14223,Petrol,30,55.4,1.4
 Corsa,2017,9699.0,Automatic,9782,Petrol,145,47.9,1.4
 Corsa,2018,8995.0,Manual,1695,Petrol,145,55.4,1.4
 Corsa,2016,7995.0,Manual,22814,Petrol,30,55.4,1.4
 Corsa,2017,7999.0,Manual,14170,Petrol,150,55.4,1.4
 Corsa,2016,7599.0,Manual,15983,Petrol,30,55.4,1.4
 Corsa,2018,9250.0,Manual,11708,Petrol,145,43.5,1.4
 Corsa,2018,8099.0,Manual,17267,Petrol,145,55.4,1.4
 Corsa,2019,8499.0,Manual,15684,Petrol,145,43.5,1.4
 Corsa,2018,9699.0,Automatic,9017,Petrol,145,39.8,1.4
 Corsa,2018,7699.0,Manual,14160,Petrol,145,55.4,1.4
 Corsa,2018,8199.0,Manual,18414,Petrol,145,43.5,1.4
 Corsa,2018,8499.0,Manual,7500,Petrol,145,55.4,1.4
 Corsa,2017,7499.0,Manual,13448,Petrol,145,55.4,1.4
 Corsa,2018,7699.0,Manual,25040,Petrol,145,55.4,1.4
 Corsa,2018,7899.0,Manual,27368,Petrol,150,55.4,1.4
 Corsa,2018,8499.0,Automatic,11741,Petrol,145,47.9,1.4
 Corsa,2017,7691.0,Manual,19106,Petrol,145,55.4,1.4
 Corsa,2016,6000.0,Manual,33000,Petrol,30,55.4,1.4
 Corsa,2019,10998.0,Manual,7092,Petrol,150,44.8,1.4
 Corsa,2016,5981.0,Manual,48080,Petrol,30,55.4,1.4
 Corsa,2016,7491.0,Manual,29000,Petrol,30,54.3,1.4
 Corsa,2016,7401.0,Manual,23000,Petrol,30,54.3,1.4
 Corsa,2016,6681.0,Manual,22023,Petrol,30,55.4,1.4
 Corsa,2017,7991.0,Manual,15913,Petrol,145,55.4,1.4
 Corsa,2017,7531.0,Manual,32491,Petrol,145,54.3,1.4
 Corsa,2015,6821.0,Manual,27593,Petrol,125,53.3,1.2
 Corsa,2017,6701.0,Manual,46286,Petrol,30,55.4,1.4
 Corsa,2019,9798.0,Manual,7134,Petrol,150,43.5,1.4
 Corsa,2013,4201.0,Manual,55000,Petrol,125,51.4,1.2
 Corsa,2015,7298.0,Manual,33263,Petrol,30,55.4,1.4
 Corsa,2019,10998.0,Manual,9608,Petrol,150,44.8,1.4
 Corsa,2019,9798.0,Manual,8361,Petrol,150,43.5,1.4
 Corsa,2018,7601.0,Manual,20001,Petrol,150,55.4,1.4
 Corsa,2016,6801.0,Manual,30224,Petrol,30,55.4,1.4
 Corsa,2019,9990.0,Manual,2125,Petrol,145,43.5,1.4
 Corsa,2016,7500.0,Manual,11405,Petrol,125,54.3,1.4
 Corsa,2016,7640.0,Manual,16162,Petrol,30,55.4,1.4
 Corsa,2018,7550.0,Manual,33417,Petrol,145,55.4,1.4
 Corsa,2017,7252.0,Manual,23390,Petrol,145,55.4,1.4
 Corsa,2015,6360.0,Manual,36706,Petrol,30,55.4,1.4
 Corsa,2014,4350.0,Manual,57450,Petrol,125,51.4,1.4
 Corsa,2015,6290.0,Manual,37500,Petrol,30,55.4,1.4
 Corsa,2014,5590.0,Manual,23995,Petrol,125,51.4,1.4
 Corsa,2019,9990.0,Manual,1821,Petrol,145,43.5,1.4
 Corsa,2016,7680.0,Manual,20700,Petrol,30,55.4,1.4
 Corsa,2013,4223.0,Manual,72005,Petrol,125,51.4,1.4
 Corsa,2019,9990.0,Manual,1877,Petrol,145,43.5,1.4
 Corsa,2019,9990.0,Manual,1806,Petrol,145,43.5,1.4
 Corsa,2016,6970.0,Manual,47934,Petrol,125,54.3,1.4
 Corsa,2019,9990.0,Manual,3181,Petrol,145,43.5,1.4
 Corsa,2019,9990.0,Manual,1861,Petrol,145,43.5,1.4
 Corsa,2016,6999.0,Manual,18000,Petrol,30,55.4,1.4
 Corsa,2016,6399.0,Manual,30000,Petrol,30,55.4,1.4
 Corsa,2019,10498.0,Manual,9221,Petrol,150,43.5,1.4
 Corsa,2019,10498.0,Manual,4401,Petrol,150,43.5,1.4
 Corsa,2016,6899.0,Manual,16000,Petrol,30,55.4,1.4
 Corsa,2017,7199.0,Manual,17002,Petrol,30,54.3,1.4
 Corsa,2017,7099.0,Manual,24650,Petrol,30,55.4,1.4
 Corsa,2017,7099.0,Manual,32000,Petrol,30,55.4,1.4
 Corsa,2017,7699.0,Manual,19000,Petrol,30,55.4,1.4
 Corsa,2018,9699.0,Manual,11267,Petrol,145,43.5,1.4
 Corsa,2017,8449.0,Manual,11695,Petrol,145,55.4,1.4
 Corsa,2017,7298.0,Manual,19622,Petrol,30,55.4,1.4
 Corsa,2016,8298.0,Manual,8609,Petrol,30,55.4,1.4
 Corsa,2019,9990.0,Manual,2116,Petrol,145,43.5,1.4
 Corsa,2018,8999.0,Manual,12232,Petrol,145,43.5,1.4
 Corsa,2016,6699.0,Manual,32000,Petrol,30,54.3,1.4
 Corsa,2017,7699.0,Manual,21023,Petrol,30,55.4,1.4
 Corsa,2016,7399.0,Manual,24049,Petrol,30,55.4,1.4
 Corsa,2018,7799.0,Manual,12388,Petrol,145,55.4,1.4
 Corsa,2019,9199.0,Manual,14569,Petrol,145,43.5,1.4
 Corsa,2014,4325.0,Manual,45739,Petrol,125,51.4,1.2
 Corsa,2019,9799.0,Manual,8558,Petrol,145,43.5,1.4
 Corsa,2019,10498.0,Automatic,4951,Petrol,150,39.8,1.4
 Corsa,2015,9798.0,Automatic,15894,Petrol,145,47.9,1.4
 Corsa,2019,9498.0,Manual,6550,Petrol,145,43.5,1.4
 Corsa,2018,9049.0,Manual,15000,Petrol,145,43.5,1.4
 Corsa,2018,8949.0,Manual,7685,Petrol,145,43.5,1.4
 Corsa,2018,8599.0,Manual,22937,Petrol,145,43.5,1.4
 Corsa,2017,7399.0,Manual,26000,Petrol,30,55.4,1.4
 Corsa,2018,8599.0,Manual,17335,Petrol,145,43.5,1.4
 Corsa,2019,8699.0,Manual,10777,Petrol,145,43.5,1.4
 Corsa,2020,17499.0,Manual,100,Petrol,145,52.3,1.2
 Corsa,2017,7399.0,Manual,18799,Petrol,145,55.4,1.4
 Corsa,2018,9799.0,Manual,4702,Petrol,145,43.5,1.4
 Corsa,2018,8499.0,Manual,21000,Petrol,145,55.4,1.4
 Corsa,2015,7699.0,Automatic,39000,Petrol,150,47.1,1.4
 Corsa,2019,8949.0,Manual,15218,Petrol,145,43.5,1.4
 Corsa,2019,8999.0,Manual,13518,Petrol,145,43.5,1.4
 Corsa,2016,7399.0,Manual,24400,Petrol,30,55.4,1.4
 Corsa,2018,10194.0,Manual,2732,Petrol,150,43.5,1.4
 Corsa,2016,6799.0,Manual,45000,Petrol,30,55.4,1.4
 Corsa,2017,7999.0,Manual,15336,Petrol,145,55.4,1.4
 Corsa,2016,8491.0,Semi-Auto,22810,Petrol,20,60.1,1.4
 Corsa,2016,7199.0,Manual,31270,Petrol,30,55.4,1.4
 Corsa,2016,7849.0,Manual,23667,Petrol,30,55.4,1.4
 Corsa,2018,7999.0,Manual,5305,Petrol,145,55.4,1.4
 Corsa,2015,7550.0,Manual,24450,Petrol,30,55.4,1.4
 Corsa,2018,7699.0,Manual,14936,Petrol,145,55.4,1.4
 Corsa,2018,7699.0,Manual,20623,Petrol,145,55.4,1.4
 Corsa,2016,7450.0,Manual,14096,Petrol,30,54.3,1.4
 Corsa,2014,6242.0,Manual,49168,Petrol,125,51.4,1.2
 Corsa,2016,7450.0,Manual,8617,Petrol,30,55.4,1.4
 Corsa,2016,7250.0,Manual,26398,Petrol,30,54.3,1.4
 Corsa,2015,5991.0,Manual,51045,Petrol,30,55.4,1.4
 Corsa,2016,8602.0,Manual,22840,Petrol,30,54.4,1.4
 Corsa,2015,5981.0,Manual,39000,Petrol,125,53.3,1.2
 Corsa,2018,8000.0,Manual,14867,Petrol,150,55.4,1.4
 Corsa,2015,6334.0,Manual,35050,Petrol,30,55.4,1.4
 Corsa,2017,7500.0,Manual,14000,Petrol,30,54.3,1.4
 Corsa,2018,7500.0,Manual,6836,Petrol,145,55.4,1.4
 Corsa,2019,10000.0,Manual,13,Petrol,150,43.5,1.4
 Corsa,2017,7991.0,Manual,17445,Petrol,150,55.4,1.4
 Corsa,2019,8890.0,Manual,5014,Petrol,145,43.5,1.4
 Corsa,2019,8625.0,Manual,7141,Petrol,145,43.5,1.4
 Corsa,2019,8870.0,Manual,5441,Petrol,145,43.5,1.4
 Corsa,2019,8750.0,Manual,8451,Petrol,145,43.5,1.4
 Corsa,2019,8650.0,Manual,8060,Petrol,145,43.5,1.4
 Corsa,2019,8700.0,Manual,7148,Petrol,145,43.5,1.4
 Corsa,2019,8750.0,Manual,4594,Petrol,145,43.5,1.4
 Corsa,2018,7250.0,Manual,14331,Petrol,145,55.4,1.4
 Corsa,2017,8000.0,Manual,32106,Petrol,145,55.4,1.4
 Corsa,2016,6750.0,Manual,29020,Petrol,30,55.4,1.4
 Corsa,2016,6271.0,Manual,50312,Petrol,30,55.4,1.4
 Corsa,2013,4498.0,Manual,40933,Petrol,125,51.4,1.4
 Corsa,2019,10498.0,Manual,9080,Petrol,150,43.5,1.4
 Corsa,2018,8495.0,Manual,7822,Petrol,150,55.4,1.4
 Corsa,2016,8060.0,Automatic,33938,Petrol,145,47.9,1.4
 Corsa,2017,6927.0,Manual,36637,Petrol,30,55.4,1.4
 Corsa,2018,7500.0,Manual,8248,Petrol,145,55.4,1.4
 Corsa,2018,7500.0,Manual,11863,Petrol,145,55.4,1.4
 Corsa,2018,8682.0,Manual,11543,Petrol,145,55.4,1.4
 Corsa,2017,6990.0,Manual,24586,Petrol,145,55.4,1.4
 Corsa,2016,8350.0,Manual,11753,Petrol,30,55.4,1.4
 Corsa,2015,6690.0,Manual,29121,Petrol,125,54.3,1.4
 Corsa,2013,4090.0,Manual,49524,Petrol,125,51.4,1.2
 Corsa,2013,4498.0,Manual,62626,Petrol,125,51.4,1.2
 Corsa,2018,9658.0,Manual,14700,Petrol,145,43.5,1.4
 Corsa,2016,6298.0,Manual,21287,Petrol,30,55.4,1.4
 Corsa,2017,11298.0,Automatic,4436,Petrol,145,47.1,1.4
 Corsa,2015,9998.0,Automatic,8266,Petrol,150,47.9,1.4
 Corsa,2017,6298.0,Manual,40407,Petrol,150,55.4,1.4
 Corsa,2016,8398.0,Manual,12815,Petrol,30,55.4,1.4
 Corsa,2018,8998.0,Manual,13308,Petrol,150,54.3,1.4
 Corsa,2015,5298.0,Manual,35400,Petrol,125,51.4,1.4
 Corsa,2017,7199.0,Manual,21149,Petrol,145,55.4,1.4
 Corsa,2019,12799.0,Automatic,3389,Petrol,150,39.8,1.4
 Corsa,2016,7199.0,Manual,31767,Petrol,30,55.4,1.4
 Corsa,2015,6999.0,Manual,38498,Petrol,30,55.4,1.4
 Corsa,2018,7999.0,Manual,10285,Petrol,150,55.4,1.4
 Corsa,2017,7499.0,Manual,10869,Petrol,30,55.4,1.4
 Corsa,2017,6999.0,Manual,22000,Petrol,30,55.4,1.4
 Corsa,2017,7099.0,Manual,19615,Petrol,150,55.4,1.4
 Corsa,2018,9991.0,Manual,12201,Petrol,150,55.4,1.4
 Corsa,2019,9991.0,Manual,13930,Petrol,145,43.5,1.4
 Corsa,2014,6199.0,Manual,29037,Petrol,125,51.4,1.2
 Corsa,2017,6799.0,Manual,32728,Petrol,30,55.4,1.4
 Corsa,2018,7999.0,Manual,8979,Petrol,145,55.4,1.4
 Corsa,2018,8499.0,Manual,14167,Petrol,145,43.5,1.4
 Corsa,2017,8499.0,Manual,6481,Petrol,145,55.4,1.4
 Corsa,2017,8399.0,Manual,12771,Petrol,145,55.4,1.4
 Corsa,2017,8399.0,Manual,9032,Petrol,145,55.4,1.4
 Corsa,2017,7299.0,Manual,17000,Petrol,145,55.4,1.4
 Corsa,2018,8499.0,Manual,15576,Petrol,145,43.5,1.4
 Corsa,2015,6490.0,Manual,27893,Petrol,30,55.4,1.4
 Corsa,2014,5099.0,Manual,44301,Petrol,125,51.4,1.4
 Corsa,2018,8299.0,Manual,10590,Petrol,150,43.5,1.4
 Corsa,2018,8499.0,Manual,14140,Petrol,150,43.5,1.4
 Corsa,2017,7199.0,Manual,27000,Petrol,145,55.4,1.4
 Corsa,2017,8260.0,Manual,8625,Petrol,30,55.4,1.4
 Corsa,2018,7820.0,Manual,13120,Petrol,145,55.4,1.4
 Corsa,2019,9990.0,Manual,1658,Petrol,145,43.5,1.4
 Corsa,2016,6995.0,Manual,26441,Petrol,30,55.4,1.4
 Corsa,2016,10395.0,Manual,24995,Petrol,240,37.7,1.6
 Corsa,2017,7870.0,Manual,20526,Petrol,145,55.4,1.4
 Corsa,2019,10130.0,Manual,13242,Petrol,145,43.5,1.4
 Corsa,2019,8499.0,Manual,16628,Petrol,145,43.5,1.4
 Corsa,2017,8552.0,Manual,18783,Petrol,145,55.4,1.4
 Corsa,2017,7225.0,Manual,21673,Petrol,145,55.4,1.4
 Corsa,2015,7680.0,Manual,23259,Petrol,125,53.3,1.4
 Corsa,2015,7140.0,Manual,29188,Petrol,125,54.3,1.4
 Corsa,2019,9991.0,Manual,1895,Petrol,145,43.5,1.4
 Corsa,2016,8991.0,Automatic,21089,Petrol,145,47.9,1.4
 Corsa,2019,10995.0,Manual,5000,Petrol,145,44.8,1.4
 Corsa,2013,7850.0,Manual,35456,Petrol,260,37.2,1.6
 Corsa,2017,7498.0,Manual,21475,Petrol,145,55.4,1.4
 Corsa,2015,7695.0,Manual,24536,Petrol,125,54.3,1.4
 Corsa,2015,6698.0,Manual,28312,Petrol,30,55.4,1.4
 Corsa,2016,6698.0,Manual,35619,Petrol,30,55.4,1.4
 Corsa,2013,3998.0,Manual,58350,Petrol,125,51.4,1.2
 Corsa,2018,9250.0,Manual,7366,Petrol,145,43.5,1.4
 Corsa,2018,10670.0,Automatic,16391,Petrol,145,47.1,1.4
 Corsa,2013,4698.0,Manual,36152,Petrol,125,51.4,1.4
 Corsa,2016,5650.0,Manual,28868,Petrol,30,55.4,1.4
 Corsa,2014,4500.0,Manual,22483,Petrol,30,55.4,1.0
 Corsa,2016,6995.0,Manual,37262,Petrol,30,55.4,1.4
 Corsa,2016,6480.0,Manual,12219,Petrol,30,55.4,1.4
 Corsa,2016,6824.0,Manual,47022,Petrol,30,54.3,1.4
 Corsa,2016,7498.0,Manual,18724,Petrol,30,55.4,1.4
 Corsa,2019,10998.0,Manual,7842,Petrol,150,44.8,1.4
 Corsa,2017,6998.0,Manual,45192,Petrol,30,55.4,1.4
 Corsa,2017,6491.0,Manual,33799,Petrol,145,55.4,1.4
 Corsa,2019,11157.0,Manual,100,Petrol,145,44.8,1.4
 Corsa,2019,10998.0,Manual,5609,Petrol,150,44.8,1.4
 Corsa,2016,6998.0,Manual,27514,Petrol,30,55.4,1.4
 Corsa,2017,6999.0,Manual,40804,Petrol,145,55.4,1.4
 Corsa,2015,6381.0,Manual,29797,Petrol,125,52.3,1.2
 Corsa,2018,7799.0,Manual,15828,Petrol,145,55.4,1.4
 Corsa,2018,7499.0,Manual,24752,Petrol,145,55.4,1.4
 Corsa,2016,8499.0,Manual,24266,Petrol,30,54.4,1.4
 Corsa,2017,7437.0,Manual,22791,Petrol,30,55.4,1.4
 Corsa,2018,8700.0,Manual,7351,Petrol,145,54.3,1.4
 Corsa,2015,6810.0,Manual,18481,Petrol,30,55.4,1.4
 Corsa,2016,7640.0,Manual,18419,Petrol,30,55.4,1.4
 Corsa,2019,10990.0,Manual,1167,Petrol,145,43.5,1.4
 Corsa,2019,10490.0,Manual,1197,Petrol,145,43.5,1.4
 Corsa,2018,8500.0,Manual,8500,Petrol,145,43.5,1.4
 Corsa,2019,9210.0,Manual,6265,Petrol,145,43.5,1.4
 Corsa,2017,7899.0,Manual,19765,Petrol,145,55.4,1.4
 Corsa,2019,10999.0,Manual,3085,Petrol,150,43.5,1.4
 Corsa,2017,6999.0,Manual,25646,Petrol,150,54.3,1.4
 Corsa,2016,6999.0,Manual,38658,Petrol,125,54.3,1.4
 Corsa,2014,4999.0,Manual,27865,Petrol,125,51.4,1.2
 Corsa,2017,6999.0,Manual,27654,Petrol,30,55.4,1.4
 Corsa,2015,6799.0,Manual,27500,Petrol,125,54.3,1.4
 Corsa,2018,7899.0,Manual,15024,Petrol,145,55.4,1.4
 Corsa,2018,7700.0,Manual,15887,Petrol,145,55.4,1.4
 Corsa,2017,7750.0,Manual,17000,Petrol,30,55.4,1.4
 Corsa,2018,10699.0,Automatic,16897,Petrol,145,39.8,1.4
 Corsa,2019,7950.0,Manual,8291,Petrol,145,43.5,1.4
 Corsa,2018,7799.0,Manual,10295,Petrol,145,55.4,1.4
 Corsa,2018,8700.0,Manual,18785,Petrol,145,43.5,1.4
 Corsa,2016,8995.0,Automatic,12623,Petrol,150,47.9,1.4
 Corsa,2018,9299.0,Manual,7098,Petrol,145,43.5,1.4
 Corsa,2016,6999.0,Manual,17236,Petrol,30,55.4,1.4
 Corsa,2018,8900.0,Manual,9985,Petrol,145,43.5,1.4
 Corsa,2016,8049.0,Manual,28251,Petrol,30,54.4,1.4
 Corsa,2017,6799.0,Manual,28543,Petrol,150,55.4,1.4
 Corsa,2017,6699.0,Manual,43116,Petrol,145,55.4,1.4
 Corsa,2018,10570.0,Automatic,7888,Petrol,145,39.8,1.4
 Corsa,2019,10999.0,Manual,5900,Petrol,145,44.8,1.4
 Corsa,2019,7850.0,Manual,10789,Petrol,145,43.5,1.4
 Corsa,2019,7950.0,Manual,8261,Petrol,145,43.5,1.4
 Corsa,2018,7800.0,Manual,11109,Petrol,145,55.4,1.4
 Corsa,2018,9000.0,Manual,16734,Petrol,145,54.3,1.4
 Corsa,2017,7499.0,Manual,19034,Petrol,145,55.4,1.4
 Corsa,2015,6599.0,Manual,33171,Petrol,30,55.4,1.4
 Corsa,2018,8499.0,Manual,12500,Petrol,150,43.5,1.4
 Corsa,2018,8399.0,Manual,16886,Petrol,150,43.5,1.4
 Corsa,2017,5999.0,Manual,44368,Petrol,30,55.4,1.4
 Corsa,2017,7499.0,Manual,11711,Petrol,30,55.4,1.4
 Corsa,2018,7699.0,Manual,17200,Petrol,145,55.4,1.4
 Corsa,2018,8999.0,Manual,10289,Petrol,145,43.5,1.4
 Corsa,2019,10990.0,Manual,1593,Petrol,145,43.5,1.4
 Corsa,2019,10990.0,Manual,497,Petrol,145,43.5,1.4
 Corsa,2019,8810.0,Manual,6195,Petrol,145,43.5,1.4
 Corsa,2018,8700.0,Manual,6461,Petrol,145,54.3,1.4
 Corsa,2018,8700.0,Manual,7416,Petrol,145,54.3,1.4
 Corsa,2018,8700.0,Manual,8092,Petrol,145,54.3,1.4
 Corsa,2018,8700.0,Manual,10532,Petrol,145,54.3,1.4
 Corsa,2019,8699.0,Manual,15845,Petrol,145,43.5,1.4
 Corsa,2017,7195.0,Manual,11675,Petrol,145,55.4,1.4
 Corsa,2018,9250.0,Manual,7160,Petrol,145,43.5,1.4
 Corsa,2016,7299.0,Manual,27500,Petrol,30,54.3,1.4
 Corsa,2013,4195.0,Manual,39338,Petrol,30,55.4,1.0
 Corsa,2016,6450.0,Manual,32500,Petrol,30,55.4,1.4
 Corsa,2015,4995.0,Manual,46000,Petrol,125,53.3,1.2
 Corsa,2018,9250.0,Manual,9526,Petrol,145,43.5,1.4
 Corsa,2018,8578.0,Manual,13337,Petrol,145,43.5,1.4
 Corsa,2016,5971.0,Manual,27353,Petrol,125,53.3,1.2
 Corsa,2019,9375.0,Manual,8221,Petrol,145,43.5,1.4
 Corsa,2018,9250.0,Manual,9164,Petrol,145,43.5,1.4
 Corsa,2018,9250.0,Manual,8773,Petrol,145,43.5,1.4
 Corsa,2016,7324.0,Manual,26940,Petrol,30,55.4,1.4
 Corsa,2019,8560.0,Manual,7614,Petrol,145,43.5,1.4
 Corsa,2019,8740.0,Manual,2352,Petrol,145,43.5,1.4
 Corsa,2019,8620.0,Manual,5375,Petrol,145,43.5,1.4
 Corsa,2017,7599.0,Manual,18506,Petrol,30,55.4,1.4
 Corsa,2018,9250.0,Manual,6860,Petrol,145,43.5,1.4
 Corsa,2016,6970.0,Manual,39429,Diesel,0,83.1,1.3
 Corsa,2018,8599.0,Manual,22766,Diesel,145,72.4,1.3
 Corsa,2018,7899.0,Manual,15339,Petrol,145,55.4,1.4
 Corsa,2017,7499.0,Manual,18367,Petrol,145,55.4,1.4
 Corsa,2017,7999.0,Manual,17938,Petrol,145,54.3,1.4
 Corsa,2015,5967.0,Manual,28371,Petrol,30,55.4,1.4
 Corsa,2017,7620.0,Manual,17524,Petrol,30,55.4,1.4
 Corsa,2017,10491.0,Automatic,24927,Petrol,145,47.9,1.4
 Corsa,2014,4700.0,Manual,32560,Petrol,125,51.4,1.2
 Corsa,2018,9250.0,Manual,7899,Petrol,145,43.5,1.4
 Corsa,2018,9250.0,Manual,8598,Petrol,145,43.5,1.4
 Corsa,2018,9250.0,Manual,8623,Petrol,145,43.5,1.4
 Corsa,2018,8190.0,Manual,18601,Petrol,145,54.3,1.4
 Corsa,2018,8270.0,Manual,11209,Petrol,145,54.3,1.4
 Corsa,2019,12420.0,Manual,12959,Petrol,145,43.5,1.4
 Corsa,2020,15998.0,Manual,52,Petrol,150,52.3,1.2
 Corsa,2019,10498.0,Manual,372,Petrol,145,43.5,1.4
 Corsa,2019,10180.0,Manual,2278,Petrol,145,43.5,1.4
 Corsa,2017,11420.0,Automatic,6389,Petrol,145,47.1,1.4
 Corsa,2016,7995.0,Manual,12836,Petrol,30,55.4,1.4
 Corsa,2018,8405.0,Manual,17243,Petrol,145,55.4,1.4
 Corsa,2016,5991.0,Manual,26536,Petrol,30,55.4,1.4
 Corsa,2019,11095.0,Manual,8346,Petrol,145,44.8,1.4
 Corsa,2014,6298.0,Manual,17931,Petrol,125,51.4,1.2
 Corsa,2013,4095.0,Manual,51000,Petrol,125,51.4,1.2
 Corsa,2019,10498.0,Manual,9791,Petrol,145,43.5,1.4
 Corsa,2013,4298.0,Manual,41590,Petrol,125,51.4,1.2
 Corsa,2019,10498.0,Manual,7896,Petrol,150,43.5,1.4
 Corsa,2013,3998.0,Manual,48609,Petrol,125,51.4,1.2
 Corsa,2019,10698.0,Manual,1858,Petrol,150,44.8,1.4
 Corsa,2017,7998.0,Manual,37273,Petrol,145,54.3,1.4
 Corsa,2016,9998.0,Automatic,15267,Petrol,145,47.9,1.4
 Corsa,2017,6995.0,Manual,35028,Petrol,150,55.4,1.4
 Corsa,2013,6998.0,Automatic,15132,Petrol,160,44.8,1.4
 Corsa,2014,4995.0,Manual,53836,Petrol,125,51.4,1.2
 Corsa,2015,7510.0,Manual,24360,Petrol,125,53.3,1.2
 Corsa,2017,7498.0,Manual,27551,Petrol,30,54.3,1.4
 Corsa,2019,9995.0,Manual,9817,Petrol,145,43.5,1.4
 Corsa,2019,9995.0,Manual,5298,Petrol,145,44.8,1.4
 Corsa,2017,7990.0,Manual,22013,Petrol,150,55.4,1.4
 Corsa,2016,8280.0,Manual,14666,Petrol,30,55.4,1.4
 Corsa,2018,8100.0,Manual,15423,Petrol,145,54.3,1.4
 Corsa,2015,6299.0,Manual,22000,Petrol,125,52.3,1.2
 Corsa,2017,7500.0,Manual,23547,Petrol,30,55.4,1.4
 Corsa,2015,6491.0,Manual,46317,Petrol,30,55.4,1.4
 Corsa,2015,6750.0,Manual,27041,Petrol,30,55.4,1.4
 Corsa,2016,7558.0,Manual,33137,Petrol,30,55.4,1.4
 Corsa,2017,7291.0,Manual,36212,Petrol,30,54.3,1.4
 Corsa,2018,11095.0,Automatic,8831,Petrol,150,47.9,1.4
 Corsa,2015,5990.0,Manual,46913,Petrol,30,55.4,1.4
 Corsa,2018,9490.0,Manual,9519,Petrol,145,43.5,1.4
 Corsa,2016,7240.0,Manual,23524,Petrol,30,54.3,1.4
 Corsa,2016,8340.0,Manual,6018,Petrol,30,55.4,1.4
 Corsa,2014,6190.0,Manual,29940,Petrol,125,54.3,1.4
 Corsa,2016,7185.0,Manual,23000,Petrol,125,54.3,1.4
 Corsa,2016,10298.0,Automatic,976,Petrol,145,47.9,1.4
 Corsa,2018,8690.0,Manual,8988,Petrol,150,55.4,1.4
 Corsa,2019,10590.0,Manual,5,Petrol,150,44.8,1.4
 Corsa,2017,5990.0,Manual,31280,Petrol,30,55.4,1.4
 Corsa,2019,10590.0,Manual,7573,Petrol,150,44.8,1.4
 Corsa,2017,7835.0,Manual,23285,Petrol,30,55.4,1.4
 Corsa,2018,9582.0,Manual,4455,Petrol,145,43.5,1.4
 Corsa,2018,8495.0,Manual,15678,Petrol,145,43.5,1.4
 Corsa,2014,5295.0,Manual,40000,Petrol,125,51.4,1.4
 Corsa,2015,6295.0,Manual,55000,Petrol,30,55.4,1.4
 Corsa,2019,10500.0,Manual,6262,Petrol,150,43.5,1.4
 Corsa,2016,5750.0,Manual,60554,Petrol,30,55.4,1.4
 Corsa,2016,6990.0,Manual,15043,Petrol,30,55.4,1.4
 Corsa,2017,8350.0,Manual,5965,Petrol,30,55.4,1.4
 Corsa,2016,6850.0,Manual,42273,Petrol,125,54.3,1.4
 Corsa,2019,9990.0,Manual,4557,Petrol,145,44.8,1.4
 Corsa,2019,10977.0,Manual,4,Petrol,145,43.5,1.4
 Corsa,2013,4971.0,Manual,45097,Petrol,125,51.4,1.2
 Corsa,2019,10995.0,Manual,5000,Petrol,150,44.8,1.4
 Corsa,2019,10295.0,Automatic,5728,Petrol,145,39.8,1.4
 Corsa,2017,7695.0,Manual,26813,Petrol,145,55.4,1.4
 Corsa,2019,10995.0,Manual,2800,Petrol,145,44.8,1.4
 Corsa,2016,7494.0,Manual,39991,Petrol,30,55.4,1.4
 Corsa,2014,4820.0,Manual,31539,Petrol,125,51.4,1.2
 Corsa,2017,8000.0,Manual,21799,Petrol,145,55.4,1.4
 Corsa,2016,11000.0,Automatic,17074,Petrol,145,47.9,1.4
 Corsa,2016,11000.0,Automatic,3315,Petrol,145,47.9,1.4
 Corsa,2019,10000.0,Manual,6995,Petrol,145,43.5,1.4
 Corsa,2017,10625.0,Manual,14059,Petrol,150,49.6,1.4
 Corsa,2016,7549.0,Manual,38644,Diesel,0,88.3,1.3
 Corsa,2016,6601.0,Manual,42507,Petrol,30,55.4,1.4
 Corsa,2015,5664.0,Manual,62519,Petrol,30,55.4,1.4
 Corsa,2016,8500.0,Manual,12985,Diesel,0,88.3,1.3
 Corsa,2017,8140.0,Manual,23244,Petrol,145,54.3,1.4
 Corsa,2015,8750.0,Automatic,19205,Petrol,145,47.9,1.4
 Corsa,2013,5500.0,Manual,35453,Petrol,125,51.4,1.4
 Corsa,2016,7000.0,Manual,59282,Petrol,30,55.4,1.4
 Corsa,2016,6000.0,Manual,44528,Petrol,30,55.4,1.4
 Corsa,2019,11000.0,Manual,1134,Petrol,145,43.5,1.4
 Corsa,2018,9996.0,Manual,6658,Petrol,145,43.5,1.4
 Corsa,2015,5997.0,Manual,39856,Petrol,125,53.3,1.2
 Corsa,2019,10646.0,Manual,3895,Petrol,150,43.5,1.4
 Corsa,2019,8999.0,Manual,9822,Petrol,145,43.5,1.4
 Corsa,2016,9495.0,Manual,39761,Petrol,235,37.7,1.6
 Corsa,2016,6995.0,Manual,19864,Petrol,125,53.3,1.2
 Corsa,2019,10990.0,Manual,1019,Petrol,145,43.5,1.4
 Corsa,2014,6295.0,Manual,15854,Petrol,125,51.4,1.4
 Corsa,2017,9700.0,Manual,16880,Petrol,145,49.6,1.4
 Corsa,2017,7895.0,Manual,26900,Petrol,30,54.3,1.4
 Corsa,2016,9090.0,Automatic,29772,Petrol,145,47.9,1.4
 Corsa,2017,7575.0,Manual,6222,Petrol,145,55.4,1.4
 Corsa,2017,8995.0,Manual,11500,Petrol,145,54.3,1.4
 Corsa,2019,9629.0,Manual,1414,Petrol,145,43.5,1.4
 Corsa,2016,7550.0,Manual,15982,Petrol,30,54.3,1.4
 Corsa,2019,10657.0,Manual,2007,Petrol,145,43.5,1.4
 Corsa,2016,6870.0,Manual,19614,Petrol,30,55.4,1.4
 Corsa,2019,10990.0,Manual,193,Petrol,145,43.5,1.4
 Corsa,2019,10990.0,Manual,899,Petrol,145,43.5,1.4
 Corsa,2019,10990.0,Manual,1087,Petrol,145,43.5,1.4
 Corsa,2019,10990.0,Manual,1376,Petrol,145,43.5,1.4
 Corsa,2019,10990.0,Manual,1225,Petrol,145,43.5,1.4
 Corsa,2016,7560.0,Manual,37231,Petrol,30,57.6,1.0
 Corsa,2019,10490.0,Manual,767,Petrol,145,43.5,1.4
 Corsa,2019,10490.0,Manual,882,Petrol,145,43.5,1.4
 Corsa,2017,7280.0,Manual,20332,Petrol,30,55.4,1.4
 Corsa,2019,10990.0,Manual,258,Petrol,145,43.5,1.4
 Corsa,2018,10090.0,Manual,9226,Petrol,145,43.5,1.4
 Corsa,2013,4998.0,Manual,43101,Petrol,125,51.4,1.2
 Corsa,2018,7495.0,Manual,32145,Petrol,145,43.5,1.4
 Corsa,2018,10990.0,Manual,10350,Petrol,145,43.5,1.4
 Corsa,2016,7250.0,Manual,22820,Petrol,30,55.4,1.4
 Corsa,2019,10990.0,Manual,1669,Petrol,145,43.5,1.4
 Corsa,2019,11090.0,Manual,2000,Petrol,145,43.5,1.4
 Corsa,2017,6982.0,Manual,31179,Petrol,145,55.4,1.4
 Corsa,2017,11290.0,Automatic,9878,Petrol,145,47.1,1.4
 Corsa,2019,8900.0,Manual,3668,Petrol,145,43.5,1.4
 Corsa,2019,8500.0,Manual,5350,Petrol,145,43.5,1.4
 Corsa,2019,8300.0,Manual,5379,Petrol,145,43.5,1.4
 Corsa,2016,8000.0,Manual,28444,Petrol,30,54.3,1.4
 Corsa,2014,5620.0,Manual,37819,Petrol,125,51.4,1.2
 Corsa,2017,7595.0,Manual,18670,Petrol,145,55.4,1.4
 Corsa,2018,9576.0,Manual,6200,Petrol,150,43.5,1.4
 Corsa,2016,7698.0,Manual,7714,Petrol,30,55.4,1.4
 Corsa,2017,10498.0,Automatic,16425,Petrol,150,47.9,1.4
 Corsa,2017,7695.0,Manual,18066,Petrol,150,55.4,1.4
 Corsa,2017,8400.0,Manual,18464,Petrol,145,55.4,1.4
 Corsa,2018,8433.0,Manual,17946,Petrol,145,55.4,1.4
 Corsa,2015,7355.0,Manual,35085,Petrol,30,55.4,1.4
 Corsa,2013,5000.0,Manual,45756,Petrol,125,51.4,1.2
 Corsa,2018,8400.0,Manual,13495,Petrol,145,55.4,1.4
 Corsa,2017,7698.0,Manual,39629,Petrol,145,55.4,1.4
 Corsa,2019,10999.0,Manual,1261,Petrol,145,43.5,1.4
 Corsa,2015,6998.0,Manual,42798,Petrol,125,54.3,1.4
 Corsa,2015,7298.0,Manual,23947,Petrol,125,54.3,1.4
 Corsa,2019,10498.0,Manual,9905,Petrol,150,43.5,1.4
 Corsa,2017,6950.0,Manual,21041,Petrol,145,55.4,1.4
 Corsa,2019,10999.0,Automatic,14142,Petrol,145,39.8,1.4
 Corsa,2016,7449.0,Manual,18817,Petrol,30,55.4,1.4
 Corsa,2013,5500.0,Manual,20100,Petrol,125,51.4,1.2
 Corsa,2016,7250.0,Manual,13617,Petrol,30,55.4,1.4
 Corsa,2016,7400.0,Manual,27700,Diesel,0,85.6,1.3
 Corsa,2015,4910.0,Manual,73500,Petrol,30,55.4,1.4
 Corsa,2015,7610.0,Manual,24739,Petrol,125,54.3,1.4
 Corsa,2016,5290.0,Manual,36972,Petrol,125,53.3,1.2
 Corsa,2019,10200.0,Manual,7387,Petrol,150,43.5,1.4
 Corsa,2014,4600.0,Manual,46237,Petrol,125,51.4,1.2
 Corsa,2016,6291.0,Manual,33126,Petrol,30,55.4,1.4
 Corsa,2016,6782.0,Manual,40704,Petrol,30,55.4,1.4
 Corsa,2015,7288.0,Manual,15000,Petrol,125,54.3,1.4
 Corsa,2019,10999.0,Manual,2011,Petrol,145,43.5,1.4
 Corsa,2018,10440.0,Manual,6200,Petrol,145,43.5,1.4
 Corsa,2015,6874.0,Manual,32995,Petrol,0,65.7,1.0
 Corsa,2015,6200.0,Manual,40383,Diesel,0,74.3,1.3
 Corsa,2018,7400.0,Manual,25393,Petrol,145,55.4,1.4
 Corsa,2017,7300.0,Manual,21418,Petrol,30,54.3,1.4
 Corsa,2016,6936.0,Manual,23500,Petrol,30,54.3,1.4
 Corsa,2018,7500.0,Manual,11990,Petrol,145,55.4,1.4
 Corsa,2017,7190.0,Manual,9574,Petrol,30,55.4,1.4
 Corsa,2015,7590.0,Manual,23623,Petrol,125,54.3,1.4
 Corsa,2016,7590.0,Manual,18868,Petrol,30,55.4,1.4
 Corsa,2018,8995.0,Manual,13841,Petrol,145,54.3,1.4
 Corsa,2018,8895.0,Manual,12988,Petrol,145,43.5,1.4
 Corsa,2015,9995.0,Manual,30000,Petrol,235,37.7,1.6
 Corsa,2017,8495.0,Manual,16000,Petrol,145,54.3,1.4
 Corsa,2018,8100.0,Manual,13212,Petrol,145,55.4,1.4
 Corsa,2017,11600.0,Automatic,3886,Petrol,145,47.9,1.4
 Corsa,2016,8500.0,Automatic,8889,Petrol,145,47.9,1.4
 Corsa,2018,9250.0,Manual,10470,Petrol,145,43.5,1.4
 Corsa,2018,8271.0,Manual,15612,Petrol,145,55.4,1.4
 Corsa,2017,7649.0,Manual,25734,Petrol,145,55.4,1.4
 Corsa,2016,7638.0,Manual,32987,Petrol,30,55.4,1.4
 Corsa,2018,11250.0,Automatic,2679,Petrol,145,39.8,1.4
 Corsa,2018,10990.0,Automatic,11833,Petrol,145,39.8,1.4
 Corsa,2016,7290.0,Manual,8391,Petrol,30,55.4,1.4
 Corsa,2019,10499.0,Manual,3130,Petrol,150,43.5,1.4
 Corsa,2018,7591.0,Manual,12987,Petrol,150,55.4,1.4
 Corsa,2016,7291.0,Manual,26781,Petrol,30,54.3,1.4
 Corsa,2019,10698.0,Manual,12061,Petrol,150,44.8,1.4
 Corsa,2018,9681.0,Manual,11983,Petrol,145,55.4,1.4
 Corsa,2018,11964.0,Automatic,15191,Petrol,145,39.8,1.4
 Corsa,2017,6495.0,Manual,42274,Petrol,145,55.4,1.4
 Corsa,2018,9249.0,Manual,35507,Petrol,145,49.6,1.4
 Corsa,2016,6714.0,Manual,46500,Petrol,30,55.4,1.4
 Corsa,2018,7300.0,Manual,14596,Petrol,145,55.4,1.4
 Corsa,2018,8234.0,Manual,20480,Diesel,145,72.4,1.3
 Corsa,2016,7641.0,Manual,15717,Petrol,30,55.4,1.4
 Corsa,2019,9991.0,Manual,13677,Petrol,150,43.5,1.4
 Corsa,2017,7498.0,Manual,22501,Petrol,150,55.4,1.4
 Corsa,2015,7998.0,Manual,15903,Petrol,30,55.4,1.4
 Corsa,2015,7995.0,Manual,30272,Petrol,30,54.3,1.4
 Corsa,2015,5599.0,Manual,23079,Petrol,125,53.3,1.2
 Corsa,2017,11499.0,Manual,14808,Petrol,150,37.7,1.6
 Corsa,2016,8998.0,Automatic,30439,Petrol,145,47.9,1.4
 Corsa,2019,10998.0,Manual,9183,Petrol,150,44.8,1.4
 Corsa,2016,6998.0,Manual,29205,Petrol,30,54.3,1.4
 Corsa,2019,10998.0,Manual,7485,Petrol,150,44.8,1.4
 Corsa,2017,7500.0,Manual,40319,Petrol,150,54.3,1.4
 Corsa,2013,5500.0,Manual,30000,Petrol,125,51.4,1.2
 Corsa,2015,6590.0,Manual,30122,Petrol,30,55.4,1.4
 Corsa,2016,7160.0,Manual,30310,Petrol,30,55.4,1.4
 Corsa,2016,7690.0,Manual,15910,Petrol,30,55.4,1.4
 Corsa,2016,6995.0,Manual,30042,Petrol,0,65.7,1.0
 Corsa,2017,7995.0,Manual,19586,Petrol,30,55.4,1.4
 Corsa,2013,5491.0,Manual,50586,Petrol,125,51.4,1.2
 Corsa,2019,9995.0,Automatic,3500,Petrol,145,43.5,1.4
 Corsa,2017,7495.0,Manual,23492,Petrol,150,55.4,1.4
 Corsa,2015,9995.0,Automatic,14500,Petrol,145,47.9,1.4
 Corsa,2017,8499.0,Manual,33520,Petrol,30,54.3,1.4
 Corsa,2016,10000.0,Automatic,12574,Petrol,150,47.9,1.4
 Corsa,2015,6640.0,Manual,28591,Petrol,125,53.3,1.2
 Corsa,2015,5995.0,Manual,48054,Petrol,125,54.3,1.4
 Corsa,2017,8699.0,Manual,26252,Petrol,150,55.4,1.4
 Corsa,2019,10698.0,Automatic,5491,Petrol,150,39.8,1.4
 Corsa,2017,7699.0,Manual,24337,Petrol,150,55.4,1.4
 Corsa,2016,8499.0,Manual,21380,Petrol,30,54.4,1.4
 Corsa,2017,9995.0,Automatic,14012,Petrol,150,47.9,1.4
 Corsa,2018,8361.0,Manual,9079,Petrol,150,43.5,1.4
 Corsa,2017,8208.0,Manual,12473,Petrol,145,55.4,1.4
 Corsa,2017,6725.0,Manual,28299,Petrol,145,55.4,1.4
 Corsa,2018,7970.0,Manual,16626,Petrol,145,55.4,1.4
 Corsa,2017,10900.0,Manual,11000,Petrol,145,48.7,1.4
 Corsa,2017,8541.0,Manual,5841,Petrol,145,55.4,1.4
 Corsa,2017,8020.0,Manual,16442,Petrol,145,55.4,1.4
 Corsa,2017,7071.0,Manual,23772,Petrol,30,55.4,1.4
 Corsa,2019,11529.0,Manual,124,Petrol,145,43.5,1.4
 Corsa,2019,11529.0,Manual,9181,Petrol,150,43.5,1.4
 Corsa,2019,8760.0,Manual,1797,Petrol,145,43.5,1.4
 Corsa,2016,6071.0,Manual,48698,Petrol,30,55.4,1.4
 Corsa,2018,8050.0,Manual,6929,Petrol,145,55.4,1.4
 Corsa,2016,5837.0,Manual,23240,Petrol,125,53.3,1.2
 Corsa,2019,8780.0,Manual,10100,Petrol,145,43.5,1.4
 Corsa,2019,8980.0,Manual,11423,Petrol,145,43.5,1.4
 Corsa,2017,9271.0,Automatic,24598,Petrol,145,47.9,1.4
 Corsa,2019,8640.0,Manual,4504,Petrol,145,43.5,1.4
 Corsa,2016,8699.0,Manual,16000,Petrol,30,54.4,1.4
 Corsa,2018,9211.0,Manual,8573,Petrol,150,43.5,1.4
 Corsa,2017,7191.0,Manual,11868,Petrol,145,55.4,1.4
 Corsa,2017,7341.0,Manual,18182,Petrol,30,55.4,1.4
 Corsa,2018,7811.0,Manual,17060,Petrol,145,54.3,1.4
 Corsa,2017,8081.0,Manual,13050,Petrol,145,55.4,1.4
 Corsa,2019,11529.0,Manual,2850,Petrol,150,43.5,1.4
 Corsa,2016,7299.0,Manual,19333,Petrol,30,55.4,1.4
 Corsa,2016,7000.0,Manual,25000,Petrol,30,55.4,1.4
 Corsa,2016,7360.0,Manual,8543,Petrol,30,55.4,1.4
 Corsa,2017,10390.0,Automatic,11398,Petrol,145,47.9,1.4
 Corsa,2015,6987.0,Manual,37499,Petrol,30,57.6,1.0
 Corsa,2016,8691.0,Manual,19234,Petrol,30,54.3,1.4
 Corsa,2016,7480.0,Manual,34545,Petrol,30,55.4,1.4
 Corsa,2015,6291.0,Manual,39844,Petrol,125,52.3,1.2
 Corsa,2013,3791.0,Manual,50714,Petrol,125,51.4,1.2
 Corsa,2019,10498.0,Manual,8203,Petrol,150,43.5,1.4
 Corsa,2013,4561.0,Manual,53093,Petrol,125,51.4,1.4
 Corsa,2017,7995.0,Manual,14707,Petrol,30,54.3,1.4
 Corsa,2019,12498.0,Manual,22,Petrol,145,43.5,1.4
 Corsa,2018,7399.0,Manual,28408,Petrol,150,55.4,1.4
 Corsa,2017,7992.0,Manual,24017,Petrol,145,54.3,1.4
 Corsa,2018,8831.0,Manual,15216,Petrol,145,55.4,1.4
 Corsa,2018,11782.0,Automatic,1751,Petrol,145,47.1,1.4
 Corsa,2016,6221.0,Manual,17967,Petrol,125,53.3,1.2
 Corsa,2017,7995.0,Manual,15000,Petrol,145,55.4,1.4
 Corsa,2016,7000.0,Manual,65704,Petrol,30,54.3,1.4
 Corsa,2019,9498.0,Manual,10,Petrol,145,55.4,1.4
 Corsa,2016,7799.0,Manual,29888,Petrol,30,54.3,1.4
 Corsa,2019,9999.0,Manual,6897,Petrol,145,43.5,1.4
 Corsa,2019,10698.0,Manual,2840,Petrol,150,43.5,1.4
 Corsa,2015,8298.0,Automatic,27992,Petrol,145,47.9,1.4
 Corsa,2016,6191.0,Manual,43305,Petrol,30,55.4,1.4
 Corsa,2017,7500.0,Manual,35831,Petrol,30,54.3,1.4
 Corsa,2016,8000.0,Manual,16000,Petrol,30,54.3,1.4
 Corsa,2017,7998.0,Manual,14257,Petrol,150,55.4,1.4
 Corsa,2018,8807.0,Manual,8200,Petrol,145,43.5,1.4
 Corsa,2017,8091.0,Manual,16820,Petrol,145,55.4,1.4
 Corsa,2017,8100.0,Manual,10144,Petrol,145,55.4,1.4
 Corsa,2019,9900.0,Manual,2885,Petrol,150,43.5,1.4
 Corsa,2013,4370.0,Manual,49930,Petrol,125,51.4,1.2
 Corsa,2019,10498.0,Manual,9567,Petrol,150,43.5,1.4
 Corsa,2016,8220.0,Manual,15138,Petrol,30,54.3,1.4
 Corsa,2017,7510.0,Manual,14782,Petrol,145,55.4,1.4
 Corsa,2019,10500.0,Manual,2709,Petrol,145,43.5,1.4
 Corsa,2016,7900.0,Manual,16618,Petrol,30,54.3,1.4
 Corsa,2020,16500.0,Automatic,32,Petrol,145,48.7,1.2
 Corsa,2019,9900.0,Manual,14692,Petrol,145,43.5,1.4
 Corsa,2017,9900.0,Automatic,12408,Petrol,150,47.9,1.4
 Corsa,2017,8620.0,Manual,15956,Petrol,145,54.3,1.4
 Corsa,2018,10500.0,Manual,11275,Petrol,145,49.6,1.4
 Corsa,2016,7430.0,Manual,21110,Petrol,30,55.4,1.4
 Corsa,2016,6980.0,Manual,20177,Petrol,30,55.4,1.4
 Corsa,2014,6830.0,Manual,12726,Petrol,30,55.4,1.4
 Corsa,2018,9250.0,Manual,7222,Petrol,150,43.5,1.4
 Corsa,2014,5140.0,Manual,33780,Petrol,125,51.4,1.4
 Corsa,2015,7220.0,Manual,22090,Petrol,30,55.4,1.4
 Corsa,2017,7500.0,Manual,17400,Petrol,150,55.4,1.4
 Corsa,2019,8890.0,Manual,3487,Petrol,145,43.5,1.4
 Corsa,2013,6028.0,Manual,26111,Petrol,125,51.4,1.2
 Corsa,2017,8480.0,Manual,12364,Petrol,30,55.4,1.4
 Corsa,2019,8630.0,Manual,4811,Petrol,145,43.5,1.4
 Corsa,2015,6589.0,Manual,45025,Petrol,30,55.4,1.4
 Corsa,2019,9991.0,Manual,1234,Petrol,145,43.5,1.4
 Corsa,2017,6600.0,Manual,30390,Petrol,145,55.4,1.4
 Corsa,2015,8295.0,Manual,9106,Petrol,30,55.4,1.4
 Corsa,2017,8080.0,Manual,26146,Petrol,30,54.3,1.4
 Corsa,2015,5330.0,Manual,39444,Petrol,125,53.3,1.2
 Corsa,2018,8100.0,Manual,14268,Petrol,145,55.4,1.4
 Corsa,2019,8590.0,Manual,6341,Petrol,145,43.5,1.4
 Corsa,2017,7500.0,Manual,15625,Petrol,30,55.4,1.4
 Corsa,2017,7420.0,Manual,37485,Petrol,30,55.4,1.4
 Corsa,2016,7060.0,Manual,29983,Petrol,30,55.4,1.4
 Corsa,2016,6700.0,Manual,31247,Petrol,30,55.4,1.4
 Corsa,2019,8470.0,Manual,8047,Petrol,145,43.5,1.4
 Corsa,2015,5539.0,Manual,71244,Petrol,30,55.4,1.4
 Corsa,2015,6870.0,Manual,22242,Petrol,125,53.3,1.2
 Corsa,2013,4191.0,Manual,56199,Petrol,125,51.4,1.4
 Corsa,2019,9998.0,Manual,12753,Petrol,145,43.5,1.4
 Corsa,2019,10698.0,Manual,10770,Petrol,150,44.8,1.4
 Corsa,2015,7000.0,Manual,34387,Petrol,20,64.2,1.0
 Corsa,2014,6110.0,Manual,29324,Petrol,125,51.4,1.2
 Corsa,2013,3790.0,Manual,71518,Petrol,125,51.4,1.2
 Corsa,2015,6530.0,Manual,27083,Petrol,125,53.3,1.2
 Corsa,2015,10800.0,Automatic,4648,Petrol,145,47.9,1.4
 Corsa,2019,10698.0,Manual,11008,Petrol,150,44.8,1.4
 Corsa,2015,7298.0,Manual,20359,Petrol,30,55.4,1.4
 Corsa,2016,6620.0,Manual,30915,Petrol,30,55.4,1.4
 Corsa,2016,7340.0,Manual,25510,Petrol,30,55.4,1.4
 Corsa,2016,9691.0,Automatic,20014,Petrol,145,47.9,1.4
 Corsa,2016,7740.0,Manual,18396,Petrol,30,55.4,1.4
 Corsa,2015,9499.0,Automatic,4424,Petrol,145,47.9,1.4
 Corsa,2015,6490.0,Manual,32654,Petrol,125,52.3,1.2
 Corsa,2017,6780.0,Manual,31130,Petrol,150,55.4,1.4
 Corsa,2019,8580.0,Manual,6631,Petrol,145,43.5,1.4
 Corsa,2019,10298.0,Manual,9074,Petrol,150,43.5,1.4
 Corsa,2019,10698.0,Manual,15257,Petrol,150,44.8,1.4
 Corsa,2014,5310.0,Manual,41508,Petrol,125,51.4,1.4
 Corsa,2013,5490.0,Manual,21898,Petrol,125,51.4,1.2
 Corsa,2015,6600.0,Manual,26587,Petrol,125,54.3,1.4
 Corsa,2014,5397.0,Manual,23765,Petrol,125,51.4,1.2
 Corsa,2016,7264.0,Manual,13736,Petrol,30,55.4,1.4
 Corsa,2016,7000.0,Manual,22965,Petrol,30,55.4,1.4
 Corsa,2016,5990.0,Manual,28210,Petrol,30,55.4,1.4
 Corsa,2017,5970.0,Manual,34390,Petrol,30,55.4,1.4
 Corsa,2017,7240.0,Manual,15840,Petrol,30,55.4,1.4
 Corsa,2014,6000.0,Manual,42196,Petrol,125,54.3,1.4
 Corsa,2015,6650.0,Manual,24040,Petrol,125,54.3,1.4
 Corsa,2018,10654.0,Manual,6384,Petrol,145,49.6,1.4
 Corsa,2017,6257.0,Manual,37069,Petrol,30,55.4,1.4
 Corsa,2016,7480.0,Manual,19243,Diesel,0,85.6,1.3
 Corsa,2015,9146.0,Manual,22342,Petrol,235,37.7,1.6
 Corsa,2018,9135.0,Manual,11299,Petrol,150,55.4,1.4
 Corsa,2019,10495.0,Manual,12240,Petrol,145,43.5,1.4
 Corsa,2014,6390.0,Manual,66643,Petrol,240,38.7,1.6
 Corsa,2016,7990.0,Manual,24397,Petrol,30,54.3,1.4
 Corsa,2015,6490.0,Manual,8139,Petrol,125,53.3,1.2
 Corsa,2018,8491.0,Manual,17738,Petrol,145,43.5,1.4
 Corsa,2017,7190.0,Manual,11425,Petrol,145,55.4,1.4
 Corsa,2019,9810.0,Manual,3408,Petrol,145,43.5,1.4
 Corsa,2019,8260.0,Manual,7120,Petrol,145,43.5,1.4
 Corsa,2019,9999.0,Manual,12313,Petrol,145,43.5,1.4
 Corsa,2013,4950.0,Manual,51063,Petrol,125,51.4,1.2
 Corsa,2016,9999.0,Automatic,20574,Petrol,150,47.9,1.4
 Corsa,2017,7695.0,Manual,26895,Petrol,30,55.4,1.4
 Corsa,2018,7991.0,Manual,25067,Petrol,145,55.4,1.4
 Corsa,2018,8020.0,Manual,7796,Petrol,145,55.4,1.4
 Corsa,2017,8981.0,Manual,14004,Petrol,145,54.3,1.4
 Corsa,2016,9450.0,Automatic,33013,Petrol,145,47.9,1.4
 Corsa,2016,7888.0,Manual,17160,Petrol,30,55.4,1.4
 Corsa,2018,8500.0,Manual,18249,Petrol,145,43.5,1.4
 Corsa,2016,10499.0,Manual,19407,Petrol,235,37.7,1.6
 Corsa,2019,9388.0,Manual,16037,Petrol,145,43.5,1.4
 Corsa,2018,8798.0,Manual,10676,Petrol,145,55.4,1.4
 Corsa,2015,6999.0,Manual,43590,Petrol,125,54.3,1.4
 Corsa,2019,8991.0,Manual,13704,Petrol,145,43.5,1.4
 Corsa,2017,8334.0,Manual,29304,Petrol,30,55.4,1.4
 Corsa,2016,8999.0,Automatic,35766,Petrol,150,47.9,1.4
 Corsa,2018,10499.0,Manual,12700,Petrol,150,49.6,1.4
 Corsa,2016,6299.0,Manual,50097,Petrol,30,55.4,1.4
 Corsa,2016,6990.0,Manual,22610,Petrol,30,55.4,1.4
 Corsa,2015,5997.0,Manual,56000,Diesel,0,74.3,1.3
 Corsa,2017,8882.0,Manual,18437,Petrol,145,54.3,1.4
 Corsa,2017,8334.0,Manual,18904,Petrol,145,55.4,1.4
 Corsa,2018,7999.0,Manual,11508,Petrol,150,55.4,1.4
 Corsa,2019,9399.0,Manual,12681,Petrol,145,43.5,1.4
 Corsa,2015,6887.0,Manual,21000,Petrol,30,55.4,1.4
 Corsa,2018,8200.0,Manual,14707,Petrol,145,55.4,1.4
 Corsa,2017,7830.0,Manual,13407,Petrol,30,55.4,1.4
 Corsa,2019,9199.0,Manual,14507,Petrol,145,43.5,1.4
 Corsa,2019,9399.0,Manual,12781,Petrol,145,43.5,1.4
 Corsa,2018,8799.0,Manual,10693,Petrol,145,43.5,1.4
 Corsa,2013,4999.0,Manual,40326,Petrol,125,51.4,1.2
 Corsa,2018,9599.0,Automatic,10000,Petrol,145,39.8,1.4
 Corsa,2018,9699.0,Automatic,7738,Petrol,145,39.8,1.4
 Corsa,2019,10499.0,Manual,7317,Petrol,145,43.5,1.4
 Corsa,2018,8299.0,Manual,19000,Petrol,145,43.5,1.4
 Corsa,2019,9499.0,Manual,8892,Petrol,145,43.5,1.4
 Corsa,2018,7599.0,Manual,14632,Petrol,145,55.4,1.4
 Corsa,2019,10599.0,Manual,2772,Petrol,145,44.8,1.4
 Corsa,2018,7999.0,Manual,11538,Petrol,145,55.4,1.4
 Corsa,2015,6999.0,Manual,24140,Petrol,30,55.4,1.4
 Corsa,2018,8699.0,Manual,13538,Petrol,145,54.3,1.4
 Corsa,2018,7599.0,Manual,19003,Petrol,145,55.4,1.4
 Corsa,2018,8099.0,Manual,5826,Petrol,145,55.4,1.4
 Corsa,2018,6999.0,Manual,35302,Petrol,145,55.4,1.4
 Corsa,2016,7199.0,Manual,15605,Petrol,30,55.4,1.4
 Corsa,2018,8999.0,Manual,12250,Petrol,145,54.3,1.4
 Corsa,2018,7999.0,Manual,10889,Petrol,145,55.4,1.4
 Corsa,2018,8499.0,Manual,18057,Petrol,145,43.5,1.4
 Corsa,2019,9999.0,Manual,9774,Petrol,145,43.5,1.4
 Corsa,2016,7599.0,Manual,14500,Petrol,30,54.3,1.4
 Corsa,2017,8299.0,Manual,25000,Petrol,30,55.4,1.4
 Corsa,2015,8799.0,Automatic,29428,Petrol,145,47.9,1.4
 Corsa,2017,7699.0,Manual,32000,Petrol,30,54.3,1.4
 Corsa,2019,8699.0,Manual,8926,Petrol,145,43.5,1.4
 Corsa,2019,8699.0,Manual,10632,Petrol,145,43.5,1.4
 Corsa,2019,8699.0,Manual,7350,Petrol,145,43.5,1.4
 Corsa,2019,8999.0,Manual,5000,Petrol,145,43.5,1.4
 Corsa,2019,8699.0,Manual,7089,Petrol,145,43.5,1.4
 Corsa,2019,8999.0,Manual,6592,Petrol,145,43.5,1.4
 Corsa,2016,7999.0,Manual,21701,Petrol,30,54.3,1.4
 Corsa,2016,7599.0,Manual,15997,Petrol,30,54.3,1.4
 Corsa,2018,7999.0,Manual,18200,Petrol,145,43.5,1.4
 Corsa,2017,7599.0,Manual,34298,Petrol,30,54.3,1.4
 Corsa,2014,6800.0,Manual,24367,Petrol,125,51.4,1.2
 Corsa,2019,7999.0,Manual,14436,Petrol,145,43.5,1.4
 Corsa,2017,8399.0,Manual,19841,Petrol,145,55.4,1.4
 Corsa,2018,7599.0,Manual,13540,Petrol,145,55.4,1.4
 Corsa,2018,7999.0,Manual,12291,Petrol,145,55.4,1.4
 Corsa,2019,11529.0,Manual,3317,Petrol,150,43.5,1.4
 Corsa,2016,7199.0,Manual,21087,Petrol,30,55.4,1.4
 Corsa,2019,9999.0,Automatic,7221,Petrol,145,39.8,1.4
 Corsa,2019,10199.0,Manual,5044,Petrol,145,43.5,1.4
 Corsa,2017,6799.0,Manual,31627,Petrol,30,55.4,1.4
 Corsa,2019,10399.0,Manual,5611,Petrol,145,43.5,1.4
 Corsa,2017,7999.0,Manual,36234,Petrol,30,54.4,1.4
 Corsa,2019,8699.0,Manual,8013,Petrol,145,43.5,1.4
 Corsa,2019,8699.0,Manual,8874,Petrol,145,43.5,1.4
 Corsa,2017,9799.0,Automatic,9619,Petrol,145,47.9,1.4
 Corsa,2018,7799.0,Manual,13000,Petrol,145,55.4,1.4
 Corsa,2018,9499.0,Manual,9089,Petrol,145,43.5,1.4
 Corsa,2016,6999.0,Manual,29516,Petrol,30,55.4,1.4
 Corsa,2018,9199.0,Manual,18070,Petrol,145,43.5,1.4
 Corsa,2017,7299.0,Manual,41616,Petrol,20,61.4,1.0
 Corsa,2019,8399.0,Manual,3042,Petrol,145,43.5,1.4
 Corsa,2017,8299.0,Manual,14222,Petrol,145,55.4,1.4
 Corsa,2018,7899.0,Manual,8988,Petrol,145,55.4,1.4
 Corsa,2016,7000.0,Manual,56554,Petrol,30,54.4,1.4
 Corsa,2018,8399.0,Manual,13898,Petrol,145,43.5,1.4
 Corsa,2018,8199.0,Manual,19824,Petrol,145,43.5,1.4
 Corsa,2017,7230.0,Manual,17667,Petrol,150,55.4,1.4
 Corsa,2017,7290.0,Manual,19329,Petrol,150,54.3,1.4
 Corsa,2015,6950.0,Manual,34295,Petrol,30,55.4,1.4
 Corsa,2019,10000.0,Manual,12969,Petrol,150,43.5,1.4
 Corsa,2013,4906.0,Manual,50234,Petrol,125,51.4,1.4
 Corsa,2017,7720.0,Manual,25335,Petrol,30,54.3,1.4
 Corsa,2015,9495.0,Manual,29571,Petrol,240,37.7,1.6
 Corsa,2019,10900.0,Manual,13766,Petrol,145,43.5,1.4
 Corsa,2019,10490.0,Manual,1232,Petrol,145,43.5,1.4
 Corsa,2019,10490.0,Manual,676,Petrol,145,43.5,1.4
 Corsa,2019,10990.0,Manual,273,Petrol,145,43.5,1.4
 Corsa,2016,8410.0,Manual,8220,Petrol,125,54.3,1.4
 Corsa,2017,7780.0,Manual,20000,Petrol,30,55.4,1.4
 Corsa,2018,7680.0,Manual,24478,Petrol,145,55.4,1.4
 Corsa,2017,7550.0,Manual,27694,Petrol,145,55.4,1.4
 Corsa,2017,8999.0,Manual,8882,Petrol,30,54.3,1.4
 Corsa,2018,10630.0,Automatic,9849,Petrol,145,47.9,1.4
 Corsa,2016,7480.0,Manual,10763,Petrol,30,55.4,1.4
 Corsa,2016,7899.0,Manual,19606,Petrol,30,54.3,1.4
 Corsa,2013,5345.0,Manual,47002,Petrol,125,51.4,1.4
 Corsa,2018,8480.0,Manual,20815,Petrol,145,55.4,1.4
 Corsa,2014,4190.0,Manual,58771,Diesel,30,64.2,1.3
 Corsa,2017,7980.0,Manual,20499,Petrol,145,54.3,1.4
 Corsa,2018,8100.0,Manual,18417,Petrol,145,55.4,1.4
 Corsa,2017,8350.0,Manual,11330,Petrol,145,55.4,1.4
 Corsa,2018,8440.0,Manual,15353,Petrol,145,43.5,1.4
 Corsa,2019,8989.0,Manual,11995,Petrol,145,43.5,1.4
 Corsa,2017,8124.0,Manual,14425,Petrol,145,55.4,1.4
 Corsa,2017,7830.0,Manual,13868,Petrol,145,55.4,1.4
 Corsa,2014,4546.0,Manual,34823,Petrol,125,51.4,1.2
 Corsa,2015,7232.0,Manual,32834,Petrol,30,54.3,1.4
 Corsa,2016,10222.0,Automatic,7638,Petrol,145,47.9,1.4
 Corsa,2017,8176.0,Manual,25392,Petrol,145,54.3,1.4
 Corsa,2016,9491.0,Automatic,16151,Petrol,145,47.9,1.4
 Corsa,2015,6495.0,Manual,26582,Petrol,30,57.6,1.0
 Corsa,2016,8999.0,Manual,14545,Petrol,125,54.3,1.4
 Corsa,2018,8746.0,Manual,9900,Petrol,150,55.4,1.4
 Corsa,2019,9311.0,Manual,4588,Petrol,145,43.5,1.4
 Corsa,2016,9250.0,Automatic,15945,Petrol,145,47.9,1.4
 Corsa,2018,7495.0,Manual,13612,Petrol,145,55.4,1.4
 Corsa,2016,7994.0,Automatic,40542,Petrol,150,47.9,1.4
 Corsa,2015,6493.0,Manual,36047,Petrol,30,55.4,1.4
 Corsa,2019,8991.0,Manual,14165,Petrol,145,43.5,1.4
 Corsa,2019,9999.0,Manual,7674,Petrol,145,43.5,1.4
 Corsa,2017,8082.0,Manual,11888,Petrol,145,55.4,1.4
 Corsa,2018,8346.0,Manual,15693,Petrol,145,43.5,1.4
 Corsa,2016,7991.0,Manual,22638,Petrol,30,55.4,1.4
 Corsa,2017,6191.0,Manual,37069,Petrol,30,55.4,1.4
 Corsa,2017,8491.0,Manual,10415,Petrol,150,55.4,1.4
 Corsa,2017,7991.0,Manual,22524,Petrol,30,55.4,1.4
 Corsa,2017,7995.0,Manual,23546,Petrol,30,55.4,1.4
 Corsa,2016,10403.0,Automatic,7666,Petrol,150,47.9,1.4
 Corsa,2015,6621.0,Manual,15182,Petrol,125,53.3,1.2
 Corsa,2018,7495.0,Manual,12623,Petrol,145,55.4,1.4
 Corsa,2019,9291.0,Manual,5476,Petrol,145,43.5,1.4
 Corsa,2019,9700.0,Manual,2252,Petrol,145,43.5,1.4
 Corsa,2019,8495.0,Manual,10128,Petrol,145,43.5,1.4
 Corsa,2019,8495.0,Manual,6918,Petrol,145,43.5,1.4
 Corsa,2019,9600.0,Manual,4261,Petrol,145,43.5,1.4
 Corsa,2015,7491.0,Manual,32869,Petrol,125,54.3,1.4
 Corsa,2017,7776.0,Manual,15553,Petrol,30,54.3,1.4
 Corsa,2018,9000.0,Manual,12660,Petrol,145,43.5,1.4
 Corsa,2017,6849.0,Manual,25816,Petrol,30,55.4,1.4
 Corsa,2016,9995.0,Automatic,19170,Petrol,145,47.9,1.4
 Corsa,2016,6991.0,Manual,24403,Petrol,30,55.4,1.4
 Corsa,2019,10093.0,Manual,7596,Petrol,145,43.5,1.4
 Corsa,2017,7901.0,Manual,16206,Petrol,145,55.4,1.4
 Corsa,2017,9000.0,Manual,27333,Petrol,145,55.4,1.4
 Corsa,2018,8700.0,Manual,5622,Petrol,150,54.3,1.4
 Corsa,2017,11250.0,Automatic,11918,Petrol,145,47.9,1.4
 Corsa,2018,8300.0,Manual,19379,Petrol,150,55.4,1.4
 Corsa,2016,6495.0,Manual,39330,Petrol,30,55.4,1.4
 Corsa,2017,6892.0,Manual,29214,Petrol,145,55.4,1.4
 Corsa,2016,7899.0,Manual,22734,Petrol,30,55.4,1.4
 Corsa,2018,7983.0,Manual,16963,Petrol,145,55.4,1.4
 Corsa,2019,8495.0,Manual,15995,Petrol,150,43.5,1.4
 Corsa,2019,9800.0,Manual,1835,Petrol,145,44.8,1.4
 Corsa,2018,8369.0,Manual,13860,Petrol,145,43.5,1.4
 Corsa,2019,11300.0,Automatic,2950,Petrol,145,40.9,1.4
 Corsa,2018,7750.0,Manual,15470,Petrol,145,55.4,1.4
 Corsa,2016,6500.0,Manual,39308,Petrol,30,55.4,1.4
 Corsa,2017,9495.0,Automatic,12172,Petrol,145,47.9,1.4
 Corsa,2018,7408.0,Manual,11253,Petrol,145,55.4,1.4
 Corsa,2019,7987.0,Manual,8731,Petrol,145,43.5,1.4
 Corsa,2018,7999.0,Manual,22000,Petrol,145,55.4,1.4
 Corsa,2018,7792.0,Manual,11584,Petrol,150,55.4,1.4
 Corsa,2018,9443.0,Manual,7259,Petrol,150,43.5,1.4
 Corsa,2018,8475.0,Manual,6680,Petrol,145,55.4,1.4
 Corsa,2017,7999.0,Manual,22093,Petrol,150,55.4,1.4
 Corsa,2019,8993.0,Manual,17305,Petrol,145,43.5,1.4
 Corsa,2017,11384.0,Automatic,2039,Petrol,145,47.9,1.4
 Corsa,2019,9770.0,Manual,13755,Petrol,145,43.5,1.4
 Corsa,2019,12000.0,Automatic,18001,Petrol,145,39.8,1.4
 Corsa,2019,8993.0,Manual,13853,Petrol,145,43.5,1.4
 Corsa,2019,12600.0,Manual,3650,Petrol,145,43.5,1.4
 Corsa,2017,8495.0,Manual,21127,Petrol,150,54.3,1.4
 Corsa,2019,9791.0,Manual,11634,Petrol,145,43.5,1.4
 Corsa,2017,8991.0,Manual,8636,Petrol,30,55.4,1.4
 Corsa,2015,4995.0,Manual,53000,Petrol,125,51.4,1.4
 Corsa,2013,5795.0,Manual,30709,Petrol,125,51.4,1.4
 Corsa,2018,7195.0,Manual,17088,Petrol,145,55.4,1.4
 Corsa,2019,10250.0,Manual,3421,Petrol,145,44.8,1.4
 Corsa,2019,9795.0,Manual,9308,Petrol,145,43.5,1.4
 Corsa,2013,5995.0,Automatic,46108,Petrol,160,44.8,1.4
 Corsa,2014,4795.0,Manual,28000,Petrol,30,55.4,1.0
 Corsa,2014,4595.0,Manual,37690,Petrol,125,51.4,1.2
 Corsa,2014,6436.0,Manual,18630,Petrol,125,51.4,1.2
 Corsa,2015,4310.0,Manual,74310,Petrol,125,51.4,1.4
 Corsa,2017,7950.0,Manual,24227,Petrol,145,55.4,1.4
 Corsa,2019,9734.0,Automatic,6487,Petrol,145,39.8,1.4
 Corsa,2019,9795.0,Manual,7873,Petrol,145,43.5,1.4
 Corsa,2015,6850.0,Manual,38050,Diesel,0,88.3,1.3
 Corsa,2013,5195.0,Manual,55000,Petrol,125,51.4,1.2
 Corsa,2013,4395.0,Manual,44800,Petrol,125,51.4,1.2
 Corsa,2017,10495.0,Automatic,16837,Petrol,145,47.1,1.4
 Corsa,2016,7400.0,Manual,26760,Diesel,0,85.6,1.3
 Corsa,2019,9495.0,Manual,19365,Petrol,145,43.5,1.4
 Corsa,2016,5990.0,Manual,54211,Petrol,30,55.4,1.4
 Corsa,2016,7200.0,Manual,22240,Petrol,30,55.4,1.4
 Corsa,2016,5560.0,Manual,72600,Diesel,0,85.6,1.3
 Corsa,2015,5745.0,Manual,82011,Diesel,0,85.6,1.3
 Corsa,2016,7630.0,Manual,30710,Petrol,30,54.3,1.4
 Corsa,2018,7295.0,Manual,28600,Petrol,145,55.4,1.4
 Corsa,2018,7795.0,Manual,15899,Petrol,145,55.4,1.4
 Corsa,2019,8889.0,Manual,2756,Petrol,145,43.5,1.4
 Corsa,2016,6290.0,Manual,15610,Petrol,30,55.4,1.4
 Corsa,2014,7340.0,Manual,13070,Petrol,125,51.4,1.2
 Corsa,2016,8150.0,Manual,4778,Petrol,125,54.3,1.4
 Corsa,2018,11500.0,Automatic,16519,Petrol,145,39.8,1.4
 Corsa,2019,9500.0,Manual,15145,Petrol,145,43.5,1.4
 Corsa,2018,6998.0,Manual,23001,Petrol,145,55.4,1.4
 Corsa,2019,9495.0,Manual,7132,Petrol,145,43.5,1.4
 Corsa,2016,8699.0,Manual,7811,Petrol,30,54.4,1.4
 Corsa,2017,7991.0,Manual,13910,Petrol,145,55.4,1.4
 Corsa,2016,6899.0,Manual,13011,Petrol,30,55.4,1.4
 Corsa,2017,7195.0,Manual,25027,Petrol,150,55.4,1.4
 Corsa,2018,7695.0,Manual,15059,Petrol,145,43.5,1.4
 Corsa,2019,10495.0,Manual,746,Petrol,150,43.5,1.4
 Corsa,2019,9995.0,Manual,4380,Petrol,150,43.5,1.4
 Corsa,2019,9250.0,Manual,3425,Petrol,145,43.5,1.4
 Corsa,2019,8000.0,Manual,12284,Petrol,145,43.5,1.4
 Corsa,2015,6475.0,Manual,61354,Petrol,20,64.2,1.4
 Corsa,2017,9967.0,Automatic,22874,Petrol,150,47.9,1.4
 Corsa,2018,8500.0,Manual,13122,Petrol,145,43.5,1.4
 Corsa,2018,8490.0,Manual,15506,Petrol,145,55.4,1.4
 Corsa,2019,9479.0,Manual,7597,Petrol,145,43.5,1.4
 Corsa,2019,9481.0,Manual,8050,Petrol,145,55.4,1.4
 Corsa,2018,8001.0,Manual,20505,Petrol,145,55.4,1.4
 Corsa,2016,8995.0,Automatic,28414,Petrol,145,47.9,1.4
 Corsa,2015,7599.0,Manual,18176,Petrol,30,55.4,1.4
 Corsa,2017,8494.0,Manual,12845,Petrol,150,55.4,1.4
 Corsa,2019,8791.0,Manual,16695,Petrol,150,43.5,1.4
 Corsa,2019,10295.0,Manual,1368,Petrol,150,43.5,1.4
 Corsa,2019,10295.0,Manual,4946,Petrol,150,44.8,1.4
 Corsa,2019,10495.0,Manual,105,Petrol,150,43.5,1.4
 Corsa,2019,9995.0,Manual,2634,Petrol,150,43.5,1.4
 Corsa,2018,9492.0,Manual,14836,Petrol,145,54.3,1.4
 Corsa,2015,8434.0,Automatic,45825,Petrol,150,47.9,1.4
 Corsa,2014,6295.0,Automatic,30128,Petrol,165,46.3,1.4
 Corsa,2019,10590.0,Manual,2261,Petrol,145,44.8,1.4
 Corsa,2019,10800.0,Manual,4434,Petrol,145,44.8,1.4
 Corsa,2019,10295.0,Manual,3615,Petrol,150,44.8,1.4
 Corsa,2019,9995.0,Manual,1825,Petrol,150,43.5,1.4
 Corsa,2019,9995.0,Manual,1380,Petrol,150,43.5,1.4
 Corsa,2019,10800.0,Manual,4107,Petrol,145,44.8,1.4
 Corsa,2018,10481.0,Manual,7177,Petrol,150,43.5,1.4
 Corsa,2019,10590.0,Manual,3566,Petrol,145,44.8,1.4
 Corsa,2019,9995.0,Manual,2610,Petrol,150,43.5,1.4
 Corsa,2018,10999.0,Automatic,8003,Petrol,145,39.8,1.4
 Corsa,2019,10800.0,Manual,3549,Petrol,145,44.8,1.4
 Corsa,2019,8491.0,Manual,4936,Petrol,145,43.5,1.4
 Corsa,2013,5291.0,Manual,57311,Petrol,125,51.4,1.2
 Corsa,2019,9995.0,Manual,4366,Petrol,150,43.5,1.4
 Corsa,2019,10295.0,Manual,3194,Petrol,150,43.5,1.4
 Corsa,2016,10483.0,Automatic,9668,Petrol,145,47.9,1.4
 Corsa,2019,10590.0,Manual,3445,Petrol,145,44.8,1.4
 Corsa,2019,10291.0,Manual,4362,Petrol,145,44.8,1.4
 Corsa,2018,10491.0,Automatic,9252,Petrol,145,47.9,1.4
 Corsa,2018,8330.0,Manual,16187,Petrol,145,55.4,1.4
 Corsa,2016,7186.0,Manual,24993,Petrol,30,55.4,1.4
 Corsa,2016,6247.0,Manual,50000,Petrol,30,55.4,1.4
 Corsa,2015,6789.0,Manual,27000,Petrol,30,57.6,1.0
 Corsa,2019,9700.0,Manual,1461,Petrol,145,43.5,1.4
 Corsa,2016,7500.0,Manual,39308,Petrol,30,55.4,1.4
 Corsa,2018,9273.0,Automatic,10477,Petrol,145,47.9,1.4
 Corsa,2019,12387.0,Automatic,10699,Petrol,145,39.8,1.4
 Corsa,2019,9000.0,Manual,16695,Petrol,145,43.5,1.4
 Corsa,2017,8750.0,Manual,26078,Petrol,145,55.4,1.4
 Corsa,2019,8600.0,Manual,15995,Petrol,145,43.5,1.4
 Corsa,2018,9986.0,Manual,2611,Petrol,150,43.5,1.4
 Corsa,2014,9498.0,Manual,15935,Petrol,240,38.7,1.6
 Corsa,2019,10291.0,Manual,13655,Petrol,150,43.5,1.4
 Corsa,2019,9495.0,Manual,5338,Petrol,145,43.5,1.4
 Corsa,2016,9495.0,Automatic,28550,Petrol,145,47.9,1.4
 Corsa,2019,9495.0,Manual,5524,Petrol,145,43.5,1.4
 Corsa,2019,9995.0,Manual,4056,Petrol,145,43.5,1.4
 Corsa,2019,9495.0,Manual,6296,Petrol,145,43.5,1.4
 Corsa,2019,9998.0,Manual,15058,Petrol,145,43.5,1.4
 Corsa,2017,8060.0,Manual,14994,Petrol,145,55.4,1.4
 Corsa,2015,6500.0,Manual,26125,Petrol,30,57.6,1.0
 Corsa,2019,10400.0,Manual,2566,Petrol,150,44.8,1.4
 Corsa,2016,5900.0,Manual,35000,Petrol,30,55.4,1.4
 Corsa,2019,10300.0,Manual,3749,Petrol,150,43.5,1.4
 Corsa,2014,5500.0,Manual,49064,Diesel,20,67.3,1.3
 Corsa,2016,6900.0,Manual,29833,Petrol,30,54.3,1.4
 Corsa,2019,8700.0,Manual,8222,Petrol,145,55.4,1.4
 Corsa,2019,10600.0,Manual,2088,Petrol,145,44.8,1.4
 Corsa,2016,6200.0,Manual,22070,Petrol,30,55.4,1.4
 Corsa,2019,8800.0,Manual,4241,Petrol,145,43.5,1.4
 Corsa,2017,8500.0,Manual,12301,Petrol,150,55.4,1.4
 Corsa,2018,8600.0,Manual,9859,Petrol,145,55.4,1.4
 Corsa,2015,5500.0,Manual,12000,Petrol,125,53.3,1.2
 Corsa,2019,9995.0,Manual,3164,Petrol,145,43.5,1.4
 Corsa,2019,9989.0,Manual,14386,Petrol,145,43.5,1.4
 Corsa,2017,8800.0,Automatic,15798,Petrol,145,47.1,1.4
 Corsa,2016,11495.0,Automatic,5989,Petrol,150,47.9,1.4
 Corsa,2016,6995.0,Manual,40185,Petrol,30,55.4,1.4
 Corsa,2019,10495.0,Manual,5671,Petrol,150,43.5,1.4
 Corsa,2019,10500.0,Manual,4479,Petrol,150,43.5,1.4
 Corsa,2019,10500.0,Manual,4229,Petrol,150,44.8,1.4
 Corsa,2019,10500.0,Manual,2125,Petrol,150,43.5,1.4
 Corsa,2018,7991.0,Manual,8144,Petrol,145,43.5,1.4
 Corsa,2019,8000.0,Manual,5779,Petrol,145,43.5,1.4
 Corsa,2019,8691.0,Manual,10008,Petrol,145,43.5,1.4
 Corsa,2019,10499.0,Manual,3535,Petrol,150,43.5,1.4
 Corsa,2015,5295.0,Manual,65696,Petrol,30,55.4,1.4
 Corsa,2017,9550.0,Manual,11293,Petrol,30,55.4,1.4
 Corsa,2019,8491.0,Manual,10867,Petrol,145,43.5,1.4
 Corsa,2019,9800.0,Manual,15616,Petrol,145,43.5,1.4
 Corsa,2019,9600.0,Manual,14114,Petrol,145,43.5,1.4
 Corsa,2017,7750.0,Manual,17183,Petrol,150,55.4,1.4
 Corsa,2018,7999.0,Manual,18493,Petrol,150,55.4,1.4
 Corsa,2015,7500.0,Manual,18753,Petrol,125,54.3,1.4
 Corsa,2018,8185.0,Manual,19744,Petrol,145,55.4,1.4
 Corsa,2018,7100.0,Manual,49649,Petrol,145,55.4,1.4
 Corsa,2019,9300.0,Manual,1461,Petrol,145,43.5,1.4
 Corsa,2018,9000.0,Manual,7010,Petrol,145,43.5,1.4
 Corsa,2017,10495.0,Manual,5044,Petrol,150,55.4,1.4
 Corsa,2019,9178.0,Manual,7684,Petrol,145,43.5,1.4
 Corsa,2017,9720.0,Automatic,9500,Petrol,150,47.9,1.4
 Corsa,2017,7400.0,Manual,16382,Petrol,145,55.4,1.4
 Corsa,2016,6989.0,Manual,13970,Petrol,30,55.4,1.4
 Corsa,2015,7995.0,Manual,48000,Petrol,30,55.4,1.4
 Corsa,2019,9546.0,Manual,13231,Petrol,145,43.5,1.4
 Corsa,2018,9452.0,Manual,27082,Petrol,145,49.6,1.4
 Corsa,2014,4550.0,Manual,44624,Petrol,125,51.4,1.2
 Corsa,2015,5840.0,Manual,41715,Petrol,125,53.3,1.2
 Corsa,2019,11995.0,Manual,4000,Petrol,145,43.5,1.4
 Corsa,2019,10995.0,Manual,6560,Petrol,145,43.5,1.4
 Corsa,2019,12995.0,Manual,5600,Petrol,145,43.5,1.4
 Corsa,2013,3250.0,Manual,75870,Petrol,30,55.4,1.0
 Corsa,2015,6495.0,Manual,43000,Petrol,125,52.3,1.2
 Corsa,2016,7995.0,Manual,24600,Petrol,125,54.3,1.4
 Corsa,2015,6830.0,Manual,40683,Petrol,30,55.4,1.4
 Corsa,2016,7250.0,Manual,21415,Diesel,0,85.6,1.3
 Corsa,2018,7995.0,Manual,13086,Petrol,145,55.4,1.4
 Corsa,2019,10300.0,Automatic,4717,Petrol,145,39.8,1.4
 Corsa,2016,6457.0,Manual,59538,Petrol,30,55.4,1.4
 Corsa,2015,7798.0,Manual,11221,Petrol,30,55.4,1.4
 Corsa,2015,6398.0,Manual,24534,Petrol,30,55.4,1.4
 Corsa,2017,6942.0,Manual,12150,Petrol,30,55.4,1.4
 Corsa,2016,6300.0,Manual,59408,Petrol,30,55.4,1.4
 Corsa,2015,10999.0,Automatic,6135,Petrol,150,47.9,1.4
 Corsa,2018,8995.0,Manual,18016,Petrol,145,43.5,1.4
 Corsa,2015,6995.0,Manual,40429,Petrol,30,55.4,1.4
 Corsa,2017,8295.0,Manual,24400,Petrol,145,55.4,1.4
 Corsa,2013,5495.0,Manual,39300,Petrol,125,51.4,1.2
 Corsa,2015,6160.0,Manual,33446,Petrol,125,53.3,1.2
 Corsa,2017,7495.0,Manual,69064,Petrol,145,55.4,1.4
 Corsa,2019,8995.0,Manual,6688,Petrol,145,43.5,1.4
 Corsa,2017,9999.0,Automatic,29578,Petrol,150,47.9,1.4
 Corsa,2016,6995.0,Manual,26994,Petrol,30,55.4,1.4
 Corsa,2017,9495.0,Manual,4421,Petrol,145,55.4,1.4
 Corsa,2016,9495.0,Manual,19399,Petrol,30,55.4,1.4
 Corsa,2016,7495.0,Manual,36678,Petrol,30,54.3,1.4
 Corsa,2015,7995.0,Manual,21281,Petrol,0,65.7,1.0
 Corsa,2017,8495.0,Manual,25208,Petrol,150,55.4,1.4
 Corsa,2017,8995.0,Manual,29700,Petrol,145,54.3,1.4
 Corsa,2019,10295.0,Manual,14600,Petrol,145,43.5,1.4
 Corsa,2019,10290.0,Manual,8968,Petrol,145,43.5,1.4
 Corsa,2018,9990.0,Manual,16373,Petrol,145,43.5,1.4
 Corsa,2015,7495.0,Manual,32268,Petrol,30,55.4,1.4
 Corsa,2015,6995.0,Manual,46175,Petrol,125,54.3,1.4
 Corsa,2016,6799.0,Manual,21148,Petrol,30,55.4,1.4
 Corsa,2016,7995.0,Manual,22397,Petrol,30,55.4,1.4
 Corsa,2017,7990.0,Manual,28427,Petrol,145,55.4,1.4
 Corsa,2014,4495.0,Manual,76110,Petrol,30,55.4,1.0
 Corsa,2015,6995.0,Manual,53000,Petrol,30,55.4,1.4
 Corsa,2017,7995.0,Manual,17500,Petrol,145,55.4,1.4
 Corsa,2018,9250.0,Manual,11429,Petrol,145,43.5,1.4
 Corsa,2018,9250.0,Manual,9742,Petrol,145,43.5,1.4
 Corsa,2018,9250.0,Manual,6559,Petrol,145,43.5,1.4
 Corsa,2018,9250.0,Manual,10981,Petrol,145,43.5,1.4
 Corsa,2017,6599.0,Manual,22689,Petrol,30,55.4,1.4
 Corsa,2015,6290.0,Manual,49625,Petrol,125,53.3,1.2
 Corsa,2016,10990.0,Automatic,2989,Petrol,145,47.9,1.4
 Corsa,2016,7995.0,Manual,28682,Petrol,125,54.3,1.4
 Corsa,2018,9250.0,Manual,8119,Petrol,145,43.5,1.4
 Corsa,2018,8300.0,Manual,15748,Petrol,145,54.3,1.4
 Corsa,2019,11529.0,Manual,8735,Petrol,150,43.5,1.4
 Corsa,2017,8490.0,Manual,16600,Petrol,30,54.3,1.4
 Corsa,2016,7679.0,Automatic,49897,Petrol,145,47.9,1.4
 Corsa,2017,8479.0,Manual,17493,Petrol,30,55.4,1.4
 Corsa,2018,10479.0,Automatic,22608,Petrol,150,39.8,1.4
 Corsa,2019,11529.0,Manual,9161,Petrol,145,43.5,1.4
 Corsa,2015,6290.0,Manual,59147,Petrol,30,55.4,1.4
 Corsa,2018,9500.0,Manual,23332,Petrol,145,55.4,1.4
 Corsa,2015,6400.0,Manual,34341,Petrol,125,54.3,1.4
 Corsa,2018,9250.0,Manual,5404,Petrol,145,43.5,1.4
 Corsa,2018,9250.0,Manual,10755,Petrol,145,43.5,1.4
 Corsa,2017,8799.0,Manual,8433,Petrol,30,54.3,1.4
 Corsa,2019,11529.0,Manual,6834,Petrol,145,43.5,1.4
 Corsa,2019,11529.0,Manual,5363,Petrol,145,43.5,1.4
 Corsa,2016,7491.0,Manual,19647,Petrol,30,54.3,1.4
 Corsa,2019,10291.0,Manual,3387,Petrol,145,43.5,1.4
 Corsa,2019,9692.0,Manual,4355,Petrol,145,43.5,1.4
 Corsa,2018,7491.0,Manual,14210,Petrol,145,43.5,1.4
 Corsa,2019,10995.0,Manual,5000,Petrol,145,43.5,1.4
 Corsa,2018,10995.0,Manual,5000,Petrol,145,43.5,1.4
 Corsa,2015,6290.0,Manual,44730,Petrol,125,54.3,1.4
 Corsa,2017,7300.0,Manual,29770,Petrol,30,54.3,1.4
 Corsa,2019,9798.0,Manual,8506,Petrol,150,43.5,1.4
 Corsa,2017,7995.0,Manual,31000,Petrol,30,55.4,1.4
 Corsa,2018,8300.0,Manual,9201,Petrol,145,54.3,1.4
 Corsa,2016,7000.0,Manual,24880,Petrol,125,54.3,1.4
 Corsa,2016,7390.0,Manual,38552,Petrol,30,55.4,1.4
 Corsa,2016,6857.0,Manual,31817,Petrol,30,55.4,1.4
 Corsa,2013,4821.0,Manual,22800,Petrol,125,51.4,1.2
 Corsa,2017,8191.0,Manual,16477,Petrol,150,54.3,1.4
 Corsa,2017,7491.0,Manual,13642,Petrol,150,54.3,1.4
 Corsa,2016,6996.0,Manual,38186,Petrol,30,55.4,1.4
 Corsa,2015,7495.0,Manual,29000,Diesel,30,67.3,1.3
 Corsa,2019,10990.0,Manual,2314,Petrol,145,43.5,1.4
 Corsa,2019,10990.0,Manual,2341,Petrol,145,43.5,1.4
 Corsa,2017,8180.0,Manual,20768,Petrol,145,54.3,1.4
 Corsa,2019,11157.0,Manual,2324,Petrol,145,44.8,1.4
 Corsa,2017,9550.0,Automatic,14476,Petrol,145,47.9,1.4
 Corsa,2017,8370.0,Manual,4067,Petrol,30,55.4,1.4
 Corsa,2017,7871.0,Manual,5694,Petrol,145,55.4,1.4
 Corsa,2016,6991.0,Manual,31375,Petrol,30,55.4,1.4
 Corsa,2017,7991.0,Manual,21266,Petrol,145,54.3,1.4
 Corsa,2017,8507.0,Manual,8596,Petrol,30,55.4,1.4
 Corsa,2017,7691.0,Manual,20918,Petrol,30,54.3,1.4
 Corsa,2017,6491.0,Manual,21011,Petrol,145,55.4,1.4
 Corsa,2017,7121.0,Manual,26564,Petrol,145,55.4,1.4
 Corsa,2017,7681.0,Manual,22741,Petrol,30,55.4,1.4
 Corsa,2017,7991.0,Manual,12954,Petrol,30,54.3,1.4
 Corsa,2019,8420.0,Manual,8989,Petrol,145,43.5,1.4
 Corsa,2018,9491.0,Manual,16970,Petrol,145,49.6,1.4
 Corsa,2019,10990.0,Manual,2311,Petrol,145,43.5,1.4
 Corsa,2019,8440.0,Manual,8235,Petrol,145,43.5,1.4
 Corsa,2019,10370.0,Manual,2354,Petrol,145,43.5,1.4
 Corsa,2019,10360.0,Manual,7497,Petrol,145,43.5,1.4
 Corsa,2019,10400.0,Manual,2459,Petrol,145,43.5,1.4
 Corsa,2019,10990.0,Manual,2321,Petrol,145,43.5,1.4
 Corsa,2017,7480.0,Manual,22911,Petrol,30,55.4,1.4
 Corsa,2014,3999.0,Manual,76276,Petrol,125,51.4,1.4
 Corsa,2019,10299.0,Manual,10,Petrol,150,43.5,1.4
 Corsa,2017,6991.0,Manual,32765,Petrol,145,55.4,1.4
 Corsa,2015,6732.0,Manual,22046,Petrol,125,54.3,1.4
 Corsa,2016,6495.0,Manual,39802,Petrol,30,54.3,1.4
 Corsa,2014,6334.0,Manual,30836,Petrol,125,51.4,1.2
 Corsa,2019,11529.0,Manual,1744,Petrol,145,43.5,1.4
 Corsa,2015,6991.0,Manual,19885,Petrol,30,55.4,1.4
 Corsa,2019,11529.0,Manual,10293,Petrol,145,43.5,1.4
 Corsa,2019,11529.0,Manual,9085,Petrol,145,43.5,1.4
 Corsa,2019,10399.0,Manual,10838,Petrol,145,43.5,1.4
 Corsa,2014,4499.0,Manual,46477,Petrol,125,51.4,1.4
 Corsa,2016,7499.0,Manual,27812,Petrol,30,54.3,1.4
 Corsa,2020,14299.0,Manual,10,Petrol,145,53.3,1.2
 Corsa,2019,9191.0,Manual,11685,Petrol,145,43.5,1.4
 Corsa,2019,9151.0,Manual,13351,Petrol,145,43.5,1.4
 Corsa,2019,10399.0,Manual,11425,Petrol,145,43.5,1.4
 Corsa,2019,10000.0,Manual,5028,Petrol,145,43.5,1.4
 Corsa,2019,10399.0,Manual,9493,Petrol,145,43.5,1.4
 Corsa,2019,10399.0,Manual,9181,Petrol,145,43.5,1.4
 Corsa,2019,10399.0,Manual,12342,Petrol,145,43.5,1.4
 Corsa,2019,10399.0,Manual,9575,Petrol,145,43.5,1.4
 Corsa,2015,4999.0,Manual,59452,Petrol,125,53.3,1.2
 Corsa,2017,10999.0,Automatic,16365,Petrol,145,47.1,1.4
 Corsa,2017,8995.0,Manual,17000,Petrol,150,55.4,1.4
 Corsa,2020,17495.0,Automatic,1100,Petrol,150,48.7,1.2
 Corsa,2018,8991.0,Manual,13478,Petrol,145,43.5,1.4
 Corsa,2019,10399.0,Manual,6983,Petrol,145,43.5,1.4
 Corsa,2014,5000.0,Manual,56500,Petrol,125,51.4,1.2
 Corsa,2017,7499.0,Manual,31637,Petrol,30,55.4,1.4
 Corsa,2019,10399.0,Manual,8735,Petrol,145,43.5,1.4
 Corsa,2019,10399.0,Manual,11535,Petrol,145,43.5,1.4
 Corsa,2016,8495.0,Manual,16000,Petrol,30,54.3,1.4
 Corsa,2016,6495.0,Manual,25000,Petrol,30,55.4,1.4
 Corsa,2019,10995.0,Manual,8000,Petrol,145,43.5,1.4
 Corsa,2017,6999.0,Manual,40500,Petrol,150,55.4,1.4
 Corsa,2017,7495.0,Manual,48000,Petrol,145,55.4,1.4
 Corsa,2017,8995.0,Manual,13000,Petrol,30,54.3,1.4
 Corsa,2016,10695.0,Automatic,5400,Petrol,145,47.9,1.4
 Corsa,2019,10995.0,Manual,9300,Petrol,150,43.5,1.4
 Corsa,2017,10995.0,Automatic,14200,Petrol,150,47.9,1.4
 Corsa,2019,11495.0,Manual,4711,Petrol,145,44.8,1.4
 Corsa,2018,12995.0,Automatic,1786,Petrol,145,39.8,1.4
 Corsa,2018,11595.0,Manual,4900,Petrol,145,43.5,1.4
 Corsa,2019,11995.0,Manual,8500,Petrol,145,44.8,1.4
 Corsa,2019,8995.0,Manual,1000,Petrol,145,43.5,1.4
 Corsa,2017,11995.0,Automatic,10000,Petrol,145,47.9,1.4
 Corsa,2019,11495.0,Manual,7000,Petrol,150,43.5,1.4
 Corsa,2019,10995.0,Manual,3700,Petrol,150,44.8,1.4
 Corsa,2016,6410.0,Manual,16343,Petrol,30,55.4,1.4
 Corsa,2015,6250.0,Manual,37727,Petrol,30,55.4,1.4
 Corsa,2015,7799.0,Manual,27240,Petrol,125,54.3,1.4
 Corsa,2015,8799.0,Automatic,29233,Petrol,145,47.9,1.4
 Corsa,2017,7799.0,Manual,33112,Petrol,145,54.3,1.4
 Corsa,2015,7299.0,Manual,19911,Petrol,30,55.4,1.4
 Corsa,2016,7699.0,Manual,12180,Petrol,30,55.4,1.4
 Corsa,2015,6990.0,Manual,23401,Petrol,30,57.6,1.0
 Corsa,2019,10000.0,Manual,4700,Petrol,145,43.5,1.4
 Corsa,2017,10995.0,Automatic,14200,Petrol,145,47.9,1.4
 Corsa,2018,8300.0,Manual,10260,Petrol,145,54.3,1.4
 Corsa,2018,8300.0,Manual,12759,Petrol,145,54.3,1.4
 Corsa,2018,8300.0,Manual,15589,Petrol,145,54.3,1.4
 Corsa,2018,8300.0,Manual,16374,Petrol,145,54.3,1.4
 Corsa,2015,11999.0,Manual,19032,Petrol,235,37.7,1.6
 Corsa,2015,4999.0,Manual,51000,Petrol,125,53.3,1.2
 Corsa,2019,10199.0,Manual,11259,Petrol,145,43.5,1.4
 Corsa,2019,11529.0,Manual,6952,Petrol,145,43.5,1.4
 Corsa,2019,11529.0,Manual,6914,Petrol,145,43.5,1.4
 Corsa,2015,6989.0,Manual,25544,Petrol,20,64.2,1.0
 Corsa,2019,10995.0,Manual,795,Petrol,145,43.5,1.4
 Corsa,2019,11995.0,Manual,9606,Petrol,145,43.5,1.4
 Corsa,2018,12995.0,Automatic,4300,Petrol,145,39.8,1.4
 Corsa,2015,4990.0,Manual,59452,Petrol,125,53.3,1.2
 Corsa,2014,5599.0,Manual,59352,Petrol,125,51.4,1.2
 Corsa,2019,11529.0,Automatic,5388,Petrol,145,43.5,1.4
 Corsa,2016,7995.0,Manual,50403,Petrol,30,54.3,1.4
 Corsa,2019,11995.0,Manual,75,Petrol,145,44.8,1.4
 Corsa,2019,11995.0,Manual,3351,Petrol,145,43.5,1.4
 Corsa,2019,10995.0,Manual,3119,Petrol,145,43.5,1.4
 Corsa,2015,7495.0,Manual,45317,Petrol,30,57.6,1.0
 Corsa,2018,8060.0,Manual,11561,Petrol,145,43.5,1.4
 Corsa,2017,8495.0,Manual,14696,Petrol,145,55.4,1.4
 Corsa,2016,7995.0,Manual,23591,Petrol,30,54.3,1.4
 Corsa,2019,10995.0,Manual,3664,Petrol,145,43.5,1.4
 Corsa,2019,10595.0,Manual,4190,Petrol,145,43.5,1.4
 Corsa,2019,10495.0,Manual,3588,Petrol,145,43.5,1.4
 Corsa,2015,6790.0,Manual,48232,Diesel,0,83.1,1.3
 Corsa,2018,9000.0,Manual,5875,Petrol,145,55.4,1.4
 Corsa,2018,10290.0,Manual,1837,Petrol,145,43.5,1.4
 Corsa,2017,9499.0,Manual,18656,Petrol,145,54.3,1.4
 Corsa,2017,6750.0,Manual,27148,Petrol,150,55.4,1.4
 Corsa,2016,9950.0,Automatic,21512,Petrol,150,47.9,1.4
 Corsa,2017,7750.0,Manual,26485,Petrol,145,55.4,1.4
 Corsa,2015,7295.0,Manual,28312,Petrol,20,64.2,1.0
 Corsa,2015,7295.0,Manual,45321,Petrol,30,57.6,1.0
 Corsa,2017,7995.0,Manual,12529,Petrol,30,55.4,1.4
 Corsa,2017,9995.0,Manual,14500,Petrol,150,49.6,1.4
 Corsa,2016,7490.0,Manual,15631,Petrol,30,55.4,1.4
 Corsa,2015,7799.0,Manual,27234,Petrol,30,55.4,1.4
 Corsa,2018,9599.0,Manual,5800,Petrol,145,43.5,1.4
 Corsa,2016,7000.0,Manual,35554,Petrol,30,55.4,1.4
 Corsa,2017,6990.0,Manual,25869,Petrol,30,54.3,1.4
 Corsa,2015,6995.0,Manual,62749,Petrol,30,56.5,1.0
 Corsa,2017,9995.0,Manual,14500,Petrol,145,49.6,1.4
 Corsa,2015,7495.0,Manual,45226,Petrol,125,53.3,1.4
 Corsa,2015,7495.0,Manual,45126,Petrol,30,55.4,1.4
 Corsa,2015,6000.0,Manual,32463,Petrol,125,52.3,1.2
 Corsa,2016,8250.0,Manual,11002,Petrol,125,54.3,1.4
 Corsa,2015,5499.0,Manual,54159,Petrol,30,55.4,1.4
 Corsa,2016,8299.0,Manual,13837,Petrol,30,55.4,1.4
 Corsa,2019,9500.0,Manual,2042,Petrol,145,43.5,1.4
 Corsa,2016,7490.0,Manual,8339,Petrol,30,55.4,1.4
 Corsa,2016,10990.0,Automatic,10140,Petrol,145,47.9,1.4
 Corsa,2015,6299.0,Manual,29415,Petrol,30,55.4,1.4
 Corsa,2017,7499.0,Manual,24000,Petrol,150,55.4,1.4
 Corsa,2018,8500.0,Manual,12076,Petrol,150,55.4,1.4
 Corsa,2014,6500.0,Manual,47999,Petrol,235,38.7,1.6
 Corsa,2015,7990.0,Manual,29400,Petrol,30,57.6,1.0
 Corsa,2019,10990.0,Manual,20,Petrol,150,43.5,1.4
 Corsa,2017,7990.0,Manual,33000,Petrol,30,55.4,1.4
 Corsa,2019,10990.0,Manual,20,Petrol,150,44.8,1.4
 Corsa,2017,8299.0,Manual,22759,Petrol,145,55.4,1.4
 Corsa,2015,7499.0,Manual,57214,Petrol,30,55.4,1.4
 Corsa,2013,5299.0,Manual,43554,Petrol,30,55.4,1.0
 Corsa,2018,8990.0,Manual,24500,Petrol,150,43.5,1.4
 Corsa,2016,8000.0,Manual,16182,Petrol,30,55.4,1.4
 Corsa,2019,9790.0,Manual,19954,Petrol,145,44.8,1.4
 Corsa,2018,9190.0,Manual,10801,Petrol,145,43.5,1.4
 Corsa,2019,11529.0,Manual,3756,Petrol,150,43.5,1.4
 Corsa,2015,7745.0,Manual,24589,Petrol,30,54.3,1.4
 Corsa,2016,6495.0,Manual,23576,Petrol,30,55.4,1.4
 Corsa,2016,5799.0,Manual,32460,Petrol,30,55.4,1.4
 Corsa,2016,8000.0,Manual,14500,Petrol,30,55.4,1.4
 Corsa,2018,9999.0,Manual,11500,Petrol,150,54.3,1.4
 Corsa,2017,7500.0,Manual,34000,Petrol,150,54.3,1.4
 Corsa,2018,9500.0,Manual,8205,Petrol,150,43.5,1.4
 Corsa,2017,7250.0,Manual,18397,Petrol,150,55.4,1.4
 Corsa,2019,10490.0,Manual,1854,Petrol,145,43.5,1.4
 Corsa,2016,6750.0,Manual,11429,Petrol,30,55.4,1.4
 Corsa,2015,9500.0,Automatic,14962,Petrol,145,47.9,1.4
 Corsa,2017,8000.0,Manual,17275,Petrol,145,55.4,1.4
 Corsa,2016,11500.0,Automatic,16260,Petrol,145,47.9,1.4
 Corsa,2018,9750.0,Manual,3430,Petrol,145,43.5,1.4
 Corsa,2018,8490.0,Manual,10,Petrol,150,55.4,1.4
 Corsa,2017,7599.0,Manual,11425,Petrol,30,55.4,1.4
 Corsa,2018,8990.0,Manual,13600,Petrol,145,43.5,1.4
 Corsa,2017,7800.0,Manual,13716,Petrol,150,55.4,1.4
 Corsa,2013,4000.0,Manual,68995,Diesel,0,83.1,1.3
 Corsa,2019,10990.0,Manual,963,Petrol,145,43.5,1.4
 Corsa,2019,11529.0,Manual,13028,Petrol,150,43.5,1.4
 Corsa,2015,6395.0,Manual,37514,Petrol,125,52.3,1.2
 Corsa,2015,7295.0,Manual,24277,Petrol,30,57.6,1.0
 Corsa,2019,10990.0,Manual,2108,Petrol,145,43.5,1.4
 Corsa,2019,10990.0,Manual,1003,Petrol,145,43.5,1.4
 Corsa,2019,10990.0,Manual,1236,Petrol,145,43.5,1.4
 Corsa,2016,6795.0,Manual,46124,Diesel,0,83.1,1.3
 Corsa,2015,5295.0,Manual,76299,Petrol,125,53.3,1.2
 Corsa,2019,10990.0,Manual,1743,Petrol,145,43.5,1.4
 Corsa,2019,10990.0,Manual,406,Petrol,145,43.5,1.4
 Corsa,2019,8700.0,Manual,8193,Petrol,145,43.5,1.4
 Corsa,2019,9680.0,Manual,8029,Petrol,145,43.5,1.4
 Corsa,2019,10398.0,Manual,12635,Petrol,145,43.5,1.4
 Corsa,2019,11529.0,Manual,11465,Petrol,145,43.5,1.4
 Corsa,2015,7495.0,Manual,21301,Petrol,0,65.7,1.0
 Corsa,2015,7795.0,Manual,23498,Petrol,125,54.3,1.4
 Corsa,2019,10657.0,Manual,1358,Petrol,145,44.8,1.4
 Corsa,2017,10195.0,Automatic,6525,Petrol,150,47.9,1.4
 Corsa,2019,10990.0,Manual,157,Petrol,145,43.5,1.4
 Corsa,2015,7201.0,Manual,25389,Petrol,30,55.4,1.4
 Corsa,2016,7210.0,Manual,41616,Petrol,30,54.3,1.4
 Corsa,2017,9995.0,Manual,8890,Petrol,145,49.6,1.4
 Corsa,2019,9995.0,Manual,17000,Petrol,150,43.5,1.4
 Corsa,2015,7999.0,Manual,33231,Petrol,30,57.6,1.0
 Corsa,2018,11499.0,Automatic,9811,Petrol,145,47.9,1.4
 Corsa,2016,8495.0,Manual,19526,Petrol,30,55.4,1.4
 Corsa,2015,7300.0,Manual,28421,Petrol,30,55.4,1.4
 Corsa,2014,4785.0,Manual,53479,Diesel,30,67.3,1.3
 Corsa,2016,8364.0,Semi-Auto,24888,Petrol,30,58.9,1.4
 Corsa,2019,12990.0,Automatic,3231,Petrol,145,40.9,1.4
 Corsa,2014,5849.0,Manual,35848,Petrol,125,51.4,1.4
 Corsa,2017,6995.0,Manual,65815,Petrol,30,55.4,1.4
 Corsa,2019,11995.0,Manual,2675,Petrol,150,43.5,1.4
 Corsa,2018,7295.0,Manual,45831,Petrol,145,54.3,1.4
 Corsa,2019,12750.0,Automatic,4000,Petrol,145,39.8,1.4
 Corsa,2017,6750.0,Manual,44012,Petrol,145,55.4,1.4
 Corsa,2019,10990.0,Manual,1858,Petrol,145,43.5,1.4
 Corsa,2018,8995.0,Manual,2590,Petrol,145,55.4,1.4
 Corsa,2015,8295.0,Manual,13878,Petrol,30,55.4,1.4
 Corsa,2016,10999.0,Automatic,20816,Petrol,145,47.9,1.4
 Corsa,2017,9478.0,Manual,23043,Petrol,30,55.4,1.4
 Corsa,2016,7399.0,Manual,22806,Petrol,30,54.3,1.4
 Corsa,2019,10695.0,Manual,8238,Petrol,145,43.5,1.4
 Corsa,2019,10495.0,Manual,9028,Petrol,145,43.5,1.4
 Corsa,2019,9823.0,Manual,7181,Petrol,145,43.5,1.4
 Corsa,2019,9761.0,Manual,7547,Petrol,145,43.5,1.4
 Corsa,2016,7495.0,Manual,19900,Petrol,30,55.4,1.4
 Corsa,2016,7995.0,Manual,33997,Petrol,30,54.4,1.4
 Corsa,2016,5995.0,Manual,49878,Petrol,30,55.4,1.4
 Corsa,2017,7499.0,Manual,37000,Petrol,150,55.4,1.4
 Corsa,2019,11995.0,Manual,1,Petrol,145,43.5,1.4
 Corsa,2017,8395.0,Manual,20350,Petrol,145,55.4,1.4
 Corsa,2018,9000.0,Manual,33049,Petrol,145,43.5,1.4
 Corsa,2018,7840.0,Manual,14486,Petrol,145,55.4,1.4
 Corsa,2013,4486.0,Manual,56579,Petrol,125,51.4,1.2
 Corsa,2017,7240.0,Manual,16508,Petrol,30,55.4,1.4
 Corsa,2018,8890.0,Manual,8316,Petrol,145,43.5,1.4
 Corsa,2018,12299.0,Automatic,6425,Petrol,145,39.8,1.4
 Corsa,2016,8799.0,Manual,13803,Petrol,30,55.4,1.4
 Corsa,2017,7495.0,Manual,51915,Petrol,150,55.4,1.4
 Corsa,2013,4990.0,Manual,66844,Petrol,125,51.4,1.4
 Corsa,2018,7799.0,Manual,44740,Petrol,145,55.4,1.4
 Corsa,2018,10499.0,Automatic,14453,Petrol,145,47.9,1.4
 Corsa,2018,8250.0,Manual,27826,Petrol,145,55.4,1.4
 Corsa,2019,11529.0,Manual,4702,Petrol,150,44.8,1.4
 Corsa,2015,8995.0,Automatic,36841,Petrol,150,47.9,1.4
 Corsa,2015,6999.0,Manual,31000,Petrol,125,53.3,1.2
 Corsa,2017,10990.0,Automatic,28438,Petrol,145,47.9,1.4
 Corsa,2018,9000.0,Manual,12652,Petrol,145,43.5,1.4
 Corsa,2017,10999.0,Automatic,9302,Petrol,150,47.9,1.4
 Corsa,2016,5450.0,Manual,59354,Petrol,30,55.4,1.4
 Corsa,2019,9980.0,Manual,8000,Petrol,145,44.8,1.4
 Corsa,2018,8750.0,Manual,15412,Petrol,145,55.4,1.4
 Corsa,2018,10995.0,Automatic,8000,Petrol,150,47.9,1.4
 Corsa,2017,9500.0,Automatic,16838,Petrol,145,47.9,1.4
 Corsa,2017,8495.0,Manual,22782,Petrol,30,54.3,1.4
 Corsa,2017,10888.0,Automatic,3895,Petrol,145,47.9,1.4
 Corsa,2013,2888.0,Manual,89231,Diesel,30,64.2,1.3
 Corsa,2015,10995.0,Automatic,900,Petrol,145,47.9,1.4
 Corsa,2016,7495.0,Manual,22561,Petrol,30,55.4,1.4
 Corsa,2019,9750.0,Manual,14608,Petrol,145,43.5,1.4
 Corsa,2016,8250.0,Manual,15301,Petrol,30,55.4,1.4
 Corsa,2016,8990.0,Manual,22422,Petrol,30,55.4,1.4
 Corsa,2015,6995.0,Manual,26302,Petrol,30,55.4,1.4
 Corsa,2018,8250.0,Manual,16383,Petrol,145,55.4,1.4
 Corsa,2016,6995.0,Manual,31000,Petrol,30,55.4,1.4
 Corsa,2018,11495.0,Automatic,15000,Petrol,150,39.8,1.4
 Corsa,2019,11480.0,Manual,1000,Petrol,145,43.5,1.4
 Corsa,2019,9980.0,Manual,5500,Petrol,145,43.5,1.4
 Corsa,2016,7450.0,Manual,19200,Petrol,30,55.4,1.4
 Corsa,2017,5444.0,Manual,75921,Petrol,30,54.3,1.4
 Corsa,2015,6830.0,Manual,27561,Petrol,30,55.4,1.4
 Corsa,2016,7995.0,Manual,31856,Petrol,30,55.4,1.4
 Corsa,2019,11197.0,Automatic,4702,Petrol,145,39.8,1.4
 Corsa,2016,7750.0,Manual,23000,Petrol,30,55.4,1.4
 Corsa,2019,12684.0,Automatic,6300,Petrol,145,40.9,1.4
 Corsa,2016,10544.0,Automatic,3831,Petrol,145,47.9,1.4
 Corsa,2018,8980.0,Manual,16383,Petrol,145,55.4,1.4
 Corsa,2018,8698.0,Manual,1900,Petrol,145,55.4,1.4
 Corsa,2016,9997.0,Automatic,23028,Petrol,145,47.1,1.4
 Corsa,2014,4995.0,Manual,16853,Petrol,30,55.4,1.0
 Corsa,2019,9544.0,Manual,4136,Petrol,145,43.5,1.4
 Corsa,2019,9575.0,Manual,3475,Petrol,145,43.5,1.4
 Corsa,2019,9799.0,Manual,3512,Petrol,145,43.5,1.4
 Corsa,2018,10364.0,Automatic,11889,Petrol,145,47.1,1.4
 Corsa,2017,8795.0,Manual,44000,Petrol,145,54.4,1.4
 Corsa,2018,10995.0,Automatic,15000,Petrol,145,47.9,1.4
 Corsa,2016,11495.0,Automatic,13000,Petrol,145,47.9,1.4
 Corsa,2015,6895.0,Manual,10500,Petrol,30,55.4,1.4
 Corsa,2017,7995.0,Manual,18000,Petrol,150,55.4,1.4
 Corsa,2017,10500.0,Automatic,12816,Petrol,145,47.1,1.4
 Corsa,2016,8495.0,Manual,22000,Petrol,30,55.4,1.4
 Corsa,2013,5495.0,Automatic,44000,Petrol,165,44.8,1.4
 Corsa,2017,6995.0,Manual,27000,Petrol,30,55.4,1.4
 Corsa,2018,8995.0,Manual,5600,Petrol,145,43.5,1.4
 Corsa,2015,6495.0,Manual,34600,Petrol,30,55.4,1.4
 Corsa,2018,9995.0,Manual,9000,Petrol,145,43.5,1.4
 Corsa,2019,10995.0,Manual,10,Petrol,150,44.8,1.4
 Corsa,2019,10495.0,Manual,20,Petrol,145,44.8,1.4
 Corsa,2017,10301.0,Automatic,4000,Petrol,150,47.9,1.4
 Corsa,2016,7543.0,Manual,16067,Petrol,30,55.4,1.4
 Corsa,2017,8802.0,Automatic,28676,Petrol,145,47.9,1.4
 Corsa,2016,7995.0,Manual,21000,Petrol,30,54.3,1.4
 Corsa,2018,8495.0,Manual,24000,Petrol,145,55.4,1.4
 Corsa,2019,9995.0,Manual,1500,Petrol,145,43.5,1.4
 Corsa,2019,11495.0,Manual,7000,Petrol,145,44.8,1.4
 Corsa,2018,8495.0,Manual,15000,Petrol,145,55.4,1.4
 Corsa,2019,12995.0,Automatic,5,Petrol,145,39.8,1.4
 Corsa,2018,10275.0,Automatic,16644,Petrol,145,47.1,1.4
 Corsa,2015,9268.0,Automatic,8888,Petrol,145,47.9,1.4
 Corsa,2018,10421.0,Automatic,12608,Petrol,145,47.1,1.4
 Corsa,2019,18995.0,Manual,500,Petrol,145,52.3,1.2
 Corsa,2018,8991.0,Manual,9300,Petrol,145,43.5,1.4
 Corsa,2018,8991.0,Manual,4000,Petrol,145,43.5,1.4
 Corsa,2016,8795.0,Manual,14500,Petrol,30,54.4,1.4
 Corsa,2016,7995.0,Manual,15100,Petrol,30,54.3,1.4
 Corsa,2017,10995.0,Automatic,18000,Petrol,150,47.9,1.4
 Corsa,2018,8995.0,Manual,23117,Petrol,145,55.4,1.4
 Corsa,2019,10990.0,Manual,5124,Petrol,145,43.5,1.4
 Corsa,2014,5495.0,Manual,58500,Petrol,125,51.4,1.2
 Corsa,2017,8750.0,Manual,13587,Petrol,150,55.4,1.4
 Corsa,2019,8827.0,Manual,14628,Petrol,145,43.5,1.4
 Corsa,2016,7495.0,Manual,27500,Petrol,30,55.4,1.4
 Corsa,2017,8995.0,Manual,5412,Petrol,30,54.3,1.4
 Corsa,2017,8995.0,Manual,7650,Petrol,30,55.4,1.4
 Corsa,2015,8467.0,Automatic,31456,Petrol,145,47.9,1.4
 Corsa,2016,7593.0,Manual,30500,Petrol,30,55.4,1.4
 Corsa,2016,10295.0,Automatic,22650,Petrol,145,47.9,1.4
 Corsa,2019,9295.0,Manual,15484,Petrol,145,43.5,1.4
 Corsa,2015,6995.0,Manual,37000,Petrol,125,54.3,1.4
 Corsa,2017,7695.0,Manual,24750,Petrol,145,55.4,1.4
 Corsa,2017,7995.0,Manual,39000,Petrol,145,54.3,1.4
 Corsa,2018,9495.0,Manual,16077,Petrol,145,55.4,1.4
 Corsa,2015,9495.0,Manual,10187,Petrol,30,55.4,1.4
 Corsa,2018,9343.0,Manual,10600,Petrol,145,43.5,1.4
 Corsa,2017,7495.0,Manual,10427,Petrol,145,55.4,1.4
 Corsa,2015,6995.0,Manual,33000,Petrol,125,53.3,1.2
 Corsa,2019,10995.0,Manual,14041,Petrol,145,43.5,1.4
 Corsa,2013,4995.0,Manual,39000,Petrol,125,51.4,1.2
 Corsa,2015,7390.0,Manual,24272,Petrol,30,55.4,1.4
 Corsa,2017,8495.0,Manual,11745,Petrol,145,55.4,1.4
 Corsa,2016,7995.0,Manual,14500,Petrol,30,55.4,1.4
 Corsa,2018,8850.0,Manual,7755,Petrol,150,55.4,1.4
 Corsa,2017,8995.0,Manual,4765,Petrol,145,54.3,1.4
 Corsa,2017,8195.0,Manual,10500,Petrol,30,55.4,1.4
 Corsa,2018,10495.0,Automatic,11515,Petrol,145,47.9,1.4
 Corsa,2016,7995.0,Manual,40100,Petrol,30,54.3,1.4
 Corsa,2019,11250.0,Manual,4206,Petrol,150,43.5,1.4
 Corsa,2017,7590.0,Manual,15208,Petrol,30,55.4,1.4
 Corsa,2016,7690.0,Manual,32891,Petrol,30,55.4,1.4
 Corsa,2013,5590.0,Manual,18273,Petrol,125,51.4,1.4
 Corsa,2018,7790.0,Manual,10242,Petrol,145,55.4,1.4
 Corsa,2019,14999.0,Manual,16931,Petrol,145,43.5,1.4
 Corsa,2019,10499.0,Manual,4782,Petrol,145,43.5,1.4
 Corsa,2017,8494.0,Manual,19700,Petrol,30,55.4,1.4
 Corsa,2015,7599.0,Manual,11150,Petrol,125,53.3,1.2
 Corsa,2016,8099.0,Automatic,32279,Petrol,145,47.9,1.4
 Corsa,2019,10975.0,Manual,3688,Petrol,145,43.5,1.4
 Corsa,2016,7000.0,Manual,42006,Petrol,30,55.4,1.4
 Corsa,2019,11529.0,Manual,8237,Petrol,145,43.5,1.4
 Corsa,2017,10799.0,Automatic,8068,Petrol,150,47.9,1.4
 Corsa,2019,11999.0,Automatic,5755,Petrol,145,39.8,1.4
 Corsa,2017,7095.0,Manual,18195,Petrol,145,55.4,1.4
 Corsa,2016,5980.0,Manual,34180,Petrol,125,53.3,1.2
 Corsa,2019,11529.0,Manual,11946,Petrol,145,43.5,1.4
 Corsa,2017,8499.0,Manual,14788,Petrol,30,55.4,1.4
 Corsa,2019,8950.0,Manual,12500,Petrol,150,43.5,1.4
 Corsa,2019,8480.0,Manual,10107,Petrol,145,43.5,1.4
 Corsa,2016,7210.0,Manual,24277,Petrol,30,55.4,1.4
 Corsa,2016,10750.0,Automatic,5600,Petrol,145,47.9,1.4
 Corsa,2017,7680.0,Manual,16129,Petrol,30,55.4,1.4
 Corsa,2016,8510.0,Manual,14786,Petrol,30,54.3,1.4
 Corsa,2016,7080.0,Manual,24982,Petrol,30,55.4,1.4
 Corsa,2015,6732.0,Manual,34037,Petrol,125,54.3,1.4
 Corsa,2018,9495.0,Manual,13000,Petrol,145,55.4,1.4
 Corsa,2018,11190.0,Automatic,4716,Petrol,145,47.9,1.4
 Corsa,2017,10320.0,Automatic,6397,Petrol,145,47.9,1.4
 Corsa,2017,8620.0,Manual,13560,Petrol,145,54.3,1.4
 Corsa,2017,7490.0,Manual,19805,Petrol,150,55.4,1.4
 Corsa,2017,7910.0,Manual,14973,Petrol,145,55.4,1.4
 Corsa,2015,6926.0,Manual,32127,Petrol,30,55.4,1.4
 Corsa,2017,7570.0,Manual,19158,Petrol,30,55.4,1.4
 Corsa,2016,8450.0,Manual,10658,Petrol,30,55.4,1.4
 Corsa,2016,7260.0,Manual,29371,Petrol,125,54.3,1.4
 Corsa,2018,10995.0,Automatic,7189,Petrol,145,39.8,1.4
 Corsa,2017,7650.0,Manual,28563,Petrol,125,54.3,1.4
 Corsa,2016,9995.0,Automatic,26256,Petrol,145,47.9,1.4
 Corsa,2014,4040.0,Manual,50322,Petrol,30,55.4,1.0
 Corsa,2013,4825.0,Manual,75529,Petrol,125,51.4,1.4
 Corsa,2016,6890.0,Manual,11000,Petrol,30,55.4,1.4
 Corsa,2015,6344.0,Manual,25971,Petrol,30,55.4,1.4
 Corsa,2019,10240.0,Manual,100,Petrol,145,43.5,1.4
 Corsa,2013,5998.0,Manual,54331,Petrol,125,51.4,1.2
 Corsa,2017,6990.0,Manual,27173,Petrol,150,55.4,1.4
 Corsa,2016,10080.0,Automatic,9301,Petrol,145,47.9,1.4
 Corsa,2014,6100.0,Manual,35000,Petrol,125,51.4,1.2
 Corsa,2018,7352.0,Manual,25237,Petrol,145,55.4,1.4
 Corsa,2019,9698.0,Manual,14675,Petrol,145,43.5,1.4
 Corsa,2015,8869.0,Automatic,20249,Petrol,145,47.9,1.4
 Corsa,2018,8791.0,Manual,14331,Petrol,145,54.3,1.4
 Corsa,2017,7591.0,Manual,12557,Petrol,145,55.4,1.4
 Corsa,2019,9999.0,Manual,50,Petrol,145,44.8,1.4
 Corsa,2019,11999.0,Manual,50,Petrol,145,43.5,1.4
 Corsa,2017,7328.0,Manual,15352,Petrol,145,55.4,1.4
 Corsa,2017,7899.0,Manual,20610,Petrol,30,55.4,1.4
 Corsa,2017,8499.0,Manual,4052,Petrol,30,55.4,1.4
 Corsa,2019,11399.0,Manual,50,Petrol,145,43.5,1.4
 Corsa,2018,7999.0,Manual,15661,Petrol,145,55.4,1.4
 Corsa,2015,8499.0,Automatic,34003,Petrol,145,47.1,1.4
 Corsa,2018,8500.0,Manual,12032,Petrol,150,55.4,1.4
 Corsa,2016,5987.0,Manual,59992,Petrol,30,55.4,1.4
 Corsa,2015,7730.0,Manual,20709,Petrol,30,57.6,1.0
 Corsa,2019,10995.0,Manual,9,Petrol,150,44.8,1.4
 Corsa,2019,10995.0,Manual,4529,Petrol,150,43.5,1.4
 Corsa,2019,9695.0,Manual,3685,Petrol,145,43.5,1.4
 Corsa,2017,10695.0,Automatic,30968,Petrol,145,47.1,1.4
 Corsa,2019,11499.0,Manual,50,Petrol,150,43.5,1.4
 Corsa,2019,11799.0,Manual,50,Petrol,150,43.5,1.4
 Corsa,2015,7999.0,Automatic,39000,Petrol,150,47.1,1.4
 Corsa,2016,9495.0,Manual,21299,Petrol,30,55.4,1.4
 Corsa,2015,6191.0,Manual,37704,Petrol,30,55.4,1.4
 Corsa,2016,8995.0,Manual,17428,Petrol,30,54.3,1.4
 Corsa,2016,8995.0,Manual,52808,Petrol,235,37.7,1.6
 Corsa,2017,7991.0,Manual,21053,Petrol,150,55.4,1.4
 Corsa,2018,8691.0,Manual,28821,Petrol,150,55.4,1.4
 Corsa,2019,9291.0,Manual,8063,Petrol,150,43.5,1.4
 Corsa,2019,8991.0,Manual,6164,Petrol,150,43.5,1.4
 Corsa,2017,7495.0,Manual,18499,Petrol,145,55.4,1.4
 Corsa,2017,7995.0,Manual,26852,Petrol,30,55.4,1.4
 Corsa,2017,7795.0,Manual,25781,Petrol,145,55.4,1.4
 Corsa,2017,7795.0,Manual,21743,Petrol,145,55.4,1.4
 Corsa,2017,8950.0,Manual,8691,Petrol,145,54.4,1.4
 Corsa,2019,9991.0,Manual,6001,Petrol,150,43.5,1.4
 Corsa,2019,10191.0,Manual,3541,Petrol,150,43.5,1.4
 Corsa,2016,7500.0,Manual,28684,Petrol,30,55.4,1.4
 Corsa,2018,7990.0,Manual,15075,Petrol,150,43.5,1.4
 Corsa,2012,2495.0,Manual,94000,Petrol,125,51.4,1.2
 Corsa,2016,4995.0,Manual,75000,Petrol,30,55.4,1.4
 Corsa,2010,1995.0,Manual,96000,Petrol,125,53.3,1.2
 Corsa,2012,2695.0,Manual,78000,Petrol,125,51.4,1.2
 Corsa,2018,8690.0,Manual,2270,Petrol,145,54.3,1.4
 Corsa,2002,1495.0,Manual,26000,Petrol,200,44.8,1.2
 Corsa,2013,4000.0,Manual,70782,Petrol,125,51.4,1.4
 Corsa,2013,3695.0,Manual,61690,Diesel,30,67.3,1.2
 Corsa,2012,3500.0,Manual,69724,Petrol,125,51.4,1.2
 Corsa,2008,3495.0,Manual,63000,Diesel,125,58.9,1.2
 Corsa,2019,8995.0,Manual,1438,Petrol,145,43.5,1.4
 Corsa,2017,8695.0,Manual,23359,Petrol,150,57.6,1.0
 Corsa,2014,6995.0,Manual,8259,Petrol,125,51.4,1.2
 Corsa,2013,5995.0,Automatic,36000,Petrol,165,44.8,1.4
 Corsa,2013,3995.0,Manual,86000,Petrol,125,51.4,1.2
 Corsa,2018,8250.0,Manual,26399,Petrol,145,55.4,1.4
 Corsa,2012,3995.0,Manual,61100,Petrol,125,51.4,1.4
 Corsa,2016,6700.0,Manual,14200,Petrol,30,55.4,1.4
 Corsa,2016,7500.0,Manual,36800,Petrol,125,54.3,1.4
 Corsa,2013,5995.0,Manual,36495,Petrol,125,51.4,1.4
 Corsa,2013,4979.0,Manual,42540,Petrol,125,51.4,1.4
 Corsa,2017,7499.0,Manual,47376,Petrol,30,55.4,1.4
 Corsa,2017,6495.0,Manual,37800,Petrol,30,55.4,1.4
 Corsa,2015,8950.0,Manual,28561,Petrol,265,37.2,1.6
 Corsa,2017,7250.0,Manual,55000,Petrol,150,54.3,1.4
 Corsa,2017,7995.0,Manual,6500,Petrol,150,55.4,1.4
 Corsa,2019,12000.0,Manual,9810,Petrol,145,43.5,1.4
 Corsa,2016,6795.0,Manual,29000,Petrol,30,55.4,1.4
 Corsa,2018,9000.0,Manual,9218,Petrol,145,55.4,1.4
 Corsa,2014,8995.0,Manual,4572,Petrol,145,43.5,1.4
 Corsa,2013,4500.0,Manual,68672,Petrol,125,51.4,1.4
 Corsa,2018,9499.0,Manual,8510,Petrol,145,43.5,1.4
 Corsa,2019,12000.0,Manual,6483,Petrol,145,44.8,1.4
 Corsa,2017,10199.0,Automatic,17667,Petrol,145,47.9,1.4
 Corsa,2015,5495.0,Manual,46000,Petrol,30,55.4,1.4
 Corsa,2015,6495.0,Manual,36762,Petrol,30,55.4,1.4
 Corsa,2014,6488.0,Manual,66601,Petrol,235,38.7,1.6
 Corsa,2019,10000.0,Manual,5634,Petrol,145,43.5,1.4
 Corsa,2019,10500.0,Manual,10607,Petrol,145,43.5,1.4
 Corsa,2011,4499.0,Manual,57311,Petrol,125,51.4,1.4
 Corsa,2018,9499.0,Manual,10644,Petrol,145,61.4,1.0
 Corsa,2019,9999.0,Manual,8108,Petrol,145,43.5,1.4
 Corsa,2019,10299.0,Manual,6141,Petrol,145,43.5,1.4
 Corsa,2016,7299.0,Manual,41764,Petrol,30,55.4,1.4
 Corsa,2015,7499.0,Manual,41408,Petrol,125,55.4,1.4
 Corsa,2019,10999.0,Manual,825,Petrol,145,43.5,1.4
 Corsa,2019,10999.0,Manual,6532,Petrol,145,43.5,1.4
 Corsa,2019,10999.0,Manual,7462,Petrol,145,43.5,1.4
 Corsa,2017,7000.0,Manual,45659,Petrol,145,55.4,1.4
 Corsa,2017,9999.0,Automatic,40978,Petrol,150,47.1,1.4
 Corsa,2015,6499.0,Manual,29006,Petrol,125,53.3,1.2
 Corsa,2013,3999.0,Manual,52949,Petrol,125,51.4,1.2
 Corsa,2017,7499.0,Manual,11940,Petrol,150,54.3,1.4
 Corsa,2019,11000.0,Manual,2745,Petrol,150,43.5,1.4
 Corsa,2019,11000.0,Manual,6256,Petrol,150,43.5,1.4
 Corsa,2016,6000.0,Manual,45480,Petrol,30,55.4,1.4
 Corsa,2018,8999.0,Manual,15068,Petrol,150,54.3,1.4
 Corsa,2015,7500.0,Manual,37565,Petrol,125,54.3,1.4
 Corsa,2010,2995.0,Manual,71000,Petrol,125,53.3,1.2
 Corsa,2010,2795.0,Manual,84989,Petrol,125,53.3,1.2
 Corsa,2017,7999.0,Manual,14000,Petrol,145,54.3,1.4
 Corsa,2017,7999.0,Manual,34745,Petrol,30,55.4,1.4
 Corsa,2015,6299.0,Manual,45893,Petrol,30,54.3,1.4
 Corsa,2019,9995.0,Manual,7000,Petrol,145,43.5,1.4
 Corsa,2020,15750.0,Manual,1728,Petrol,145,53.3,1.2
 Corsa,2020,16950.0,Automatic,657,Petrol,150,48.7,1.2
 Corsa,2015,4750.0,Manual,81826,Petrol,125,52.3,1.2
 Corsa,2016,7490.0,Manual,21600,Petrol,30,54.3,1.4
 Corsa,2009,2950.0,Manual,90843,Petrol,145,48.7,1.2
 Corsa,2013,3450.0,Manual,83000,Diesel,30,67.3,1.2
 Corsa,2019,9495.0,Manual,3345,Petrol,145,43.5,1.4
 Corsa,2012,3995.0,Manual,67900,Petrol,125,51.4,1.2
 Corsa,2005,2195.0,Automatic,82000,Petrol,260,38.2,1.4
 Corsa,2011,4995.0,Automatic,39000,Petrol,140,49.6,1.4
 Corsa,2010,2699.0,Manual,43000,Petrol,145,48.7,1.2
 Corsa,2020,17950.0,Manual,200,Petrol,145,52.3,1.2
 Corsa,2019,9489.0,Manual,26997,Petrol,145,43.5,1.4
 Corsa,2019,9999.0,Manual,3683,Petrol,145,43.5,1.4
 Corsa,2019,9999.0,Manual,1440,Petrol,145,43.5,1.4
 Corsa,2019,10998.0,Manual,3460,Petrol,145,43.5,1.4
 Corsa,2019,10998.0,Manual,2674,Petrol,145,43.5,1.4
 Corsa,2019,8690.0,Manual,13534,Petrol,145,43.5,1.4
 Corsa,2019,10290.0,Manual,8586,Petrol,150,43.5,1.4
 Corsa,2019,10290.0,Manual,6560,Petrol,150,43.5,1.4
 Corsa,2017,7490.0,Manual,31105,Petrol,150,54.3,1.4
 Corsa,2017,7990.0,Manual,7426,Petrol,145,54.3,1.4
 Corsa,2019,10490.0,Manual,5922,Petrol,150,43.5,1.4
 Corsa,2019,8690.0,Manual,19417,Petrol,150,43.5,1.4
 Corsa,2016,7295.0,Manual,19000,Petrol,30,54.3,1.4
 Corsa,2019,8750.0,Manual,4590,Petrol,150,44.8,1.4
 Corsa,2016,6900.0,Manual,18417,Petrol,30,55.4,1.4
 Corsa,2019,9997.0,Manual,6833,Petrol,150,43.5,1.4
 Corsa,2016,6495.0,Manual,38000,Petrol,30,55.4,1.4
 Corsa,2018,9495.0,Manual,7319,Petrol,145,55.4,1.4
 Corsa,2019,9000.0,Manual,3327,Petrol,145,43.5,1.4
 Corsa,2017,7995.0,Manual,12852,Petrol,30,54.3,1.4
 Corsa,2016,6895.0,Manual,36000,Petrol,30,54.3,1.4
 Corsa,2019,9995.0,Manual,1216,Petrol,150,43.5,1.4
 Corsa,2014,4750.0,Manual,51399,Petrol,125,51.4,1.4
 Corsa,2012,3495.0,Manual,76200,Petrol,125,51.4,1.4
 Corsa,2019,9995.0,Manual,6549,Petrol,150,43.5,1.4
 Corsa,2019,9995.0,Manual,3132,Petrol,150,43.5,1.4
 Corsa,2019,8995.0,Manual,7934,Petrol,150,43.5,1.4
 Corsa,2019,9994.0,Manual,1042,Petrol,145,43.5,1.4
 Corsa,2019,9994.0,Manual,1135,Petrol,145,43.5,1.4
 Corsa,2019,9994.0,Manual,2196,Petrol,145,43.5,1.4
 Corsa,2019,10320.0,Manual,1195,Petrol,145,43.5,1.4
 Corsa,2019,9994.0,Manual,3331,Petrol,145,43.5,1.4
 Corsa,2019,9870.0,Manual,13517,Petrol,145,43.5,1.4
 Corsa,2019,15600.0,Manual,1945,Petrol,145,43.5,1.4
 Corsa,2019,9994.0,Manual,1294,Petrol,145,43.5,1.4
 Corsa,2016,5694.0,Manual,36113,Petrol,30,55.4,1.4
 Corsa,2012,4371.0,Manual,44930,Petrol,125,51.4,1.2
 Corsa,2012,4495.0,Manual,38200,Petrol,125,51.4,1.2
 Corsa,2017,7500.0,Manual,9903,Petrol,145,55.4,1.4
 Corsa,2019,8499.0,Manual,15000,Petrol,145,43.5,1.4
 Corsa,2019,10200.0,Manual,81,Petrol,145,43.5,1.4
 Corsa,2016,6690.0,Manual,36921,Petrol,30,54.3,1.4
 Corsa,2014,4190.0,Manual,45802,Petrol,125,51.4,1.2
 Corsa,2015,6595.0,Manual,25700,Petrol,30,55.4,1.4
 Corsa,2017,7533.0,Manual,18000,Petrol,145,55.4,1.4
 Corsa,2019,9995.0,Manual,9655,Petrol,145,43.5,1.4
 Corsa,2010,2999.0,Manual,87000,Petrol,125,53.3,1.2
 Corsa,2017,7554.0,Manual,25307,Petrol,30,55.4,1.4
 Corsa,2017,6885.0,Manual,22051,Petrol,30,55.4,1.4
 Corsa,2014,5299.0,Manual,28000,Petrol,125,51.4,1.2
 Corsa,2013,3640.0,Manual,56000,Petrol,125,51.4,1.2
 Corsa,2018,9149.0,Manual,7628,Petrol,145,43.5,1.4
 Corsa,2014,5250.0,Automatic,65156,Petrol,165,44.8,1.4
 Corsa,2016,9750.0,Automatic,4562,Petrol,145,47.9,1.4
 Corsa,2019,11250.0,Manual,3522,Petrol,145,43.5,1.4
 Corsa,2019,9750.0,Manual,3501,Petrol,145,43.5,1.4
 Corsa,2019,10995.0,Manual,3171,Petrol,145,43.5,1.4
 Corsa,2017,7850.0,Manual,7309,Petrol,145,55.4,1.4
 Corsa,2016,6100.0,Manual,15000,Petrol,125,53.3,1.2
 Corsa,2013,4500.0,Manual,44015,Petrol,125,51.4,1.2
 Corsa,2019,10494.0,Manual,20540,Petrol,145,43.5,1.4
 Corsa,2017,9750.0,Manual,28409,Petrol,20,61.4,1.0
 Corsa,2019,9249.0,Manual,12329,Petrol,145,43.5,1.4
 Corsa,2016,5750.0,Manual,34706,Petrol,30,55.4,1.4
 Corsa,2019,10550.0,Manual,10471,Petrol,145,43.5,1.4
 Corsa,2016,7050.0,Manual,32374,Petrol,30,55.4,1.4
 Corsa,2019,10650.0,Manual,5864,Petrol,150,44.8,1.4
 Corsa,2019,10290.0,Manual,4844,Petrol,150,43.5,1.4
 Corsa,2017,7475.0,Manual,20616,Petrol,0,78.5,1.4
 Corsa,2017,11800.0,Manual,25000,Petrol,145,37.7,1.6
 Corsa,2015,7500.0,Manual,44086,Petrol,30,54.3,1.4
 Corsa,2015,6600.0,Manual,35517,Petrol,30,57.6,1.0
 Corsa,2014,5700.0,Manual,42805,Petrol,125,51.4,1.2
 Corsa,2019,10200.0,Manual,11492,Petrol,145,43.5,1.4
 Corsa,2017,8600.0,Manual,14330,Petrol,145,55.4,1.4
 Corsa,2016,6400.0,Manual,25958,Petrol,30,55.4,1.4
 Corsa,2018,8000.0,Manual,17156,Petrol,150,55.4,1.4
 Corsa,2018,9200.0,Manual,12397,Petrol,150,54.3,1.4
 Corsa,2018,10495.0,Manual,11000,Petrol,145,43.5,1.4
 Corsa,2017,8300.0,Manual,15246,Petrol,145,55.4,1.4
 Corsa,2016,8400.0,Manual,23170,Petrol,30,55.4,1.4
 Corsa,2018,9000.0,Manual,2164,Petrol,145,43.5,1.4
 Corsa,2018,9500.0,Manual,2809,Petrol,145,43.5,1.4
 Corsa,2018,9000.0,Manual,3406,Petrol,145,43.5,1.4
 Corsa,2019,9500.0,Manual,7040,Petrol,150,43.5,1.4
 Corsa,2019,9500.0,Manual,7111,Petrol,150,43.5,1.4
 Corsa,2012,5900.0,Manual,67000,Petrol,235,38.7,1.6
 Corsa,2016,7700.0,Manual,27000,Petrol,30,54.3,1.4
 Corsa,2012,5220.0,Manual,43000,Petrol,125,51.4,1.2
 Corsa,2013,4500.0,Manual,65772,Petrol,125,51.4,1.2
 Corsa,2013,4350.0,Manual,66026,Petrol,125,51.4,1.4
 Corsa,2011,4950.0,Manual,40090,Petrol,125,53.3,1.2
 Corsa,2019,9750.0,Manual,5272,Petrol,145,43.5,1.4
 Corsa,2019,9700.0,Manual,8929,Petrol,145,43.5,1.4
 Corsa,2018,9000.0,Manual,9430,Petrol,145,55.4,1.4
 Corsa,2019,10000.0,Manual,9225,Petrol,145,43.5,1.4
 Corsa,2011,5000.0,Automatic,45090,Petrol,160,46.3,1.4
 Corsa,2015,4500.0,Manual,49825,Petrol,30,55.4,1.0
 Corsa,2019,9700.0,Manual,11229,Petrol,145,43.5,1.4
 Corsa,2019,9700.0,Manual,13093,Petrol,145,43.5,1.4
 Corsa,2017,8300.0,Manual,19768,Petrol,145,54.3,1.4
 Corsa,2019,10000.0,Manual,8570,Petrol,145,43.5,1.4
 Corsa,2013,5000.0,Manual,51000,Petrol,125,51.4,1.4
 Corsa,2017,6490.0,Manual,18000,Petrol,145,55.4,1.4
 Corsa,2015,5990.0,Manual,21000,Petrol,30,55.4,1.4
 Corsa,2015,4990.0,Manual,44000,Petrol,125,52.3,1.2
 Corsa,2018,7490.0,Manual,18000,Petrol,145,54.3,1.4
 Corsa,2013,3250.0,Manual,110000,Petrol,125,51.4,1.2
 Corsa,2018,10500.0,Automatic,17000,Petrol,145,47.1,1.4
 Corsa,2016,6500.0,Manual,39000,Petrol,30,55.4,1.4
 Corsa,2017,9150.0,Manual,9000,Petrol,145,55.4,1.4
 Corsa,2016,5490.0,Manual,42000,Petrol,125,54.3,1.4
 Corsa,2016,5990.0,Manual,37000,Petrol,30,54.3,1.4
 Corsa,2015,5990.0,Manual,25000,Petrol,125,54.3,1.4
 Corsa,2015,6650.0,Manual,40000,Petrol,30,55.4,1.4
 Corsa,2015,5490.0,Manual,46000,Petrol,30,55.4,1.4
 Corsa,2016,5990.0,Manual,31000,Petrol,30,55.4,1.4
 Corsa,2015,4990.0,Manual,77000,Petrol,30,55.4,1.4
 Corsa,2010,3250.0,Manual,65000,Petrol,125,51.4,1.4
 Corsa,2017,7450.0,Manual,47000,Diesel,0,85.6,1.2
 Corsa,2016,6750.0,Manual,44000,Petrol,30,54.3,1.4
 Corsa,2015,5490.0,Manual,46000,Petrol,125,54.3,1.4
 Corsa,2016,5490.0,Manual,48000,Petrol,30,54.3,1.4
 Corsa,2015,4990.0,Manual,39000,Petrol,125,53.3,1.2
 Corsa,2019,9500.0,Manual,6730,Petrol,145,43.5,1.4
 Corsa,2019,9700.0,Manual,6066,Petrol,145,43.5,1.4
 Corsa,2016,6399.0,Manual,27363,Petrol,125,53.3,1.2
 Corsa,2015,4490.0,Manual,57000,Petrol,125,53.3,1.2
 Corsa,2016,5490.0,Manual,58000,Diesel,0,88.3,1.2
 Corsa,2015,4990.0,Manual,45000,Petrol,125,52.3,1.2
 Corsa,2017,4990.0,Manual,75000,Petrol,30,55.4,1.4
 Corsa,2017,9874.0,Automatic,9899,Petrol,145,47.9,1.4
 Corsa,2018,8817.0,Manual,1712,Petrol,145,43.5,1.4
 Corsa,2017,8500.0,Manual,10202,Petrol,145,55.4,1.4
 Corsa,2014,6661.0,Manual,20180,Petrol,125,51.4,1.2
 Corsa,2017,6595.0,Manual,37336,Petrol,145,54.3,1.4
 Corsa,2017,7999.0,Manual,22322,Petrol,30,54.3,1.4
 Corsa,2017,7500.0,Manual,22150,Petrol,150,55.4,1.4
 Corsa,2017,7000.0,Manual,13554,Petrol,145,54.3,1.4
 Corsa,2015,7194.0,Manual,32885,Petrol,125,54.3,1.4
 Corsa,2016,7477.0,Manual,24348,Petrol,30,55.4,1.4
 Corsa,2015,6149.0,Manual,28567,Petrol,125,52.3,1.2
 Corsa,2017,8970.0,Manual,10164,Petrol,145,49.6,1.4
 Corsa,2015,5995.0,Manual,37271,Petrol,30,55.4,1.4
 Corsa,2009,2895.0,Manual,45115,Petrol,145,48.7,1.2
 Corsa,2015,6377.0,Manual,15405,Petrol,30,55.4,1.4
 Corsa,2015,5999.0,Manual,19625,Petrol,125,52.3,1.2
 Corsa,2015,6292.0,Manual,29253,Petrol,125,53.3,1.2
 Corsa,2016,7499.0,Manual,26147,Petrol,30,55.4,1.4
 Corsa,2015,6999.0,Manual,30909,Petrol,125,52.3,1.2
 Corsa,2012,4968.0,Manual,40626,Petrol,125,51.4,1.2
 Corsa,2015,6490.0,Manual,25000,Petrol,125,54.3,1.4
 Corsa,2012,3970.0,Manual,77000,Petrol,30,55.4,1.0
 Corsa,2009,2940.0,Manual,72000,Petrol,165,46.3,1.2
 Corsa,2016,6979.0,Manual,25286,Petrol,30,54.3,1.4
 Corsa,2012,3940.0,Manual,80000,Petrol,125,51.4,1.4
 Corsa,2013,3790.0,Manual,67481,Petrol,125,51.4,1.4
 Corsa,2013,5240.0,Manual,27000,Petrol,125,51.4,1.2
 Corsa,2015,5899.0,Manual,23290,Petrol,125,52.3,1.2
 Corsa,2019,10250.0,Manual,1453,Petrol,150,43.5,1.4
 Corsa,2015,6848.0,Manual,30658,Petrol,30,55.4,1.4
 Corsa,2016,7574.0,Manual,18249,Petrol,30,55.4,1.4
 Corsa,2017,7216.0,Manual,30955,Petrol,125,54.3,1.4
 Corsa,2018,9999.0,Manual,8248,Petrol,145,49.6,1.4
 Corsa,2016,7348.0,Manual,32114,Petrol,30,55.4,1.4
 Corsa,2014,4499.0,Manual,60715,Petrol,125,51.4,1.2
 Corsa,2016,7050.0,Manual,30356,Petrol,30,55.4,1.4
 Corsa,2013,6190.0,Manual,29058,Petrol,125,51.4,1.2
 Corsa,2007,2690.0,Manual,61429,Petrol,165,45.6,1.4
 Corsa,2010,4690.0,Automatic,70219,Petrol,150,47.9,1.4
 Corsa,2016,7500.0,Manual,35653,Diesel,0,78.5,1.2
 Corsa,2009,2995.0,Manual,75852,Petrol,165,46.3,1.4
 Corsa,2013,3995.0,Manual,82500,Petrol,125,51.4,1.2
 Corsa,2010,4495.0,Manual,40214,Petrol,125,51.4,1.4
 Corsa,2014,4795.0,Manual,72500,Diesel,0,85.6,1.2
 Corsa,2019,7500.0,Manual,19682,Petrol,145,43.5,1.4
 Corsa,2019,7995.0,Manual,15170,Petrol,150,43.5,1.4
 Corsa,2019,10444.0,Automatic,8540,Petrol,145,39.8,1.4
 Corsa,2014,3995.0,Manual,81608,Petrol,125,51.4,1.2
 Corsa,2015,6000.0,Manual,53252,Petrol,30,55.4,1.4
 Corsa,2013,4499.0,Manual,55926,Petrol,125,51.4,1.4
 Corsa,2008,1995.0,Manual,87680,Diesel,30,62.8,1.2
 Corsa,2016,6670.0,Manual,27963,Petrol,30,55.4,1.4
 Corsa,2019,10970.0,Automatic,1206,Petrol,150,39.8,1.4
 Corsa,2015,6470.0,Manual,29441,Petrol,30,55.4,1.4
 Corsa,2019,9995.0,Manual,2343,Petrol,145,43.5,1.4
 Corsa,2019,10500.0,Manual,11636,Petrol,145,43.5,1.4
 Corsa,2018,7945.0,Manual,34309,Petrol,145,54.3,1.4
 Corsa,2013,3997.0,Manual,34743,Petrol,125,51.4,1.2
 Corsa,2019,9450.0,Manual,2167,Petrol,145,43.5,1.4
 Corsa,2018,7479.0,Manual,10715,Petrol,145,55.4,1.4
 Corsa,2016,6999.0,Manual,31733,Petrol,30,55.4,1.4
 Corsa,2016,6490.0,Manual,37872,Petrol,30,54.3,1.4
 Corsa,2010,2790.0,Manual,48412,Petrol,125,53.3,1.2
 Corsa,2015,6995.0,Manual,38200,Petrol,125,52.3,1.2
 Corsa,2020,16749.0,Manual,115,Petrol,145,52.3,1.2
 Corsa,2014,5995.0,Manual,28475,Petrol,125,51.4,1.4
 Corsa,2019,8994.0,Manual,12990,Petrol,145,43.5,1.4
 Corsa,2015,6449.0,Manual,31000,Petrol,30,55.4,1.4
 Corsa,2014,5495.0,Manual,41000,Petrol,125,51.4,1.2
 Corsa,2007,1499.0,Manual,96468,Petrol,165,45.6,1.4
 Corsa,2012,3499.0,Manual,80015,Petrol,30,55.4,1.2
 Corsa,2019,10495.0,Manual,4500,Petrol,150,43.5,1.4
 Corsa,2014,5149.0,Manual,36885,Petrol,125,51.4,1.2
 Corsa,2015,6999.0,Manual,32632,Diesel,0,83.1,1.2
 Corsa,2015,7995.0,Manual,8800,Petrol,125,54.3,1.4
 Corsa,2017,7555.0,Manual,15388,Petrol,30,55.4,1.4
 Corsa,2006,2349.0,Automatic,86000,Petrol,260,38.2,1.4
 Corsa,2019,8448.0,Manual,20000,Petrol,145,43.5,1.4
 Corsa,2016,6399.0,Manual,57851,Diesel,0,83.1,1.2
 Corsa,2018,9926.0,Manual,16773,Petrol,145,49.6,1.4
 Corsa,2017,8495.0,Manual,17701,Petrol,145,54.3,1.4
 Corsa,2012,3995.0,Manual,47752,Petrol,125,51.4,1.2
 Corsa,2019,9995.0,Manual,1875,Petrol,145,43.5,1.4
 Corsa,2016,8232.0,Manual,12197,Petrol,30,55.4,1.0
 Corsa,2019,9995.0,Manual,17296,Petrol,145,43.5,1.4
 Corsa,2019,8700.0,Manual,18750,Petrol,145,43.5,1.4
 Corsa,2016,6999.0,Manual,33397,Petrol,30,55.4,1.4
 Corsa,2015,6999.0,Manual,25638,Petrol,125,52.3,1.2
 Corsa,2019,8795.0,Manual,10643,Petrol,145,43.5,1.4
 Corsa,2017,7995.0,Manual,40000,Diesel,145,80.7,1.2
 Corsa,2018,9265.0,Manual,16313,Petrol,145,43.5,1.4
 Corsa,2018,8388.0,Manual,29620,Petrol,145,55.4,1.4
 Corsa,2011,4317.0,Manual,45000,Petrol,125,53.3,1.2
 Corsa,2019,10695.0,Manual,1250,Petrol,145,43.5,1.4
 Corsa,2018,8495.0,Manual,4275,Petrol,145,43.5,1.4
 Corsa,2016,7637.0,Manual,5048,Petrol,30,55.4,1.4
 Corsa,2017,7490.0,Manual,14428,Petrol,145,55.4,1.4
 Corsa,2015,7034.0,Manual,32500,Petrol,30,55.4,1.4
 Corsa,2014,6634.0,Manual,47438,Petrol,30,56.5,1.0
 Corsa,2016,6208.0,Manual,27091,Petrol,125,53.3,1.2
 Corsa,2017,7562.0,Manual,20273,Petrol,145,55.4,1.4
 Corsa,2008,1495.0,Manual,55000,Petrol,150,48.7,1.2
 Corsa,2015,4000.0,Manual,88500,Petrol,125,53.3,1.2
 Corsa,2014,7000.0,Manual,33123,Petrol,235,38.7,1.6
 Corsa,2016,6299.0,Manual,54144,Diesel,0,85.6,1.2
 Corsa,2006,1495.0,Manual,61467,Petrol,145,48.7,1.2
 Corsa,2012,3995.0,Manual,54164,Petrol,125,53.3,1.2
 Corsa,2018,9295.0,Manual,10985,Petrol,150,43.5,1.4
 Corsa,2012,4495.0,Manual,54051,Petrol,125,51.4,1.4
 Corsa,2015,5729.0,Manual,49242,Petrol,30,55.4,1.4
 Corsa,2015,8895.0,Automatic,10748,Petrol,145,47.1,1.4
 Corsa,2016,5795.0,Manual,55354,Petrol,30,55.4,1.4
 Corsa,2017,10666.0,Manual,40486,Petrol,240,37.7,1.6
 Corsa,2014,5000.0,Manual,62796,Diesel,30,67.3,1.2
 Corsa,2014,4699.0,Manual,44133,Petrol,125,51.4,1.4
 Corsa,2017,10300.0,Manual,5566,Petrol,150,49.6,1.4
 Corsa,2015,7500.0,Manual,27482,Petrol,30,57.6,1.0
 Corsa,2016,8200.0,Manual,14783,Petrol,0,67.7,1.0
 Corsa,2015,5295.0,Manual,53847,Petrol,30,55.4,1.4
 Corsa,2015,6800.0,Manual,46678,Petrol,125,54.3,1.4
 Corsa,2017,7700.0,Manual,32659,Petrol,30,54.3,1.4
 Corsa,2013,5700.0,Manual,34279,Petrol,125,51.4,1.2
 Corsa,2016,7500.0,Manual,28057,Petrol,30,55.4,1.4
 Corsa,2016,8000.0,Manual,40844,Petrol,30,57.7,1.0
 Corsa,2019,10600.0,Manual,1579,Petrol,145,43.5,1.4
 Corsa,2015,9000.0,Automatic,7636,Petrol,145,47.1,1.4
 Corsa,2005,1395.0,Manual,72000,Petrol,145,48.7,1.2
 Corsa,2010,3195.0,Manual,68000,Petrol,125,51.4,1.4
 Corsa,2018,7999.0,Manual,11891,Petrol,145,55.4,1.4
 Corsa,2019,11499.0,Manual,1217,Petrol,145,43.5,1.4
 Corsa,2019,11999.0,Automatic,36,Petrol,145,40.9,1.4
 Corsa,2017,7300.0,Manual,37000,Petrol,145,54.3,1.4
 Corsa,2017,10700.0,Manual,24299,Petrol,240,37.7,1.6
 Corsa,2016,6600.0,Manual,47478,Diesel,0,85.6,1.2
 Corsa,2013,5800.0,Manual,30726,Petrol,125,51.4,1.2
 Corsa,2016,8000.0,Manual,31220,Petrol,30,54.4,1.4
 Corsa,2016,6300.0,Manual,64336,Petrol,30,55.4,1.4
 Corsa,2016,6900.0,Manual,19433,Petrol,30,55.4,1.4
 Corsa,2016,7250.0,Manual,17600,Petrol,30,55.4,1.4
 Corsa,2016,7400.0,Manual,19485,Petrol,30,54.3,1.4
 Corsa,2012,2400.0,Manual,60000,Petrol,125,51.4,1.2
 Corsa,2016,6400.0,Manual,28655,Petrol,30,55.4,1.4
 Corsa,2015,7000.0,Manual,33717,Petrol,30,57.6,1.0
 Corsa,2016,8300.0,Manual,21172,Petrol,30,54.3,1.4
 Corsa,2016,8000.0,Manual,30484,Petrol,30,55.4,1.4
 Corsa,2013,6300.0,Manual,34673,Petrol,125,51.4,1.2
 Corsa,2016,6489.0,Manual,45100,Petrol,30,54.3,1.4
 Corsa,2016,8000.0,Manual,22778,Petrol,30,54.3,1.4
 Corsa,2014,5800.0,Manual,31821,Petrol,125,51.4,1.2
 Corsa,2016,8000.0,Manual,38754,Petrol,30,54.3,1.4
 Corsa,2016,9500.0,Automatic,17993,Petrol,145,47.9,1.4
 Corsa,2019,9500.0,Manual,620,Petrol,150,43.5,1.4
 Corsa,2019,10200.0,Manual,11469,Petrol,145,43.5,1.4
 Corsa,2016,6700.0,Manual,21743,Petrol,30,55.4,1.4
 Corsa,2014,5700.0,Manual,38896,Petrol,125,51.4,1.4
 Corsa,2015,7000.0,Manual,37405,Petrol,125,53.3,0.0
 Corsa,2014,5200.0,Manual,27960,Petrol,30,55.4,1.0
 Corsa,2015,7500.0,Manual,50023,Petrol,125,54.3,1.4
 Corsa,2017,7500.0,Manual,27100,Petrol,145,55.4,1.4
 Corsa,2015,6800.0,Manual,37234,Petrol,30,55.4,1.4
 Corsa,2017,10000.0,Automatic,4551,Petrol,145,47.9,1.4
 Corsa,2018,10600.0,Manual,15313,Petrol,145,49.6,1.4
 Corsa,2017,9000.0,Manual,8320,Petrol,145,54.3,1.4
 Corsa,2017,7000.0,Manual,33927,Petrol,145,55.4,1.4
 Corsa,2018,10800.0,Manual,16421,Petrol,150,49.6,1.4
 Corsa,2012,5700.0,Manual,36272,Petrol,125,51.4,1.2
 Corsa,2016,7000.0,Manual,39506,Petrol,30,55.4,1.4
 Corsa,2016,8000.0,Manual,34304,Petrol,30,54.3,1.4
 Corsa,2017,9000.0,Manual,19844,Petrol,145,55.4,1.4
 Corsa,2016,7000.0,Manual,43291,Petrol,30,55.4,1.4
 Corsa,2017,9500.0,Manual,18686,Petrol,145,55.4,1.4
 Corsa,2015,6000.0,Manual,47654,Petrol,30,55.4,1.4
 Corsa,2015,4961.0,Manual,45750,Petrol,125,53.3,1.2
 Corsa,2015,7800.0,Automatic,32484,Petrol,150,47.9,0.0
 Corsa,2019,10200.0,Manual,13209,Petrol,145,43.5,1.4
 Corsa,2016,8500.0,Manual,20261,Petrol,30,55.4,1.4
 Corsa,2016,8200.0,Manual,21117,Petrol,30,54.3,1.4
 Corsa,2018,9800.0,Manual,14735,Petrol,150,43.5,0.0
 Corsa,2014,6000.0,Manual,31178,Petrol,125,51.4,1.2
 Corsa,2017,7800.0,Manual,11564,Petrol,30,55.4,1.4
 Corsa,2017,8000.0,Manual,24325,Petrol,30,54.3,1.4
 Corsa,2017,9000.0,Manual,15261,Petrol,150,54.3,1.4
 Corsa,2018,11000.0,Automatic,15060,Petrol,145,39.8,0.0
 Corsa,2018,10000.0,Manual,8826,Petrol,150,54.3,1.4
 Corsa,2019,8800.0,Manual,11629,Petrol,145,43.5,0.0
 Corsa,2018,9300.0,Manual,12678,Petrol,145,55.4,1.4
 Corsa,2014,5800.0,Manual,51952,Petrol,125,51.4,1.2
 Corsa,2017,7000.0,Manual,56966,Petrol,30,55.4,1.4
 Corsa,2016,8600.0,Manual,8004,Petrol,30,55.4,1.4
 Corsa,2015,6500.0,Manual,12641,Petrol,125,53.3,1.2
 Corsa,2019,9389.0,Manual,3940,Petrol,145,43.5,1.4
 Corsa,2015,6278.0,Manual,52057,Petrol,30,55.4,1.4
 Corsa,2013,5845.0,Manual,28081,Petrol,125,51.4,1.2
 Corsa,2018,8498.0,Manual,7468,Petrol,145,43.5,1.4
 Corsa,2017,8745.0,Manual,5694,Petrol,145,55.4,1.4
 Corsa,2015,7500.0,Manual,24846,Petrol,125,53.3,0.0
 Corsa,2016,8000.0,Manual,26526,Petrol,30,55.4,1.4
 Corsa,2018,9749.0,Manual,18000,Petrol,145,55.4,1.4
 Corsa,2011,3749.0,Manual,74500,Petrol,125,51.4,1.4
 Corsa,2018,10249.0,Manual,9470,Petrol,145,49.6,1.4
 Corsa,2012,3749.0,Manual,85134,Petrol,125,51.4,1.4
 Corsa,2016,7199.0,Manual,39884,Petrol,30,57.6,1.0
 Corsa,2014,5000.0,Manual,48500,Petrol,125,51.4,1.2
 Corsa,2012,5799.0,Automatic,69000,Petrol,165,44.8,1.4
 Corsa,2016,7249.0,Manual,17000,Petrol,30,55.4,1.4
 Corsa,2016,7299.0,Manual,22500,Petrol,30,54.3,1.4
 Corsa,2012,4999.0,Manual,38646,Diesel,20,67.3,1.2
 Corsa,2019,9388.0,Manual,3575,Petrol,145,43.5,1.4
 Corsa,2014,6600.0,Manual,29311,Petrol,125,51.4,1.2
 Corsa,2018,8299.0,Manual,19898,Petrol,145,55.4,1.4
 Corsa,2019,12299.0,Manual,2369,Petrol,145,43.5,1.4
 Corsa,2019,12699.0,Manual,1794,Petrol,145,43.5,1.4
 Corsa,2018,8999.0,Manual,8591,Petrol,145,54.3,1.4
 Corsa,2015,11000.0,Manual,17392,Petrol,235,37.7,1.6
 Corsa,2016,8799.0,Manual,9334,Petrol,30,55.4,1.4
 Corsa,2015,6600.0,Manual,46513,Petrol,30,57.6,1.0
 Corsa,2017,7000.0,Manual,31099,Petrol,30,55.4,1.4
 Corsa,2016,5925.0,Manual,28508,Petrol,125,53.3,1.2
 Corsa,2015,6995.0,Manual,26784,Petrol,30,55.4,1.4
 Corsa,2017,7995.0,Manual,20320,Petrol,30,55.4,1.4
 Corsa,2015,5995.0,Manual,31538,Petrol,30,55.4,1.4
 Corsa,2017,7289.0,Manual,22500,Petrol,150,54.3,1.4
 Corsa,2016,7200.0,Manual,42483,Petrol,30,55.4,1.4
 Corsa,2019,12699.0,Manual,1724,Petrol,145,43.5,1.4
 Corsa,2017,8495.0,Manual,22970,Petrol,30,54.3,1.4
 Corsa,2015,7499.0,Manual,24644,Petrol,30,55.4,1.4
 Corsa,2017,8999.0,Manual,30060,Petrol,145,49.6,1.4
 Corsa,2011,4295.0,Manual,84000,Petrol,125,53.3,1.2
 Corsa,2013,4995.0,Manual,62000,Petrol,125,51.4,1.4
 Corsa,2015,7400.0,Manual,31968,Petrol,125,53.3,1.2
 Corsa,2015,7600.0,Manual,27660,Petrol,30,55.4,1.4
 Corsa,2019,9000.0,Manual,1963,Petrol,145,43.5,1.4
 Corsa,2014,4650.0,Manual,39143,Petrol,125,51.4,1.2
 Corsa,2016,9500.0,Manual,14500,Petrol,125,54.3,1.4
 Corsa,2011,4000.0,Manual,55000,Petrol,125,53.3,1.2
 Corsa,2010,2999.0,Manual,61087,Petrol,125,53.3,1.2
 Corsa,2011,3499.0,Manual,67930,Petrol,125,53.3,1.2
 Corsa,2015,8799.0,Manual,35364,Petrol,235,37.7,1.6
 Corsa,2016,7000.0,Manual,40854,Petrol,30,57.6,1.0
 Corsa,2012,3699.0,Manual,104142,Petrol,125,51.4,1.4
 Corsa,2013,3999.0,Manual,84094,Petrol,125,51.4,1.2
 Corsa,2011,3999.0,Manual,48682,Petrol,30,55.4,1.2
 Corsa,2010,2999.0,Manual,73521,Petrol,125,53.3,1.2
 Corsa,2016,5795.0,Manual,61860,Diesel,0,83.1,1.2
 Corsa,2015,7995.0,Manual,38000,Petrol,30,55.4,1.4
 Corsa,2018,8995.0,Manual,10470,Petrol,145,55.4,1.4
 Corsa,2012,4399.0,Manual,36000,Petrol,125,51.4,1.2
 Corsa,2015,6499.0,Manual,46000,Petrol,125,54.3,1.4
 Corsa,2014,4999.0,Manual,55000,Petrol,125,51.4,1.2
 Corsa,2014,6299.0,Manual,22000,Petrol,125,51.4,1.2
 Corsa,2014,4399.0,Manual,49000,Petrol,125,51.4,1.2
 Corsa,2013,4999.0,Manual,19000,Petrol,125,51.4,1.2
 Corsa,2019,11000.0,Manual,5869,Petrol,150,43.5,1.4
 Corsa,2015,7000.0,Manual,35816,Petrol,30,57.6,1.0
 Corsa,2015,5500.0,Manual,37295,Petrol,125,53.3,1.2
 Corsa,2019,10895.0,Manual,13057,Petrol,145,43.5,1.4
 Corsa,2017,8500.0,Manual,18835,Petrol,30,54.3,1.4
 Corsa,2019,12500.0,Automatic,3292,Petrol,145,40.9,1.4
 Corsa,2019,9695.0,Manual,3482,Petrol,145,43.5,1.4
 Corsa,2011,4000.0,Manual,49583,Petrol,125,53.3,1.2
 Corsa,2019,9795.0,Manual,14787,Petrol,145,43.5,1.4
 Corsa,2018,8995.0,Manual,10139,Petrol,145,55.4,1.4
 Corsa,2017,7695.0,Manual,31971,Petrol,145,55.4,1.4
 Corsa,2016,7000.0,Manual,21539,Petrol,30,55.4,1.4
 Corsa,2012,4000.0,Manual,72627,Petrol,125,51.4,1.4
 Corsa,2017,8000.0,Manual,30739,Petrol,145,55.4,1.4
 Corsa,2016,10000.0,Automatic,15994,Petrol,150,47.9,1.4
 Corsa,2014,5995.0,Manual,22203,Petrol,125,51.4,1.2
 Corsa,2015,6995.0,Manual,22821,Petrol,30,57.6,1.0
 Corsa,2016,6995.0,Manual,50129,Petrol,30,55.4,1.4
 Corsa,2016,7499.0,Manual,10217,Petrol,30,55.4,1.4
 Corsa,2018,9125.0,Manual,7559,Petrol,145,49.6,1.4
 Corsa,2017,7200.0,Manual,19674,Petrol,145,55.4,1.4
 Corsa,2018,7999.0,Manual,6794,Petrol,145,55.4,1.4
 Corsa,2018,9199.0,Manual,9996,Petrol,145,43.5,1.4
 Corsa,2016,8099.0,Manual,8054,Petrol,30,55.4,1.4
 Corsa,2016,8050.0,Manual,14037,Petrol,30,55.4,1.4
 Corsa,2017,8750.0,Manual,11586,Petrol,145,47.9,1.4
 Corsa,2016,8499.0,Manual,28316,Petrol,145,48.7,1.4
 Corsa,2013,5850.0,Manual,31241,Petrol,125,51.4,1.2
 Corsa,2012,3849.0,Manual,64842,Petrol,30,55.4,1.2
 Corsa,2016,5999.0,Semi-Auto,64000,Diesel,0,85.6,1.2
 Corsa,2017,7799.0,Manual,22656,Petrol,150,55.4,1.4
 Corsa,2011,4499.0,Manual,55096,Petrol,125,53.3,1.2
 Corsa,2011,3499.0,Manual,77793,Petrol,125,53.3,1.2
 Corsa,2018,8499.0,Manual,12803,Petrol,145,55.4,1.4
 Corsa,2016,7650.0,Manual,44155,Petrol,30,54.3,1.4
 Corsa,2016,6999.0,Manual,28400,Petrol,30,55.4,1.4
 Corsa,2012,3999.0,Manual,67500,Petrol,125,51.4,1.2
 Corsa,2017,9991.0,Manual,32342,Petrol,240,37.7,1.6
 Corsa,2015,5999.0,Manual,49572,Petrol,30,57.6,1.0
 Corsa,2015,5799.0,Manual,29983,Petrol,125,53.3,1.2
 Corsa,2017,7499.0,Manual,12000,Petrol,30,55.4,1.4
 Corsa,2018,10000.0,Automatic,12000,Petrol,145,47.9,1.4
 Corsa,2018,7000.0,Manual,52000,Diesel,145,80.7,1.2
 Corsa,2019,9399.0,Manual,12100,Petrol,145,43.5,1.4
 Corsa,2019,9999.0,Manual,3766,Petrol,145,43.5,1.4
 Corsa,2019,10999.0,Manual,3389,Petrol,145,43.5,1.4
 Corsa,2019,10499.0,Manual,4615,Petrol,145,43.5,1.4
 Corsa,2018,8995.0,Manual,17880,Petrol,145,54.3,1.4
 Corsa,2016,8499.0,Manual,17956,Petrol,30,55.4,1.4
 Corsa,2017,9999.0,Automatic,28829,Petrol,145,47.9,1.4
 Corsa,2016,8495.0,Manual,32176,Petrol,30,55.4,1.4
 Corsa,2016,6199.0,Manual,34166,Petrol,30,55.4,1.4
 Corsa,2016,10199.0,Automatic,9266,Petrol,145,47.9,1.4
 Corsa,2019,12999.0,Manual,4080,Petrol,140,54.3,1.4
 Corsa,2019,9999.0,Manual,3588,Petrol,140,43.5,1.4
 Corsa,2019,9999.0,Manual,3214,Petrol,145,43.5,1.4
 Corsa,2019,9999.0,Manual,4878,Petrol,145,43.5,1.4
 Corsa,2016,7995.0,Manual,25968,Petrol,30,54.3,1.4
 Corsa,2017,7999.0,Manual,44304,Petrol,30,55.4,1.4
 Corsa,2016,8000.0,Manual,24648,Petrol,30,55.4,1.4
 Corsa,2015,7999.0,Manual,18039,Petrol,30,55.4,1.4
 Corsa,2016,6799.0,Manual,42732,Petrol,30,55.4,1.4
 Corsa,2018,8999.0,Manual,13126,Petrol,145,55.4,1.4
 Corsa,2017,8999.0,Manual,12000,Petrol,30,54.3,1.4
 Corsa,2018,8499.0,Manual,10793,Petrol,145,55.4,1.4
 Corsa,2017,8299.0,Manual,23000,Petrol,150,55.4,1.4
 Corsa,2017,6999.0,Manual,30000,Petrol,30,55.4,1.4
 Corsa,2016,9000.0,Manual,25313,Petrol,30,55.4,1.4
 Corsa,2015,6299.0,Manual,43000,Petrol,30,55.4,1.4
 Corsa,2017,7999.0,Manual,39414,Petrol,30,55.4,1.4
 Corsa,2016,8799.0,Manual,14116,Petrol,30,55.4,1.4
 Corsa,2018,7299.0,Manual,16000,Petrol,150,54.3,1.4
 Corsa,2010,900.0,Manual,104000,Diesel,30,67.3,1.2
 Corsa,2016,7299.0,Manual,27299,Petrol,30,55.4,1.4
 Corsa,2016,5991.0,Manual,56135,Petrol,30,55.4,1.4
 Corsa,2012,4491.0,Manual,61113,Petrol,125,51.4,1.4
 Corsa,2010,3491.0,Manual,77143,Petrol,125,53.3,1.2
 Corsa,2015,6991.0,Manual,31112,Petrol,30,55.4,1.4
 Corsa,2009,2991.0,Manual,84879,Petrol,165,46.3,1.4
 Corsa,2006,1991.0,Manual,56998,Petrol,145,48.7,1.2
 Corsa,2012,3391.0,Manual,106721,Petrol,125,51.4,1.2
 Corsa,2004,1491.0,Manual,64622,Petrol,160,44.8,1.2
 Corsa,2012,2995.0,Manual,96500,Petrol,125,51.4,1.4
 Corsa,2019,10000.0,Manual,7408,Petrol,145,43.5,1.4
 Corsa,2016,6295.0,Manual,42140,Petrol,30,54.3,1.4
 Corsa,2011,4195.0,Automatic,53600,Petrol,160,44.8,1.4
 Corsa,2016,6795.0,Manual,23250,Petrol,30,55.4,1.4
 Corsa,2015,6495.0,Manual,42000,Petrol,30,55.4,1.4
 Corsa,2013,4695.0,Manual,60000,Petrol,125,51.4,1.2
 Corsa,2007,1995.0,Manual,110000,Petrol,160,45.6,1.4
 Corsa,2010,2795.0,Manual,104000,Diesel,0,76.3,1.2
 Corsa,2009,3195.0,Manual,51000,Petrol,165,46.3,1.2
 Corsa,2018,8690.0,Manual,3181,Petrol,145,55.4,1.4
 Corsa,2017,7895.0,Manual,21450,Petrol,30,54.3,1.4
 Corsa,2010,3490.0,Manual,60000,Petrol,125,51.4,1.4
 Corsa,2017,7490.0,Manual,29975,Petrol,150,55.4,1.4
 Corsa,2018,8299.0,Manual,8785,Petrol,145,43.5,1.4
 Corsa,2019,9000.0,Manual,10889,Petrol,145,43.5,1.4
 Corsa,2017,7420.0,Manual,33760,Petrol,30,55.4,1.4
 Corsa,2017,9999.0,Manual,7472,Petrol,30,54.3,1.4
 Corsa,2018,7999.0,Manual,5574,Petrol,145,55.4,1.4
 Corsa,2016,8999.0,Manual,24759,Petrol,145,49.6,1.4
 Corsa,2012,2495.0,Manual,93000,Diesel,20,70.6,1.2
 Corsa,2018,9590.0,Manual,5447,Petrol,150,43.5,1.4
 Corsa,2010,4295.0,Automatic,71000,Petrol,145,47.9,1.4
 Corsa,2019,9499.0,Manual,17211,Petrol,145,43.5,1.4
 Corsa,2016,7395.0,Manual,5068,Petrol,30,55.4,1.4
 Corsa,2013,4999.0,Manual,31400,Petrol,125,51.4,1.2
 Corsa,2018,8899.0,Manual,4000,Petrol,140,55.4,1.4
 Corsa,2018,8000.0,Manual,10249,Petrol,145,43.5,1.4
 Corsa,2017,7762.0,Manual,22267,Petrol,30,55.4,1.4
 Corsa,2016,8799.0,Manual,8428,Petrol,30,55.4,1.4
 Corsa,2018,9499.0,Automatic,17006,Petrol,145,47.9,1.4
 Corsa,2016,6799.0,Manual,24597,Petrol,30,55.4,1.4
 Corsa,2008,2395.0,Manual,59000,Petrol,165,46.3,1.2
 Corsa,2014,4995.0,Manual,59000,Petrol,125,51.4,1.2
 Corsa,2016,6699.0,Manual,53380,Petrol,30,55.4,1.4
 Corsa,2016,6999.0,Manual,45367,Petrol,30,55.4,1.4
 Corsa,2014,3500.0,Manual,71000,Diesel,0,85.6,1.2
 Corsa,2013,4675.0,Manual,39000,Petrol,125,51.4,1.2
 Corsa,2010,2995.0,Manual,91000,Petrol,125,53.3,1.2
 Corsa,2015,6499.0,Manual,31311,Petrol,125,54.3,1.4
 Corsa,2010,3000.0,Manual,42300,Petrol,125,53.3,1.2
 Corsa,2014,5899.0,Manual,18078,Petrol,125,51.4,1.2
 Corsa,2010,3294.0,Manual,79000,Petrol,125,53.3,1.2
 Corsa,2012,3957.0,Manual,58051,Petrol,125,51.4,1.2
 Corsa,2015,6899.0,Manual,6882,Petrol,125,53.3,1.2
 Corsa,2015,6999.0,Manual,21967,Petrol,30,57.6,1.0
 Corsa,2014,8189.0,Manual,15627,Petrol,235,38.7,1.6
 Corsa,2017,9899.0,Automatic,15551,Petrol,145,47.1,1.4
 Corsa,2012,3995.0,Manual,59000,Petrol,125,51.4,1.4
 Corsa,2015,6250.0,Manual,35449,Petrol,125,54.3,1.4
 Corsa,2015,6049.0,Manual,57483,Petrol,125,53.3,1.2
 Corsa,2016,6999.0,Manual,45055,Petrol,30,55.4,1.4
 Corsa,2015,7899.0,Manual,24293,Petrol,30,54.3,1.4
 Corsa,2017,7195.0,Manual,19153,Petrol,30,54.3,1.4
 Corsa,2017,6999.0,Manual,15557,Petrol,145,55.4,1.4
 Corsa,2017,7999.0,Manual,24579,Petrol,145,54.3,1.4
 Corsa,2013,3999.0,Manual,92408,Diesel,30,64.2,1.2
 Corsa,2012,4799.0,Manual,48661,Petrol,125,51.4,1.2
 Corsa,2018,9399.0,Manual,13064,Petrol,145,49.6,1.4
 Corsa,2017,7999.0,Manual,18150,Diesel,0,85.6,1.2
 Corsa,2016,6899.0,Manual,28007,Petrol,30,55.4,1.4
 Corsa,2017,7199.0,Manual,16983,Petrol,145,55.4,1.4
 Corsa,2016,6899.0,Manual,31607,Petrol,30,54.3,1.4
 Corsa,2007,2495.0,Manual,60241,Petrol,160,45.6,1.4
 Corsa,2015,6295.0,Manual,30000,Petrol,125,52.3,1.2
 Corsa,2012,5350.0,Manual,32304,Petrol,125,51.4,1.4
 Corsa,2017,6999.0,Manual,30653,Petrol,30,54.3,1.4
 Corsa,2018,10549.0,Manual,10488,Petrol,145,49.6,1.4
 Corsa,2014,6495.0,Manual,30200,Petrol,125,51.4,1.2
 Corsa,2017,8295.0,Manual,14187,Petrol,145,54.3,1.4
 Corsa,2015,4995.0,Manual,64532,Petrol,30,55.4,1.4
 Corsa,2016,6199.0,Manual,33592,Petrol,30,55.4,1.4
 Corsa,2017,8599.0,Manual,12253,Petrol,145,54.3,1.4
 Corsa,2017,7499.0,Manual,25493,Petrol,145,54.3,1.4
 Corsa,2015,5999.0,Manual,41903,Petrol,125,54.3,1.4
 Corsa,2016,7649.0,Manual,21931,Petrol,30,54.3,1.4
 Corsa,2017,10399.0,Manual,14709,Petrol,145,37.7,1.6
 Corsa,2013,5299.0,Manual,45109,Petrol,125,51.4,1.2
 Corsa,2014,5399.0,Manual,40000,Petrol,125,51.4,1.2
 Corsa,2016,7499.0,Manual,33877,Petrol,125,54.3,1.4
 Corsa,2012,3699.0,Manual,52704,Diesel,20,70.6,1.2
 Corsa,2017,7999.0,Manual,24214,Petrol,150,55.4,1.4
 Corsa,2017,9230.0,Automatic,31825,Petrol,145,47.9,1.4
 Corsa,2015,4799.0,Manual,64482,Diesel,0,74.3,1.2
 Corsa,2018,9499.0,Manual,5865,Petrol,145,43.5,1.4
 Corsa,2016,6499.0,Manual,43110,Petrol,30,55.4,1.4
 Corsa,2011,3799.0,Manual,64269,Petrol,30,55.4,1.0
 Corsa,2019,9799.0,Manual,14059,Petrol,145,43.5,1.4
 Corsa,2017,7299.0,Manual,26333,Petrol,30,54.3,1.4
 Corsa,2016,7459.0,Manual,27747,Petrol,30,55.4,1.4
 Corsa,2017,7695.0,Manual,10041,Petrol,145,54.3,1.4
 Corsa,2015,7549.0,Manual,29056,Petrol,30,57.6,1.0
 Corsa,2015,6795.0,Manual,42600,Petrol,125,54.3,1.4
 Corsa,2007,1699.0,Manual,71000,Petrol,160,47.9,1.4
 Corsa,2014,4490.0,Manual,42000,Petrol,30,55.4,1.0
 Corsa,2016,6490.0,Manual,15000,Petrol,30,55.4,1.4
 Corsa,2016,7490.0,Manual,31000,Petrol,30,54.3,1.4
 Corsa,2008,899.0,Manual,142000,Petrol,145,48.7,1.2
 Corsa,2019,8995.0,Manual,13890,Petrol,150,43.5,1.4
 Corsa,2020,8994.0,Manual,3632,Petrol,150,43.5,1.4
 Corsa,2019,10995.0,Manual,4845,Petrol,150,43.5,1.4
 Corsa,2011,3495.0,Manual,85000,Diesel,30,61.4,1.7
 Corsa,2013,3995.0,Manual,72000,Petrol,125,51.4,1.2
 Corsa,2018,10476.0,Manual,10573,Petrol,145,48.7,1.4
 Corsa,2013,4000.0,Manual,79406,Petrol,125,51.4,1.2
 Corsa,2016,6350.0,Manual,54000,Petrol,30,55.4,1.4
 Corsa,2009,2400.0,Manual,67953,Petrol,165,46.3,1.4
 Corsa,2019,10995.0,Manual,4052,Petrol,145,43.5,1.4
 Corsa,2019,10995.0,Manual,5748,Petrol,150,43.5,1.4
 Corsa,2019,8495.0,Manual,13855,Petrol,150,43.5,1.4
 Corsa,2014,5995.0,Manual,9000,Petrol,115,51.4,1.2
 Corsa,2019,7599.0,Manual,13146,Petrol,145,43.5,1.4
 Corsa,2019,9999.0,Manual,21333,Petrol,145,43.5,1.4
 Corsa,2015,7499.0,Manual,37341,Petrol,125,53.3,1.4
 Corsa,2018,9495.0,Manual,17989,Petrol,145,55.4,1.4
 Corsa,2017,8495.0,Manual,25308,Petrol,150,55.4,1.4
 Corsa,2017,8495.0,Manual,23814,Petrol,150,55.4,1.4
 Corsa,2019,10995.0,Manual,2279,Petrol,145,43.5,1.4
 Corsa,2015,5795.0,Manual,76970,Diesel,0,85.6,1.2
 Corsa,2015,5790.0,Manual,72408,Petrol,30,55.4,1.4
 Corsa,2017,7275.0,Manual,35591,Diesel,20,72.4,1.3
 Corsa,2009,2695.0,Manual,97000,Petrol,145,48.7,1.2
 Corsa,2006,2450.0,Automatic,39000,Petrol,260,38.2,1.4
 Corsa,2017,8275.0,Manual,21450,Petrol,30,54.3,1.4
 Corsa,2014,6495.0,Manual,32000,Petrol,125,51.4,1.4
 Corsa,2018,8690.0,Manual,11688,Petrol,150,55.4,1.4
 Corsa,2017,6990.0,Manual,37067,Petrol,30,55.4,1.4
 Corsa,2017,8290.0,Manual,26787,Petrol,150,55.4,1.4
 Corsa,2019,9950.0,Manual,6000,Petrol,150,43.5,1.4
 Corsa,2018,8450.0,Manual,8857,Petrol,150,55.4,1.4
 Corsa,2018,9390.0,Manual,14135,Petrol,145,43.5,1.4
 Corsa,2017,7390.0,Manual,18423,Petrol,30,55.4,1.4
 Corsa,2020,10722.0,Manual,3723,Petrol,145,43.5,1.4
 Corsa,2020,10210.0,Manual,3085,Petrol,145,43.5,1.4
 Corsa,2016,8990.0,Automatic,29055,Petrol,145,47.1,1.4
 Corsa,2019,11044.0,Manual,3618,Petrol,145,43.5,1.4
 Corsa,2019,16315.0,Manual,1000,Petrol,145,53.3,1.2
 Corsa,2019,9490.0,Manual,8000,Petrol,145,43.5,1.4
 Corsa,2019,9890.0,Manual,8500,Petrol,145,43.5,1.4
 Corsa,2019,9990.0,Manual,8000,Petrol,145,43.5,1.4
 Corsa,2018,8290.0,Manual,29707,Petrol,145,54.3,1.4
 Corsa,2017,7325.0,Manual,36154,Petrol,150,55.4,1.4
 Corsa,2019,10950.0,Manual,6271,Petrol,150,43.5,1.4
 Corsa,2019,16490.0,Manual,10,Petrol,145,53.3,1.2
 Corsa,2018,8690.0,Manual,13000,Petrol,150,55.4,1.4
 Corsa,2017,7999.0,Manual,12000,Petrol,150,55.4,1.4
 Corsa,2010,4295.0,Manual,52000,Petrol,125,53.3,1.2
 Corsa,2013,5295.0,Manual,12000,Petrol,125,51.4,1.2
 Corsa,2008,2895.0,Automatic,52000,Petrol,200,40.9,1.4
 Corsa,2018,12490.0,Automatic,500,Petrol,145,47.9,1.4
 Corsa,2017,7790.0,Manual,13187,Petrol,145,55.4,1.4
 Corsa,2016,8490.0,Automatic,31804,Petrol,145,47.9,1.4
 Corsa,2017,8490.0,Manual,23006,Petrol,145,54.3,1.4
 Corsa,2015,6499.0,Manual,106654,Petrol,125,53.3,1.2
 Corsa,2018,7990.0,Manual,32378,Petrol,145,43.5,1.4
 Corsa,2016,7290.0,Manual,22723,Petrol,30,55.4,1.4
 Corsa,2015,7899.0,Manual,16550,Petrol,125,54.3,1.4
 Corsa,2017,8999.0,Manual,5185,Petrol,145,54.3,1.4
 Corsa,2017,7699.0,Manual,25015,Petrol,145,55.4,1.4
 Corsa,2017,9499.0,Manual,8000,Petrol,145,54.3,1.4
 Corsa,2016,7799.0,Manual,25690,Petrol,30,55.4,1.4
 Corsa,2018,8999.0,Manual,4000,Petrol,145,43.5,1.4
 Corsa,2017,7999.0,Manual,17496,Petrol,145,55.4,1.4
 Corsa,2018,11299.0,Automatic,6000,Petrol,145,39.8,1.4
 Corsa,2017,7399.0,Manual,28735,Petrol,30,55.4,1.4
 Corsa,2018,9499.0,Manual,4650,Petrol,145,43.5,1.4
 Corsa,2017,7499.0,Manual,35000,Petrol,145,54.3,1.4
 Corsa,2019,9799.0,Manual,5897,Petrol,145,43.5,1.4
 Corsa,2017,6999.0,Manual,69000,Diesel,145,72.4,1.2
 Corsa,2017,7499.0,Manual,31000,Petrol,145,55.4,1.4
 Corsa,2017,8999.0,Manual,8000,Petrol,145,55.4,1.4
 Corsa,2016,8499.0,Manual,10888,Petrol,30,55.4,1.4
 Corsa,2018,8499.0,Manual,17151,Petrol,145,54.3,1.4
 Corsa,2019,9499.0,Manual,7900,Petrol,145,43.5,1.4
 Corsa,2019,9499.0,Manual,7485,Petrol,145,43.5,1.4
 Corsa,2019,9499.0,Manual,2500,Petrol,145,43.5,1.4
 Corsa,2017,9999.0,Automatic,10224,Petrol,150,47.9,1.4
 Corsa,2018,9299.0,Manual,13943,Petrol,145,55.4,1.4
 Corsa,2017,7499.0,Manual,25000,Petrol,150,55.4,1.4
 Corsa,2019,9999.0,Manual,13620,Petrol,145,43.5,1.4
 Corsa,2013,4490.0,Manual,61000,Petrol,125,51.4,1.2
 Corsa,2017,7998.0,Manual,11345,Petrol,30,55.4,1.4
 Corsa,2016,6298.0,Manual,19448,Petrol,30,55.4,1.4
 Corsa,2016,7698.0,Manual,25575,Petrol,30,55.4,1.4
 Corsa,2017,7500.0,Manual,34370,Petrol,150,55.4,1.4
 Corsa,2017,8250.0,Manual,12933,Petrol,150,55.4,1.4
 Corsa,2016,7000.0,Manual,22073,Petrol,30,55.4,1.4
 Corsa,2019,11994.0,Manual,2452,Petrol,145,44.8,1.4
 Corsa,2019,10494.0,Manual,10,Petrol,145,43.5,1.4
 Corsa,2019,11994.0,Manual,10,Petrol,145,43.5,1.4
 Corsa,2019,12500.0,Manual,3500,Petrol,145,43.5,1.4
 Corsa,2012,4295.0,Manual,51615,Petrol,125,51.4,1.2
 Corsa,2019,8994.0,Manual,9515,Petrol,150,43.5,1.4
 Corsa,2019,11495.0,Manual,3565,Petrol,145,43.5,1.4
 Corsa,2019,11495.0,Manual,4733,Petrol,145,43.5,1.4
 Corsa,2017,7795.0,Manual,31543,Petrol,30,55.4,1.4
 Corsa,2017,7995.0,Manual,22670,Petrol,30,55.4,1.4
 Corsa,2010,3795.0,Manual,65440,Petrol,125,51.4,1.4
 Corsa,2010,3895.0,Manual,59870,Petrol,125,53.3,1.2
 Corsa,2013,3995.0,Manual,62000,Petrol,125,51.4,1.2
 Corsa,2019,11495.0,Manual,4915,Petrol,145,43.5,1.4
 Corsa,2019,10995.0,Manual,2760,Petrol,150,43.5,1.4
 Corsa,2017,8495.0,Manual,22268,Petrol,30,57.7,1.0
 Corsa,2019,9995.0,Manual,8818,Petrol,150,43.5,1.4
 Corsa,2017,7995.0,Manual,26298,Petrol,150,54.3,1.4
 Corsa,2016,7995.0,Manual,55164,Diesel,0,88.3,1.2
 Corsa,2019,9995.0,Manual,8516,Petrol,150,43.5,1.4
 Corsa,2017,10250.0,Automatic,9044,Petrol,145,47.9,1.4
 Corsa,2017,7750.0,Manual,18294,Petrol,145,55.4,1.4
 Corsa,2016,9750.0,Automatic,18685,Petrol,145,47.9,1.4
 Corsa,2019,11495.0,Manual,4116,Petrol,150,43.5,1.4
 Corsa,2019,10495.0,Manual,11554,Petrol,150,43.5,1.4
 Corsa,2016,6995.0,Manual,50270,Petrol,125,54.3,1.4
 Corsa,2019,11295.0,Manual,1472,Petrol,150,43.5,1.4
 Corsa,2019,9995.0,Manual,16306,Petrol,150,44.8,1.4
 Corsa,2018,11495.0,Manual,1950,Petrol,145,43.5,1.4
 Corsa,2002,495.0,Manual,99842,Petrol,145,50.4,1.0
 Corsa,2015,5995.0,Manual,63000,Petrol,30,57.6,1.0
 Corsa,2018,8994.0,Manual,16500,Petrol,145,43.5,1.4
 Corsa,2017,10295.0,Manual,4076,Petrol,30,55.4,1.4
 Corsa,2017,9495.0,Manual,21756,Petrol,145,55.4,1.4
 Corsa,2011,4150.0,Manual,66977,Petrol,125,51.4,1.4
 Corsa,2013,6000.0,Manual,25280,Petrol,125,51.4,1.2
 Corsa,2016,6500.0,Manual,20455,Petrol,30,55.4,1.4
 Corsa,2017,11495.0,Automatic,4812,Petrol,145,47.9,1.4
 Corsa,2019,9999.0,Manual,20300,Petrol,145,43.5,1.4
 Corsa,2015,7999.0,Automatic,59600,Petrol,145,47.9,1.4
 Corsa,2016,9999.0,Automatic,9000,Petrol,145,47.1,1.4
 Corsa,2019,9499.0,Manual,20350,Petrol,150,43.5,1.4
 Corsa,2008,2995.0,Manual,80000,Petrol,165,47.9,1.4
 Corsa,2003,590.0,Manual,82000,Petrol,160,44.8,1.2
 Corsa,2014,7295.0,Manual,41314,Petrol,240,38.7,1.6
 Corsa,2013,5499.0,Manual,85000,Diesel,20,67.3,1.2
 Corsa,2011,3990.0,Manual,73000,Diesel,30,64.2,1.2
 Corsa,2009,2990.0,Manual,72000,Diesel,30,62.8,1.2
 Corsa,2015,4895.0,Manual,45000,Petrol,125,53.3,1.2
 Corsa,2016,9495.0,Automatic,23047,Petrol,145,47.9,1.4
 Corsa,2016,7500.0,Manual,41664,Petrol,0,65.7,1.0
 Corsa,2016,7499.0,Manual,30800,Petrol,30,54.3,1.4
 Corsa,2016,8750.0,Manual,18787,Petrol,30,55.4,1.4
 Corsa,2015,6995.0,Manual,23000,Petrol,125,54.3,1.4
 Corsa,2015,6195.0,Manual,50000,Petrol,30,55.4,1.4
 Corsa,2015,9195.0,Automatic,6000,Petrol,145,47.1,1.4
 Corsa,2015,7000.0,Manual,32904,Petrol,125,53.3,1.2
 Corsa,2015,7190.0,Manual,27000,Petrol,30,57.6,1.0
 Corsa,2016,7000.0,Manual,25482,Petrol,30,54.3,1.4
 Corsa,2015,7495.0,Manual,25936,Petrol,125,54.3,1.4
 Corsa,2019,9995.0,Manual,18064,Petrol,145,43.5,1.4
 Corsa,2019,9995.0,Manual,16838,Petrol,145,43.5,1.4
 Corsa,2015,6495.0,Manual,45815,Petrol,125,53.3,1.2
 Corsa,2002,700.0,Manual,85000,Petrol,200,44.8,1.2
 Corsa,2004,1000.0,Manual,65000,Petrol,145,48.7,1.2
 Corsa,2018,9750.0,Manual,15040,Petrol,145,54.3,1.4
 Corsa,2019,9995.0,Manual,7416,Petrol,145,43.5,1.4
 Corsa,2002,1500.0,Semi-Auto,58000,Petrol,160,45.6,1.2
 Corsa,2017,6995.0,Manual,21124,Petrol,30,55.4,1.4
 Corsa,2016,7995.0,Manual,34927,Petrol,30,55.4,1.4
 Corsa,2018,12000.0,Automatic,13948,Petrol,150,47.9,1.4
 Corsa,2017,8500.0,Manual,5223,Petrol,145,55.4,1.4
 Corsa,2004,2444.0,Manual,75000,Petrol,125,53.3,1.0
 Corsa,2001,1888.0,Semi-Auto,45000,Petrol,160,45.6,1.2
 Corsa,2016,6995.0,Manual,43154,Petrol,30,55.4,1.4
 Corsa,2017,7395.0,Manual,43831,Petrol,145,55.4,1.4
 Corsa,2018,7995.0,Manual,24104,Petrol,145,55.4,1.4
 Corsa,2017,10995.0,Manual,36570,Petrol,240,37.7,1.6
 Corsa,2017,9495.0,Manual,6197,Petrol,150,55.4,1.4
 Corsa,2008,2690.0,Manual,76264,Petrol,165,45.6,1.4
 Corsa,2013,5490.0,Manual,49055,Petrol,165,44.1,1.2
 Corsa,2017,7939.0,Manual,17355,Petrol,145,54.3,1.4
 Corsa,2016,7395.0,Manual,39770,Petrol,30,55.4,1.4
 Corsa,2019,11495.0,Manual,4359,Petrol,145,44.8,1.4
 Corsa,2019,9759.0,Manual,11716,Petrol,145,43.5,1.4
 Corsa,2016,7990.0,Manual,26500,Petrol,30,54.3,1.4
 Corsa,2012,5295.0,Manual,15021,Petrol,125,51.4,1.2
 Corsa,2019,11985.0,Manual,4034,Petrol,145,44.8,1.4
 Corsa,2015,7666.0,Manual,24261,Petrol,30,55.4,1.4
 Corsa,2017,7788.0,Manual,16215,Petrol,145,55.4,1.4
 Corsa,2017,9295.0,Manual,12474,Petrol,30,55.4,1.4
 Corsa,2010,4990.0,Manual,58158,Petrol,235,38.7,1.6
 Corsa,2013,5490.0,Manual,36180,Petrol,125,51.4,1.2
 Corsa,2019,9994.0,Manual,9002,Petrol,145,43.5,1.4
 Corsa,2009,1240.0,Manual,127000,Petrol,165,47.9,1.4
 Corsa,2016,4480.0,Manual,65000,Petrol,30,54.3,1.4
 Corsa,2011,3440.0,Manual,51000,Petrol,125,53.3,1.2
 Corsa,2011,4495.0,Automatic,48435,Petrol,165,44.8,1.4
 Corsa,2014,4990.0,Manual,32000,Petrol,125,51.4,1.2
 Corsa,2016,8900.0,Automatic,13532,Petrol,150,47.9,1.4
 Corsa,2016,6000.0,Manual,23092,Petrol,30,55.4,1.4
 Corsa,2015,7100.0,Manual,28739,Petrol,125,54.3,1.4
 Corsa,2017,8400.0,Manual,18858,Petrol,145,55.4,1.4
 Corsa,2016,6700.0,Manual,26696,Petrol,30,55.4,1.4
 Corsa,2016,6999.0,Manual,31717,Petrol,30,55.4,1.4
 Corsa,2014,5000.0,Manual,29493,Petrol,125,51.4,1.2
 Corsa,2017,8700.0,Manual,10412,Petrol,125,54.3,1.4
 Corsa,2015,5700.0,Manual,48891,Petrol,30,55.4,1.4
 Corsa,2014,4799.0,Manual,57645,Petrol,125,51.4,1.4
 Corsa,2015,5200.0,Manual,63736,Petrol,125,53.3,1.2
 Corsa,2016,6200.0,Manual,45914,Diesel,0,83.1,1.2
 Corsa,2018,8800.0,Manual,7181,Petrol,145,54.3,1.4
 Corsa,2017,7500.0,Manual,13156,Petrol,30,55.4,1.4
 Corsa,2018,8200.0,Manual,4521,Petrol,145,43.5,1.4
 Corsa,2016,7500.0,Manual,26860,Petrol,125,54.3,1.4
 Corsa,2019,9000.0,Manual,26589,Petrol,145,43.5,1.4
 Corsa,2017,10300.0,Automatic,6633,Petrol,145,47.9,1.4
 Corsa,2008,2195.0,Manual,62000,Petrol,145,48.7,1.2
 Corsa,2016,9500.0,Automatic,14549,Petrol,145,47.9,1.4
 Corsa,2015,5500.0,Manual,38116,Petrol,125,53.3,1.2
 Corsa,2014,4999.0,Manual,61742,Petrol,125,51.4,1.2
 Corsa,2017,7900.0,Manual,14933,Petrol,145,55.4,1.4
 Corsa,2018,8700.0,Manual,9290,Petrol,145,43.5,1.4
 Corsa,2019,12495.0,Automatic,5000,Petrol,145,39.8,1.4
 Corsa,2016,7100.0,Manual,23886,Petrol,125,54.3,1.4
 Corsa,2016,10995.0,Automatic,1000,Petrol,145,47.9,1.4
 Corsa,2019,12995.0,Automatic,1000,Petrol,145,39.8,1.4
 Corsa,2018,10995.0,Automatic,14000,Petrol,145,47.9,1.4
 Corsa,2017,9200.0,Manual,14248,Petrol,145,55.4,1.4
 Corsa,2016,10495.0,Automatic,1000,Petrol,145,47.9,1.4
 Corsa,2017,7100.0,Manual,35396,Diesel,0,78.5,1.2
 Corsa,2016,7450.0,Manual,37335,Petrol,30,55.4,1.4
 Corsa,2012,5475.0,Automatic,50454,Petrol,160,44.8,1.4
 Corsa,2018,11995.0,Automatic,1000,Petrol,145,47.9,1.4
 Corsa,2008,1750.0,Manual,84490,Diesel,30,62.8,1.2
 Corsa,2004,1100.0,Manual,48524,Petrol,160,47.1,1.1
 Corsa,2009,2100.0,Manual,81919,Petrol,150,48.7,1.2
 Corsa,2018,10200.0,Automatic,14393,Petrol,150,47.1,1.4
 Corsa,2016,6400.0,Manual,31052,Petrol,30,55.4,1.4
 Corsa,2017,7000.0,Manual,227,Petrol,150,55.4,1.4
 Corsa,2011,3000.0,Manual,93400,Petrol,125,51.4,1.4
 Corsa,2016,6788.0,Manual,44000,Petrol,30,55.4,1.4
 Corsa,2019,10975.0,Manual,3203,Petrol,150,43.5,1.4
 Corsa,2016,6999.0,Automatic,38934,Petrol,150,47.9,1.4
 Corsa,2016,5488.0,Manual,46000,Petrol,30,55.4,1.4
 Corsa,2016,5888.0,Manual,21000,Petrol,30,55.4,1.4
 Corsa,2016,7500.0,Manual,16697,Petrol,30,54.3,1.4
 Corsa,2016,6500.0,Manual,12100,Petrol,30,55.4,1.4
 Corsa,2016,6800.0,Manual,19190,Petrol,30,55.4,1.4
 Corsa,2019,9230.0,Manual,3992,Petrol,145,43.5,1.4
 Corsa,2019,9685.0,Manual,5993,Petrol,145,43.5,1.4
 Corsa,2019,8590.0,Manual,15368,Petrol,145,43.5,1.4
 Corsa,2019,10390.0,Manual,3252,Petrol,145,43.5,1.4
 Corsa,2019,10390.0,Manual,3606,Petrol,145,43.5,1.4
 Corsa,2019,10469.0,Manual,4254,Petrol,145,43.5,1.4
 Corsa,2019,10438.0,Manual,10266,Petrol,145,44.8,1.4
 Corsa,2010,3995.0,Manual,48444,Petrol,125,53.3,1.2
 Corsa,2019,8060.0,Manual,8949,Petrol,145,43.5,1.4
 Corsa,2017,7950.0,Manual,18239,Petrol,150,54.3,1.4
 Corsa,2020,9346.0,Manual,4078,Petrol,145,43.5,1.4
 Corsa,2018,8677.0,Manual,18190,Petrol,145,43.5,1.4
 Corsa,2018,6695.0,Manual,13000,Petrol,145,43.5,1.4
 Corsa,2015,5995.0,Automatic,23000,Petrol,125,53.3,1.2
 Corsa,2020,9799.0,Manual,3814,Petrol,145,43.5,1.4
 Corsa,2020,9350.0,Manual,3669,Petrol,145,43.5,1.4
 Corsa,2017,10338.0,Manual,4496,Petrol,145,49.6,1.4
 Corsa,2018,11495.0,Automatic,5684,Petrol,145,39.8,1.4
 Corsa,2010,3995.0,Manual,59823,Petrol,125,53.3,1.2
 Corsa,2016,7990.0,Manual,16478,Petrol,30,57.6,1.0
 Corsa,2019,9477.0,Manual,4282,Petrol,145,43.5,1.4
 Corsa,2019,12990.0,Manual,10,Petrol,145,43.5,1.4
 Corsa,2019,9509.0,Manual,3097,Petrol,145,43.5,1.4
 Corsa,2019,9536.0,Manual,2996,Petrol,145,43.5,1.4
 Corsa,2019,8747.0,Manual,13351,Petrol,145,43.5,1.4
 Corsa,2017,9553.0,Automatic,20200,Petrol,145,47.9,1.4
 Corsa,2019,11990.0,Automatic,28,Petrol,145,39.8,1.4
 Corsa,2016,6895.0,Manual,38388,Petrol,30,55.4,1.4
 Corsa,2015,7995.0,Automatic,21233,Petrol,150,47.1,1.4
 Corsa,2016,7562.0,Manual,2016,Petrol,30,55.4,1.4
 Corsa,2017,6500.0,Manual,48740,Petrol,150,55.4,1.4
 Corsa,2019,14995.0,Manual,10,Petrol,145,43.5,1.4
 Corsa,2017,7079.0,Manual,22623,Petrol,145,55.4,1.4
 Corsa,2019,13995.0,Manual,5,Petrol,145,43.5,1.4
 Corsa,2019,13495.0,Manual,5,Petrol,145,43.5,1.4
 Corsa,2019,11995.0,Manual,50,Petrol,145,43.5,1.4
 Corsa,2019,9416.0,Manual,11757,Petrol,145,43.5,1.4
 Corsa,2019,9607.0,Manual,7616,Petrol,145,43.5,1.4
 Corsa,2018,9794.0,Manual,12032,Petrol,150,54.3,1.4
 Corsa,2015,9250.0,Automatic,9555,Petrol,145,47.1,1.4
 Corsa,2019,10695.0,Manual,3578,Petrol,145,43.5,1.4
 Corsa,2019,10995.0,Manual,4352,Petrol,145,43.5,1.4
 Corsa,2017,9395.0,Manual,4394,Petrol,30,55.4,1.4
 Corsa,2018,10495.0,Manual,7497,Petrol,145,54.3,1.4
 Corsa,2012,4990.0,Manual,59000,Petrol,125,51.4,1.2
 Corsa,2019,10695.0,Manual,3194,Petrol,145,43.5,1.4
 Corsa,2019,10695.0,Manual,10381,Petrol,145,43.5,1.4
 Corsa,2019,10695.0,Manual,9339,Petrol,145,43.5,1.4
 Corsa,2019,11000.0,Manual,3648,Petrol,145,43.5,1.4
 Corsa,2017,7734.0,Manual,21296,Petrol,145,55.4,1.4
 Corsa,2013,4750.0,Manual,64546,Petrol,125,51.4,1.2
 Corsa,2019,9999.0,Manual,14678,Petrol,145,43.5,1.4
 Corsa,2012,7250.0,Manual,37306,Petrol,265,37.2,1.6
 Corsa,2017,8244.0,Manual,17837,Petrol,30,55.4,1.4
 Corsa,2017,8000.0,Manual,20197,Petrol,150,55.4,1.4
 Corsa,2017,9964.0,Automatic,5299,Petrol,145,47.9,1.4
 Corsa,2015,6499.0,Manual,44000,Petrol,125,54.3,1.4
 Corsa,2017,8399.0,Manual,17956,Petrol,150,57.7,1.0
 Corsa,2019,9585.0,Manual,13437,Petrol,145,43.5,1.4
 Corsa,2017,9675.0,Manual,11384,Petrol,145,49.6,1.4
 Corsa,2015,9999.0,Automatic,8390,Petrol,140,47.9,1.4
 Corsa,2019,11395.0,Manual,7000,Petrol,145,43.5,1.4
 Corsa,2018,9754.0,Manual,26000,Petrol,145,43.5,1.4
 Astra,2017,11641.0,Automatic,21649,Petrol,125,51.4,1.4
 Astra,2019,13200.0,Manual,15000,Petrol,145,62.8,1.0
 Astra,2014,6033.0,Manual,39993,Petrol,125,51.4,1.4
 Astra,2014,6800.0,Manual,27031,Petrol,125,51.4,1.4
 Astra,2017,9000.0,Manual,36848,Petrol,145,52.3,1.4
 Astra,2017,12490.0,Automatic,17000,Petrol,145,51.4,1.4
 Astra,2017,11490.0,Automatic,1700,Petrol,125,51.4,1.4
 Astra,2018,11990.0,Automatic,18000,Petrol,145,51.4,1.4
 Astra,2019,13800.0,Manual,6894,Petrol,145,47.9,1.4
 Astra,2016,10100.0,Automatic,39954,Petrol,120,51.4,1.4
 Astra,2015,7050.0,Manual,44485,Petrol,200,43.5,1.6
 Astra,2018,11500.0,Manual,31424,Petrol,140,51.4,1.4
 Astra,2008,2295.0,Manual,90000,Petrol,205,43.5,1.6
 Astra,2012,4695.0,Manual,83870,Petrol,125,51.4,1.4
 Astra,2008,2495.0,Manual,71300,Petrol,160,44.8,1.4
 Astra,2015,10990.0,Manual,16709,Petrol,120,51.4,1.4
 Astra,2019,15000.0,Automatic,6094,Petrol,150,51.4,1.4
 Astra,2019,15000.0,Automatic,4218,Petrol,150,51.4,1.4
 Astra,2019,13200.0,Automatic,12257,Petrol,145,51.4,1.4
 Astra,2017,9990.0,Manual,20859,Petrol,145,51.4,1.4
 Astra,2018,10850.0,Manual,32317,Petrol,145,45.6,1.6
 Astra,2015,6495.0,Manual,56000,Petrol,200,42.8,1.6
 Astra,2017,10013.0,Manual,23801,Petrol,145,51.4,1.4
 Astra,2005,695.0,Manual,150000,Diesel,150,57.7,1.7
 Astra,2016,8195.0,Manual,28666,Petrol,20,64.2,1.0
 Astra,2017,10599.0,Manual,25118,Petrol,20,62.8,1.0
 Astra,2017,10000.0,Manual,30126,Petrol,125,51.4,1.4
 Astra,2018,10995.0,Manual,14200,Petrol,145,62.8,1.0
 Astra,2017,9599.0,Manual,21665,Petrol,125,52.3,1.4
 Astra,2019,13998.0,Manual,7202,Petrol,145,46.3,1.4
 Astra,2019,15018.0,Automatic,4038,Petrol,145,51.4,1.4
 Astra,2018,11004.0,Manual,29000,Petrol,145,51.4,1.4
 Astra,2017,9530.0,Manual,23870,Petrol,125,51.4,1.4
 Astra,2014,6995.0,Manual,70067,Diesel,125,60.1,2.0
 Astra,2015,6998.0,Manual,48316,Diesel,30,62.8,2.0
 Astra,2014,6498.0,Manual,31536,Petrol,125,51.4,1.4
 Astra,2013,5470.0,Manual,49208,Petrol,160,44.8,1.6
 Astra,2016,8891.0,Manual,35392,Petrol,20,64.2,1.0
 Astra,2016,8698.0,Manual,27122,Petrol,20,64.2,1.0
 Astra,2014,7298.0,Manual,18911,Diesel,30,62.8,2.0
 Astra,2020,15998.0,Manual,10,Petrol,145,54.3,1.2
 Astra,2017,8497.0,Manual,23770,Petrol,160,47.1,1.4
 Astra,2017,10998.0,Semi-Auto,13206,Petrol,145,51.4,1.4
 Astra,2016,9498.0,Manual,28468,Petrol,125,51.4,1.4
 Astra,2017,10698.0,Manual,13276,Petrol,145,51.4,1.4
 Astra,2013,4998.0,Manual,54799,Petrol,160,44.1,1.6
 Astra,2016,9340.0,Manual,12275,Petrol,125,51.4,1.4
 Astra,2019,10495.0,Manual,11503,Petrol,145,64.2,1.0
 Astra,2019,10695.0,Manual,13317,Petrol,145,52.3,1.4
 Astra,2019,10695.0,Manual,12703,Petrol,145,52.3,1.4
 Astra,2019,11395.0,Semi-Auto,13069,Petrol,145,52.3,1.4
 Astra,2019,13000.0,Manual,15112,Petrol,150,51.4,1.4
 Astra,2018,11099.0,Manual,15420,Petrol,145,51.4,1.4
 Astra,2019,11743.0,Manual,16854,Petrol,145,51.4,1.4
 Astra,2018,10725.0,Manual,20054,Petrol,145,49.6,1.4
 Astra,2018,12795.0,Manual,2000,Petrol,140,51.4,1.4
 Astra,2019,16695.0,Manual,14774,Diesel,140,62.8,1.6
 Astra,2017,9351.0,Manual,27498,Petrol,125,51.4,1.4
 Astra,2017,9995.0,Manual,22583,Petrol,150,52.3,1.4
 Astra,2018,12495.0,Manual,6562,Petrol,150,47.9,1.4
 Astra,2018,12495.0,Manual,18170,Petrol,145,47.9,1.4
 Astra,2016,9495.0,Manual,15761,Petrol,20,64.2,1.0
 Astra,2019,11995.0,Manual,16554,Petrol,145,48.7,1.0
 Astra,2019,16995.0,Manual,3976,Petrol,145,47.9,1.4
 Astra,2017,9995.0,Manual,33793,Petrol,150,52.3,1.4
 Astra,2020,16995.0,Manual,15,Petrol,150,54.3,1.2
 Astra,2019,11995.0,Manual,17322,Petrol,145,64.2,1.0
 Astra,2019,12995.0,Manual,5247,Petrol,145,52.3,1.4
 Astra,2016,8995.0,Manual,43689,Petrol,125,52.3,1.4
 Astra,2017,10798.0,Manual,35509,Diesel,145,76.3,1.6
 Astra,2017,10998.0,Manual,9555,Petrol,125,50.4,1.4
 Astra,2017,10698.0,Manual,25776,Petrol,125,51.4,1.4
 Astra,2017,9498.0,Manual,36092,Petrol,145,51.4,1.4
 Astra,2018,9698.0,Manual,28751,Petrol,145,51.4,1.4
 Astra,2019,12998.0,Manual,9598,Petrol,145,51.4,1.4
 Astra,2019,13498.0,Manual,8923,Petrol,145,51.4,1.4
 Astra,2017,9998.0,Semi-Auto,30240,Petrol,125,50.4,1.4
 Astra,2016,9495.0,Manual,21705,Petrol,125,51.4,1.4
 Astra,2016,8995.0,Manual,42200,Petrol,125,51.4,1.4
 Astra,2017,9998.0,Manual,13096,Petrol,125,51.4,1.4
 Astra,2017,11995.0,Manual,17718,Petrol,145,50.4,1.4
 Astra,2016,9998.0,Manual,12788,Diesel,0,76.3,1.6
 Astra,2016,9498.0,Manual,28750,Diesel,20,72.4,1.6
 Astra,2016,7998.0,Manual,42198,Diesel,0,76.3,1.6
 Astra,2016,10698.0,Semi-Auto,14567,Petrol,125,51.4,1.4
 Astra,2017,11298.0,Semi-Auto,25397,Petrol,125,51.4,1.4
 Astra,2016,10498.0,Semi-Auto,26839,Diesel,30,62.8,1.6
 Astra,2017,8998.0,Manual,29598,Petrol,125,51.4,1.4
 Astra,2019,14785.0,Manual,100,Petrol,145,45.6,1.4
 Astra,2019,10985.0,Manual,14804,Petrol,145,64.2,1.0
 Astra,2016,9498.0,Manual,25796,Petrol,125,51.4,1.4
 Astra,2017,10998.0,Semi-Auto,14297,Petrol,125,51.4,1.4
 Astra,2019,12498.0,Manual,13874,Petrol,150,47.9,1.4
 Astra,2017,10998.0,Manual,16326,Petrol,125,51.4,1.4
 Astra,2016,8345.0,Manual,53143,Diesel,20,72.4,1.6
 Astra,2016,8000.0,Manual,42722,Diesel,20,72.4,1.6
 Astra,2014,6000.0,Manual,72168,Petrol,165,47.1,1.4
 Astra,2019,12298.0,Manual,17455,Petrol,145,51.4,1.4
 Astra,2018,12498.0,Semi-Auto,1414,Petrol,145,51.4,1.4
 Astra,2019,12498.0,Manual,17228,Petrol,145,51.4,1.4
 Astra,2017,11798.0,Semi-Auto,3973,Petrol,145,50.4,1.4
 Astra,2016,10998.0,Semi-Auto,10799,Petrol,125,50.4,1.4
 Astra,2019,12698.0,Manual,10114,Petrol,145,51.4,1.4
 Astra,2019,12998.0,Manual,6435,Petrol,145,51.4,1.4
 Astra,2017,10498.0,Manual,20683,Diesel,20,72.4,1.6
 Astra,2017,11998.0,Semi-Auto,6539,Petrol,145,50.4,1.4
 Astra,2017,9998.0,Manual,28920,Petrol,125,51.4,1.4
 Astra,2017,10498.0,Manual,18286,Petrol,145,51.4,1.4
 Astra,2016,8498.0,Manual,18550,Petrol,125,51.4,1.4
 Astra,2019,12498.0,Manual,15639,Petrol,145,51.4,1.4
 Astra,2017,9998.0,Manual,32218,Diesel,20,72.4,1.6
 Astra,2016,8800.0,Manual,13915,Petrol,125,51.4,1.4
 Astra,2016,7998.0,Manual,28325,Petrol,125,52.3,1.4
 Astra,2017,9998.0,Manual,26293,Diesel,20,72.4,1.6
 Astra,2016,9298.0,Manual,32045,Petrol,125,51.4,1.4
 Astra,2014,5698.0,Manual,53011,Petrol,160,44.1,1.6
 Astra,2017,11498.0,Semi-Auto,18717,Petrol,145,51.4,1.4
 Astra,2016,7995.0,Manual,43300,Petrol,125,52.3,1.4
 Astra,2017,9998.0,Semi-Auto,19807,Petrol,145,51.4,1.4
 Astra,2016,9998.0,Manual,22133,Diesel,20,72.4,1.6
 Astra,2017,9998.0,Manual,38174,Diesel,20,72.4,1.6
 Astra,2016,8498.0,Manual,34416,Petrol,125,51.4,1.4
 Astra,2014,5998.0,Manual,35620,Petrol,125,51.4,1.4
 Astra,2018,11998.0,Manual,5320,Petrol,150,62.8,1.0
 Astra,2019,11498.0,Manual,13195,Petrol,145,51.4,1.4
 Astra,2018,9998.0,Manual,29634,Diesel,145,85.6,1.6
 Astra,2015,7490.0,Semi-Auto,29453,Petrol,235,38.7,1.6
 Astra,2017,8998.0,Manual,42339,Diesel,145,74.3,1.6
 Astra,2014,5998.0,Manual,43956,Petrol,125,51.4,1.4
 Astra,2013,5498.0,Manual,38696,Petrol,150,48.7,1.4
 Astra,2019,11998.0,Manual,15946,Petrol,145,51.4,1.4
 Astra,2019,12698.0,Manual,15204,Petrol,145,51.4,1.4
 Astra,2018,11998.0,Manual,20673,Petrol,145,51.4,1.4
 Astra,2016,8498.0,Manual,36723,Petrol,125,51.4,1.4
 Astra,2018,10998.0,Manual,23988,Petrol,145,51.4,1.4
 Astra,2017,9998.0,Manual,22474,Petrol,125,51.4,1.4
 Astra,2017,10698.0,Manual,14263,Petrol,125,51.4,1.4
 Astra,2020,16598.0,Manual,10,Petrol,150,54.3,1.2
 Astra,2017,11498.0,Manual,11541,Petrol,160,47.1,1.4
 Astra,2016,8498.0,Manual,45877,Petrol,20,64.2,1.0
 Astra,2016,7998.0,Manual,43143,Diesel,0,78.5,1.6
 Astra,2017,11498.0,Manual,10794,Petrol,125,51.4,1.4
 Astra,2016,8998.0,Manual,31727,Petrol,125,51.4,1.4
 Astra,2016,9698.0,Manual,18293,Petrol,125,51.4,1.4
 Astra,2017,10498.0,Manual,38252,Diesel,145,76.3,1.6
 Astra,2017,9998.0,Manual,17579,Diesel,150,74.3,1.6
 Astra,2016,8998.0,Manual,36511,Petrol,125,51.4,1.4
 Astra,2016,10798.0,Manual,14661,Petrol,125,51.4,1.4
 Astra,2020,15998.0,Manual,10,Petrol,150,54.3,1.2
 Astra,2020,16998.0,Manual,10,Petrol,145,54.3,1.2
 Astra,2019,12998.0,Manual,12011,Petrol,145,51.4,1.4
 Astra,2019,12998.0,Manual,11633,Petrol,145,51.4,1.4
 Astra,2014,6900.0,Manual,23808,Petrol,150,47.9,1.4
 Astra,2016,9998.0,Manual,15988,Petrol,125,51.4,1.4
 Astra,2017,10498.0,Manual,19531,Petrol,125,51.4,1.4
 Astra,2016,10498.0,Manual,14802,Petrol,125,51.4,1.4
 Astra,2016,9798.0,Manual,30001,Petrol,125,51.4,1.4
 Astra,2017,7998.0,Manual,42481,Petrol,150,64.2,1.0
 Astra,2017,11498.0,Manual,10372,Petrol,125,51.4,1.4
 Astra,2016,9298.0,Manual,19500,Petrol,125,51.4,1.4
 Astra,2016,8298.0,Manual,54794,Diesel,0,74.3,1.6
 Astra,2016,7698.0,Manual,69070,Diesel,0,78.5,1.6
 Astra,2016,9298.0,Manual,20827,Petrol,125,51.4,1.4
 Astra,2014,5998.0,Manual,51495,Petrol,160,44.8,1.6
 Astra,2016,9698.0,Manual,31996,Petrol,125,51.4,1.4
 Astra,2017,9998.0,Manual,24661,Petrol,165,47.1,1.4
 Astra,2019,12498.0,Manual,21150,Petrol,145,51.4,1.4
 Astra,2017,11298.0,Manual,20536,Petrol,145,51.4,1.4
 Astra,2017,11498.0,Semi-Auto,10550,Petrol,125,50.4,1.4
 Astra,2017,10698.0,Manual,15812,Petrol,125,51.4,1.4
 Astra,2017,9998.0,Manual,34300,Petrol,160,47.1,1.4
 Astra,2018,10998.0,Manual,34020,Petrol,150,51.4,1.4
 Astra,2017,9498.0,Manual,29223,Diesel,0,78.5,1.6
 Astra,2016,9298.0,Manual,30337,Diesel,0,76.3,1.6
 Astra,2017,11498.0,Manual,12102,Petrol,125,51.4,1.4
 Astra,2015,8498.0,Manual,17360,Petrol,0,65.7,1.0
 Astra,2016,8998.0,Manual,22968,Petrol,20,64.2,1.0
 Astra,2016,8998.0,Manual,36409,Petrol,125,51.4,1.4
 Astra,2018,10498.0,Manual,22103,Petrol,145,51.4,1.4
 Astra,2016,8998.0,Manual,42238,Petrol,125,51.4,1.4
 Astra,2016,9998.0,Manual,13241,Petrol,125,51.4,1.4
 Astra,2017,10498.0,Manual,30916,Petrol,145,51.4,1.4
 Astra,2018,11998.0,Manual,17475,Petrol,145,51.4,1.4
 Astra,2016,9998.0,Manual,14014,Petrol,125,51.4,1.4
 Astra,2016,9298.0,Manual,43061,Petrol,125,51.4,1.4
 Astra,2016,8498.0,Manual,18245,Petrol,125,51.4,1.4
 Astra,2016,9998.0,Semi-Auto,36463,Diesel,125,61.4,1.6
 Astra,2017,11298.0,Manual,20162,Diesel,145,76.3,1.6
 Astra,2018,11998.0,Manual,10747,Petrol,150,51.4,1.4
 Astra,2016,8298.0,Manual,28076,Petrol,125,51.4,1.4
 Astra,2016,9498.0,Manual,20205,Petrol,125,51.4,1.4
 Astra,2017,9498.0,Manual,43112,Diesel,20,72.4,1.6
 Astra,2017,10498.0,Manual,23050,Diesel,150,72.4,1.6
 Astra,2016,7998.0,Manual,38521,Diesel,0,78.5,1.6
 Astra,2016,9210.0,Manual,23788,Diesel,0,76.3,1.6
 Astra,2016,9220.0,Manual,19205,Petrol,125,51.4,1.4
 Astra,2018,10991.0,Manual,21677,Petrol,145,45.6,1.6
 Astra,2016,9991.0,Manual,22176,Petrol,125,51.4,1.4
 Astra,2016,7998.0,Manual,52279,Diesel,0,76.3,1.6
 Astra,2016,8998.0,Manual,34361,Diesel,0,74.3,1.6
 Astra,2019,12490.0,Manual,15500,Petrol,145,51.4,1.4
 Astra,2018,10998.0,Manual,21230,Petrol,145,51.4,1.4
 Astra,2017,9498.0,Manual,27923,Diesel,145,85.6,1.6
 Astra,2016,9998.0,Manual,21638,Petrol,125,51.4,1.4
 Astra,2020,15890.0,Manual,755,Petrol,145,54.3,1.2
 Astra,2020,15590.0,Manual,700,Petrol,145,54.3,1.2
 Astra,2017,9491.0,Manual,43424,Diesel,145,72.4,1.6
 Astra,2019,12698.0,Manual,10978,Petrol,145,51.4,1.4
 Astra,2016,10298.0,Manual,23367,Diesel,20,72.4,1.6
 Astra,2020,15890.0,Manual,1550,Petrol,145,54.3,1.2
 Astra,2017,10991.0,Manual,21572,Petrol,145,51.4,1.4
 Astra,2017,8730.0,Manual,26487,Petrol,125,51.4,1.4
 Astra,2013,5498.0,Manual,39138,Petrol,165,44.8,1.6
 Astra,2017,10998.0,Manual,18752,Petrol,160,47.1,1.4
 Astra,2017,9998.0,Semi-Auto,45480,Diesel,125,61.4,1.6
 Astra,2018,10600.0,Manual,29531,Petrol,145,51.4,1.4
 Astra,2014,4791.0,Manual,72701,Petrol,125,51.4,1.4
 Astra,2017,9570.0,Manual,21702,Petrol,145,52.3,1.4
 Astra,2020,15890.0,Manual,1253,Petrol,145,54.3,1.2
 Astra,2017,8998.0,Manual,30177,Diesel,145,85.6,1.6
 Astra,2017,8498.0,Manual,32537,Petrol,145,64.2,1.0
 Astra,2017,9580.0,Manual,28918,Diesel,145,78.5,1.6
 Astra,2016,7190.0,Manual,47641,Petrol,0,65.7,1.0
 Astra,2017,10998.0,Manual,26531,Diesel,145,76.3,1.6
 Astra,2016,9698.0,Manual,16512,Petrol,125,51.4,1.4
 Astra,2017,9999.0,Manual,34718,Diesel,145,72.4,1.6
 Astra,2017,9998.0,Manual,24379,Petrol,145,51.4,1.4
 Astra,2016,9498.0,Manual,26304,Petrol,125,51.4,1.4
 Astra,2017,7998.0,Manual,66054,Diesel,0,76.3,1.6
 Astra,2016,9237.0,Manual,13088,Petrol,125,51.4,1.4
 Astra,2016,10298.0,Semi-Auto,21245,Petrol,125,51.4,1.4
 Astra,2017,10498.0,Manual,35473,Diesel,145,76.3,1.6
 Astra,2017,11298.0,Manual,31608,Petrol,125,50.4,1.4
 Astra,2016,9498.0,Manual,32766,Petrol,125,51.4,1.4
 Astra,2017,9999.0,Manual,34718,Diesel,150,72.4,1.6
 Astra,2016,8620.0,Manual,31594,Diesel,0,76.3,1.6
 Astra,2016,8998.0,Manual,32477,Petrol,125,51.4,1.4
 Astra,2016,9400.0,Manual,31331,Diesel,20,72.4,1.6
 Astra,2017,10498.0,Manual,21031,Petrol,125,51.4,1.4
 Astra,2019,13498.0,Manual,11100,Petrol,145,47.9,1.4
 Astra,2017,10598.0,Manual,39612,Diesel,145,76.3,1.6
 Astra,2016,9698.0,Manual,18273,Petrol,125,51.4,1.4
 Astra,2016,9998.0,Manual,13412,Petrol,125,51.4,1.4
 Astra,2013,5498.0,Manual,43484,Petrol,125,51.4,1.4
 Astra,2017,10998.0,Manual,24500,Diesel,145,76.3,1.6
 Astra,2016,8998.0,Manual,35341,Diesel,0,76.3,1.6
 Astra,2015,6298.0,Manual,31212,Petrol,150,48.7,1.4
 Astra,2018,11498.0,Manual,18746,Petrol,145,49.6,1.4
 Astra,2017,10498.0,Manual,37281,Diesel,150,76.3,1.6
 Astra,2019,9998.0,Manual,15587,Petrol,150,62.8,1.0
 Astra,2017,11998.0,Manual,9316,Petrol,145,51.4,1.4
 Astra,2016,8998.0,Manual,34073,Diesel,0,76.3,1.6
 Astra,2016,8999.0,Manual,32891,Diesel,20,72.4,1.6
 Astra,2017,9498.0,Manual,21922,Diesel,0,78.5,1.6
 Astra,2018,10998.0,Manual,22452,Petrol,145,51.4,1.4
 Astra,2013,4998.0,Manual,58324,Petrol,125,51.4,1.4
 Astra,2016,9298.0,Manual,22223,Petrol,125,51.4,1.4
 Astra,2016,7498.0,Manual,56246,Petrol,0,65.7,1.0
 Astra,2016,8498.0,Manual,45396,Petrol,125,51.4,1.4
 Astra,2017,8298.0,Manual,48681,Petrol,145,62.8,1.0
 Astra,2020,17798.0,Manual,10,Petrol,145,54.3,1.2
 Astra,2017,11498.0,Manual,19739,Petrol,125,51.4,1.4
 Astra,2017,12298.0,Manual,5037,Petrol,125,51.4,1.4
 Astra,2019,11298.0,Manual,11063,Petrol,145,48.7,1.0
 Astra,2014,6498.0,Manual,40489,Petrol,145,47.9,1.4
 Astra,2017,9298.0,Manual,26111,Petrol,125,51.4,1.4
 Astra,2017,8298.0,Manual,54699,Diesel,0,83.1,1.6
 Astra,2017,8998.0,Manual,41845,Diesel,0,83.1,1.6
 Astra,2017,7998.0,Manual,57318,Diesel,0,83.1,1.6
 Astra,2017,11498.0,Manual,13186,Petrol,145,51.4,1.4
 Astra,2017,11298.0,Manual,21192,Petrol,125,51.4,1.4
 Astra,2019,12998.0,Manual,15640,Petrol,145,51.4,1.4
 Astra,2016,9498.0,Manual,15286,Petrol,125,51.4,1.4
 Astra,2013,10991.0,Manual,44948,Petrol,125,57.6,2.0
 Astra,2014,5591.0,Manual,44444,Petrol,165,44.8,1.6
 Astra,2016,8998.0,Manual,23245,Petrol,20,64.2,1.0
 Astra,2019,12698.0,Manual,14354,Petrol,145,51.4,1.4
 Astra,2013,4798.0,Manual,55627,Petrol,160,44.8,1.6
 Astra,2017,10798.0,Manual,11703,Petrol,125,51.4,1.4
 Astra,2017,8798.0,Manual,31618,Petrol,150,51.4,1.4
 Astra,2013,6591.0,Manual,24522,Petrol,160,44.8,1.6
 Astra,2016,10390.0,Automatic,37434,Petrol,125,50.4,1.4
 Astra,2017,9998.0,Manual,23528,Petrol,125,51.4,1.4
 Astra,2017,9998.0,Manual,37741,Diesel,145,76.3,1.6
 Astra,2019,12798.0,Manual,13717,Petrol,145,51.4,1.4
 Astra,2016,8698.0,Manual,40802,Diesel,0,76.3,1.6
 Astra,2017,9220.0,Manual,23185,Petrol,145,52.3,1.4
 Astra,2017,10998.0,Manual,18601,Petrol,125,51.4,1.4
 Astra,2017,10398.0,Manual,19761,Petrol,125,51.4,1.4
 Astra,2017,10998.0,Manual,32506,Diesel,145,76.3,1.6
 Astra,2016,8140.0,Manual,53393,Petrol,125,51.4,1.4
 Astra,2016,7991.0,Manual,43822,Diesel,0,76.3,1.6
 Astra,2017,9295.0,Manual,38259,Petrol,125,51.4,1.4
 Astra,2016,9798.0,Manual,29890,Petrol,125,51.4,1.4
 Astra,2017,10795.0,Manual,44275,Diesel,20,72.4,1.6
 Astra,2017,9295.0,Manual,17855,Petrol,20,64.2,1.0
 Astra,2017,8495.0,Manual,17101,Diesel,150,78.5,1.6
 Astra,2016,7998.0,Manual,47184,Petrol,125,51.4,1.4
 Astra,2016,9298.0,Manual,40785,Diesel,20,72.4,1.6
 Astra,2017,8695.0,Manual,23209,Petrol,150,62.8,1.0
 Astra,2016,9998.0,Manual,26105,Petrol,125,51.4,1.4
 Astra,2018,12590.0,Manual,25308,Diesel,145,68.9,1.6
 Astra,2017,10798.0,Manual,26720,Petrol,125,51.4,1.4
 Astra,2016,8498.0,Manual,35175,Petrol,125,51.4,1.4
 Astra,2018,11995.0,Semi-Auto,28973,Diesel,145,58.9,1.6
 Astra,2018,12995.0,Manual,36257,Diesel,145,72.4,1.6
 Astra,2017,9998.0,Manual,47998,Diesel,145,72.4,1.6
 Astra,2020,16998.0,Manual,53,Petrol,145,54.3,1.2
 Astra,2017,10498.0,Manual,26045,Diesel,145,76.3,1.6
 Astra,2016,8998.0,Manual,37708,Petrol,125,51.4,1.4
 Astra,2016,10498.0,Manual,22277,Petrol,125,51.4,1.4
 Astra,2017,9498.0,Manual,25076,Diesel,145,76.3,1.6
 Astra,2017,8430.0,Manual,37331,Diesel,20,72.4,1.6
 Astra,2016,9498.0,Manual,19142,Petrol,125,51.4,1.4
 Astra,2017,10795.0,Manual,13221,Petrol,125,50.4,1.4
 Astra,2016,7998.0,Manual,47117,Diesel,0,85.6,1.6
 Astra,2018,11450.0,Manual,19000,Diesel,145,85.6,1.6
 Astra,2017,11700.0,Manual,11886,Petrol,150,51.4,1.4
 Astra,2017,10000.0,Manual,27494,Diesel,145,74.3,1.6
 Astra,2016,7698.0,Manual,57385,Diesel,0,76.3,1.6
 Astra,2016,9998.0,Manual,29082,Petrol,125,51.4,1.4
 Astra,2015,6940.0,Manual,69712,Diesel,20,72.4,1.6
 Astra,2016,9590.0,Manual,32514,Diesel,20,72.4,1.6
 Astra,2017,11991.0,Manual,14689,Diesel,145,76.3,1.6
 Astra,2016,8991.0,Manual,18118,Petrol,125,51.4,1.4
 Astra,2016,8491.0,Manual,33460,Petrol,20,64.2,1.0
 Astra,2016,8495.0,Manual,52476,Diesel,20,68.9,1.6
 Astra,2017,10998.0,Manual,25526,Petrol,125,51.4,1.4
 Astra,2019,15295.0,Manual,23,Diesel,150,58.9,1.6
 Astra,2016,9498.0,Manual,30587,Petrol,125,51.4,1.4
 Astra,2017,9691.0,Manual,33536,Petrol,125,51.4,1.4
 Astra,2019,14230.0,Manual,6738,Diesel,145,58.9,1.6
 Astra,2017,8991.0,Manual,30304,Petrol,145,51.4,1.4
 Astra,2016,7998.0,Manual,39908,Petrol,125,51.4,1.4
 Astra,2016,8150.0,Manual,30800,Petrol,125,51.4,1.4
 Astra,2015,8691.0,Manual,36957,Diesel,20,72.4,1.6
 Astra,2017,11498.0,Manual,14918,Diesel,150,76.3,1.6
 Astra,2016,8498.0,Manual,40232,Diesel,0,74.3,1.6
 Astra,2016,9998.0,Manual,15567,Petrol,125,51.4,1.4
 Astra,2017,8991.0,Manual,38742,Petrol,145,51.4,1.4
 Astra,2016,8510.0,Manual,34930,Petrol,125,51.4,1.4
 Astra,2014,5791.0,Manual,35714,Petrol,165,44.8,1.6
 Astra,2016,8498.0,Manual,37300,Petrol,125,51.4,1.4
 Astra,2017,11298.0,Manual,21598,Diesel,145,76.3,1.6
 Astra,2019,11698.0,Manual,14928,Petrol,145,51.4,1.4
 Astra,2016,7698.0,Manual,52169,Diesel,0,76.3,1.6
 Astra,2017,9498.0,Manual,21878,Petrol,145,49.6,1.4
 Astra,2018,8998.0,Manual,33500,Petrol,150,52.3,1.4
 Astra,2018,10998.0,Manual,19506,Petrol,150,49.6,1.4
 Astra,2017,9760.0,Manual,18881,Petrol,20,62.8,1.0
 Astra,2019,13498.0,Manual,11890,Petrol,150,47.9,1.4
 Astra,2017,10998.0,Manual,20884,Petrol,145,51.4,1.4
 Astra,2017,11291.0,Manual,42536,Diesel,20,72.4,1.6
 Astra,2017,11291.0,Semi-Auto,16162,Petrol,125,51.4,1.4
 Astra,2017,9480.0,Manual,33722,Diesel,150,72.4,1.6
 Astra,2017,9998.0,Manual,11150,Petrol,20,64.2,1.0
 Astra,2019,11698.0,Manual,19842,Petrol,150,51.4,1.4
 Astra,2017,9210.0,Manual,20754,Petrol,145,51.4,1.4
 Astra,2016,7270.0,Manual,70065,Petrol,20,64.2,1.0
 Astra,2017,9740.0,Manual,24872,Diesel,145,76.3,1.6
 Astra,2015,7640.0,Manual,37476,Petrol,20,64.2,1.0
 Astra,2016,9298.0,Manual,37054,Diesel,20,72.4,1.6
 Astra,2016,8698.0,Manual,37535,Diesel,0,76.3,1.6
 Astra,2016,9498.0,Manual,22691,Diesel,0,76.3,1.6
 Astra,2016,8998.0,Manual,39024,Petrol,125,51.4,1.4
 Astra,2015,6125.0,Manual,34558,Petrol,125,51.4,1.4
 Astra,2016,8320.0,Manual,27053,Petrol,20,64.2,1.0
 Astra,2017,10170.0,Manual,29125,Petrol,160,47.1,1.4
 Astra,2014,5495.0,Manual,59000,Diesel,30,62.8,1.7
 Astra,2016,7998.0,Manual,43642,Petrol,20,64.2,1.0
 Astra,2019,11698.0,Manual,15419,Petrol,145,51.4,1.4
 Astra,2017,8995.0,Manual,45914,Diesel,150,76.3,1.6
 Astra,2017,10495.0,Semi-Auto,29500,Petrol,125,51.4,1.4
 Astra,2016,9495.0,Semi-Auto,19983,Diesel,30,62.8,1.6
 Astra,2016,8495.0,Manual,22919,Petrol,125,52.3,1.4
 Astra,2017,8898.0,Manual,35782,Diesel,150,78.5,1.6
 Astra,2013,6498.0,Manual,35123,Petrol,235,39.2,1.6
 Astra,2016,8998.0,Manual,39898,Petrol,125,51.4,1.4
 Astra,2019,12998.0,Manual,7919,Petrol,145,51.4,1.4
 Astra,2016,8495.0,Manual,41130,Petrol,20,64.2,1.0
 Astra,2016,10498.0,Manual,15989,Petrol,125,50.4,1.4
 Astra,2019,12990.0,Manual,1000,Petrol,145,51.4,1.4
 Astra,2017,11498.0,Manual,21748,Diesel,145,76.3,1.6
 Astra,2016,8995.0,Manual,42046,Diesel,0,76.3,1.6
 Astra,2016,7995.0,Manual,33790,Diesel,0,78.5,1.6
 Astra,2018,10845.0,Manual,18537,Petrol,145,51.4,1.4
 Astra,2015,6395.0,Manual,39714,Petrol,205,43.5,1.6
 Astra,2018,11995.0,Manual,7500,Diesel,150,76.3,1.6
 Astra,2016,8495.0,Manual,46933,Petrol,125,51.4,1.4
 Astra,2017,9695.0,Automatic,37831,Diesel,30,62.8,1.6
 Astra,2017,8995.0,Manual,49332,Diesel,150,72.4,1.6
 Astra,2017,9495.0,Manual,11671,Petrol,145,64.2,1.0
 Astra,2018,9985.0,Manual,15923,Petrol,150,51.4,1.4
 Astra,2019,9995.0,Manual,13172,Petrol,145,64.2,1.0
 Astra,2018,9995.0,Manual,9653,Petrol,145,62.8,1.0
 Astra,2019,14595.0,Manual,1,Petrol,145,47.9,1.4
 Astra,2017,7290.0,Manual,69832,Petrol,125,51.4,1.4
 Astra,2018,10050.0,Semi-Auto,37722,Diesel,145,58.9,1.6
 Astra,2016,8895.0,Manual,30090,Diesel,0,76.3,1.6
 Astra,2019,10695.0,Manual,5187,Petrol,145,64.2,1.0
 Astra,2019,14995.0,Manual,10,Diesel,145,58.9,1.6
 Astra,2018,10495.0,Manual,8549,Petrol,145,51.4,1.4
 Astra,2019,12595.0,Manual,6702,Diesel,145,72.4,1.6
 Astra,2018,11995.0,Manual,1250,Petrol,145,62.8,1.0
 Astra,2017,9998.0,Manual,21626,Petrol,125,51.4,1.4
 Astra,2016,9250.0,Manual,19062,Petrol,125,51.4,1.4
 Astra,2018,12499.0,Manual,14231,Petrol,150,51.4,1.4
 Astra,2017,9499.0,Manual,26388,Petrol,145,51.4,1.4
 Astra,2018,10500.0,Manual,22384,Petrol,150,61.4,1.0
 Astra,2017,10500.0,Manual,18423,Petrol,125,51.4,1.4
 Astra,2016,10490.0,Manual,25034,Petrol,125,51.4,1.4
 Astra,2017,8250.0,Manual,48478,Petrol,145,62.8,1.0
 Astra,2020,15990.0,Manual,100,Petrol,145,54.3,1.2
 Astra,2020,15690.0,Manual,100,Petrol,145,54.3,1.2
 Astra,2017,8980.0,Manual,29676,Diesel,0,76.3,1.6
 Astra,2017,9495.0,Manual,28861,Diesel,150,72.4,1.6
 Astra,2017,10530.0,Manual,21845,Diesel,0,83.1,1.6
 Astra,2017,10170.0,Manual,15255,Petrol,125,51.4,1.4
 Astra,2017,10995.0,Manual,3650,Petrol,160,47.1,1.4
 Astra,2019,14110.0,Manual,3458,Petrol,145,47.1,1.4
 Astra,2017,9990.0,Manual,18769,Petrol,20,62.8,1.0
 Astra,2019,13498.0,Manual,10046,Petrol,145,51.4,1.4
 Astra,2019,11998.0,Manual,23830,Petrol,150,51.4,1.4
 Astra,2019,13230.0,Semi-Auto,5835,Petrol,145,48.7,1.4
 Astra,2016,8560.0,Manual,46905,Diesel,20,72.4,1.6
 Astra,2018,10298.0,Manual,12221,Petrol,145,52.3,1.4
 Astra,2016,8870.0,Manual,18710,Petrol,125,51.4,1.4
 Astra,2018,10998.0,Manual,7732,Petrol,150,62.8,1.0
 Astra,2019,12498.0,Manual,23223,Petrol,150,51.4,1.4
 Astra,2016,9498.0,Manual,17154,Petrol,125,51.4,1.4
 Astra,2017,10498.0,Manual,26748,Petrol,125,50.4,1.4
 Astra,2017,9450.0,Manual,22536,Petrol,125,51.4,1.4
 Astra,2017,9450.0,Manual,28894,Petrol,20,62.8,1.0
 Astra,2015,7998.0,Manual,49457,Petrol,200,43.5,1.6
 Astra,2017,11298.0,Manual,19412,Diesel,145,76.3,1.6
 Astra,2017,10998.0,Manual,19151,Diesel,145,76.3,1.6
 Astra,2016,10498.0,Manual,17830,Diesel,20,72.4,1.6
 Astra,2019,11680.0,Manual,9215,Petrol,145,62.8,1.0
 Astra,2018,12895.0,Manual,21351,Petrol,145,45.6,1.6
 Astra,2020,14990.0,Manual,100,Petrol,145,54.3,1.2
 Astra,2017,11298.0,Manual,7067,Petrol,125,51.4,1.4
 Astra,2016,9498.0,Manual,46502,Diesel,30,67.3,1.6
 Astra,2016,9471.0,Manual,39438,Petrol,125,51.4,1.4
 Astra,2016,8971.0,Manual,32316,Petrol,0,65.7,1.0
 Astra,2019,13482.0,Manual,5293,Petrol,150,47.9,1.4
 Astra,2019,12931.0,Manual,12824,Petrol,150,51.4,1.4
 Astra,2013,5691.0,Manual,42535,Petrol,160,44.8,1.6
 Astra,2017,9998.0,Manual,43400,Diesel,20,72.4,1.6
 Astra,2017,12990.0,Semi-Auto,10877,Petrol,125,50.4,1.4
 Astra,2016,8970.0,Manual,13426,Petrol,125,51.4,1.4
 Astra,2015,8299.0,Manual,33819,Diesel,0,76.3,1.6
 Astra,2017,10998.0,Manual,11431,Petrol,125,51.4,1.4
 Astra,2019,11340.0,Manual,15900,Petrol,145,51.4,1.4
 Astra,2016,8177.0,Manual,47660,Diesel,20,72.4,1.6
 Astra,2015,6990.0,Manual,49643,Diesel,30,62.8,2.0
 Astra,2017,9670.0,Manual,17151,Petrol,145,51.4,1.4
 Astra,2017,11540.0,Automatic,18995,Petrol,145,51.4,1.4
 Astra,2018,11970.0,Manual,27181,Petrol,145,50.4,1.4
 Astra,2017,10220.0,Manual,14280,Petrol,145,51.4,1.4
 Astra,2017,11090.0,Manual,14098,Petrol,145,51.4,1.4
 Astra,2019,11998.0,Manual,16026,Petrol,150,51.4,1.4
 Astra,2017,10998.0,Manual,19068,Diesel,150,72.4,1.6
 Astra,2019,12998.0,Manual,13590,Petrol,150,51.4,1.4
 Astra,2017,10971.0,Manual,13159,Petrol,145,51.4,1.4
 Astra,2015,5999.0,Manual,53936,Petrol,205,43.5,1.6
 Astra,2016,6395.0,Manual,77503,Petrol,125,51.4,1.4
 Astra,2013,5500.0,Manual,66000,Diesel,30,62.8,2.0
 Astra,2015,7390.0,Manual,45426,Petrol,160,47.1,1.4
 Astra,2014,7299.0,Manual,30457,Diesel,125,60.1,2.0
 Astra,2017,12000.0,Automatic,14609,Petrol,125,51.4,1.4
 Astra,2017,10498.0,Semi-Auto,30523,Petrol,125,51.4,1.4
 Astra,2018,10998.0,Manual,17863,Petrol,0,74.3,1.4
 Astra,2017,11798.0,Manual,11850,Petrol,145,51.4,1.4
 Astra,2018,12291.0,Manual,30154,Diesel,145,72.4,1.6
 Astra,2016,8725.0,Manual,36111,Diesel,0,85.6,1.6
 Astra,2018,11630.0,Manual,31759,Diesel,145,72.4,1.6
 Astra,2018,9999.0,Semi-Auto,25984,Petrol,145,52.3,1.4
 Astra,2018,10160.0,Manual,14089,Petrol,145,51.4,1.4
 Astra,2014,5999.0,Manual,41863,Petrol,160,44.8,1.6
 Astra,2018,10599.0,Manual,17993,Petrol,145,62.8,1.0
 Astra,2016,11095.0,Semi-Auto,18540,Petrol,125,51.4,1.4
 Astra,2014,5650.0,Manual,49825,Petrol,125,51.4,1.4
 Astra,2018,10399.0,Manual,16281,Petrol,145,62.8,1.0
 Astra,2017,9999.0,Manual,33237,Petrol,145,51.4,1.4
 Astra,2017,9999.0,Manual,28403,Diesel,0,76.3,1.6
 Astra,2016,8499.0,Manual,42026,Diesel,0,78.5,1.6
 Astra,2016,9495.0,Manual,18000,Petrol,20,64.2,1.0
 Astra,2017,10298.0,Manual,13867,Petrol,125,51.4,1.4
 Astra,2017,10498.0,Manual,16132,Petrol,145,47.1,1.4
 Astra,2017,10765.0,Manual,19552,Petrol,145,51.4,1.4
 Astra,2017,12000.0,Semi-Auto,2865,Petrol,125,51.4,1.4
 Astra,2017,9999.0,Manual,13833,Petrol,150,51.4,1.4
 Astra,2016,10800.0,Manual,17617,Petrol,125,51.4,1.4
 Astra,2017,8190.0,Manual,32000,Petrol,150,52.3,1.4
 Astra,2015,6190.0,Manual,52038,Diesel,30,62.8,2.0
 Astra,2017,8995.0,Manual,41056,Diesel,0,83.1,1.6
 Astra,2017,9990.0,Manual,20728,Petrol,145,51.4,1.4
 Astra,2017,9990.0,Manual,30987,Diesel,20,72.4,1.6
 Astra,2017,10231.0,Manual,13684,Petrol,145,51.4,1.4
 Astra,2019,14490.0,Manual,145,Diesel,145,58.9,1.6
 Astra,2015,6490.0,Manual,41472,Petrol,125,51.4,1.4
 Astra,2019,12495.0,Manual,7223,Petrol,150,48.7,1.0
 Astra,2019,14590.0,Manual,100,Diesel,145,72.4,1.6
 Astra,2019,14460.0,Manual,1752,Diesel,145,58.9,1.6
 Astra,2019,12122.0,Manual,10993,Petrol,150,61.4,1.0
 Astra,2016,7990.0,Manual,59575,Petrol,20,64.2,1.0
 Astra,2018,12495.0,Manual,4331,Diesel,150,74.3,1.6
 Astra,2014,4999.0,Manual,60350,Petrol,125,51.4,1.4
 Astra,2017,9390.0,Manual,39773,Diesel,20,68.9,1.6
 Astra,2016,9995.0,Manual,28144,Petrol,125,51.4,1.4
 Astra,2017,9790.0,Manual,21115,Petrol,150,62.8,1.0
 Astra,2019,11299.0,Manual,19007,Petrol,145,51.4,1.4
 Astra,2016,9498.0,Manual,7181,Diesel,0,76.3,1.6
 Astra,2019,11485.0,Manual,19387,Petrol,145,51.4,1.4
 Astra,2017,9299.0,Manual,35000,Petrol,20,64.2,1.0
 Astra,2017,9999.0,Manual,31738,Petrol,150,62.8,1.0
 Astra,2016,8999.0,Manual,34703,Petrol,20,64.2,1.0
 Astra,2017,11841.0,Semi-Auto,9939,Petrol,125,50.4,1.4
 Astra,2016,9695.0,Manual,13385,Petrol,125,51.4,1.4
 Astra,2019,14250.0,Manual,4300,Diesel,145,58.9,1.6
 Astra,2018,9998.0,Manual,25482,Petrol,145,52.3,1.4
 Astra,2017,10698.0,Manual,21089,Petrol,125,51.4,1.4
 Astra,2016,7965.0,Manual,36130,Diesel,0,76.3,1.6
 Astra,2017,9480.0,Manual,30208,Diesel,0,76.3,1.6
 Astra,2018,9999.0,Manual,27972,Petrol,145,52.3,1.4
 Astra,2016,10300.0,Manual,29289,Diesel,20,72.4,1.6
 Astra,2015,7490.0,Manual,41128,Petrol,165,44.8,1.6
 Astra,2015,7300.0,Manual,56120,Diesel,0,76.3,1.6
 Astra,2014,6000.0,Manual,51000,Diesel,30,62.8,1.7
 Astra,2017,12750.0,Automatic,14609,Petrol,125,51.4,1.4
 Astra,2017,9990.0,Manual,36659,Diesel,20,72.4,1.6
 Astra,2015,6990.0,Manual,53000,Petrol,165,46.3,1.4
 Astra,2016,9998.0,Manual,29131,Petrol,150,47.1,1.6
 Astra,2016,10890.0,Manual,3987,Diesel,20,72.4,1.6
 Astra,2015,8999.0,Manual,35662,Petrol,125,51.4,1.4
 Astra,2017,10300.0,Manual,31100,Petrol,125,51.4,1.4
 Astra,2019,15995.0,Manual,4235,Diesel,145,72.4,1.6
 Astra,2016,8995.0,Manual,33879,Petrol,20,64.2,1.0
 Astra,2017,8299.0,Manual,58000,Petrol,125,51.4,1.4
 Astra,2017,11591.0,Semi-Auto,21442,Petrol,145,51.4,1.4
 Astra,2019,11900.0,Manual,9590,Petrol,150,48.7,1.0
 Astra,2019,11798.0,Manual,28764,Petrol,150,51.4,1.4
 Astra,2019,12498.0,Manual,19705,Petrol,145,51.4,1.4
 Astra,2019,11498.0,Manual,16639,Petrol,145,51.4,1.4
 Astra,2019,13891.0,Manual,13499,Petrol,145,45.6,1.6
 Astra,2019,13298.0,Manual,10008,Petrol,145,47.9,1.4
 Astra,2019,12498.0,Manual,9825,Petrol,145,47.9,1.4
 Astra,2017,10498.0,Manual,22427,Petrol,145,47.1,1.4
 Astra,2019,12498.0,Manual,14179,Petrol,145,51.4,1.4
 Astra,2017,9998.0,Manual,41563,Diesel,150,76.3,1.6
 Astra,2019,13077.0,Automatic,13667,Diesel,145,65.7,1.6
 Astra,2020,13998.0,Manual,107,Petrol,145,54.3,1.2
 Astra,2019,12698.0,Manual,7420,Petrol,145,51.4,1.4
 Astra,2013,4765.0,Manual,62000,Diesel,30,62.8,2.0
 Astra,2016,9298.0,Manual,16147,Petrol,125,51.4,1.4
 Astra,2017,10488.0,Semi-Auto,21776,Petrol,145,50.4,1.4
 Astra,2018,13495.0,Manual,6673,Petrol,145,46.3,1.4
 Astra,2018,11495.0,Manual,17166,Petrol,145,62.8,1.0
 Astra,2016,10955.0,Manual,24519,Petrol,20,64.2,1.0
 Astra,2018,11795.0,Manual,10000,Petrol,145,62.8,1.0
 Astra,2019,11998.0,Manual,25763,Petrol,145,51.4,1.4
 Astra,2017,9498.0,Manual,33126,Diesel,145,85.6,1.6
 Astra,2017,10995.0,Manual,39562,Petrol,125,51.4,1.4
 Astra,2016,9955.0,Manual,51460,Diesel,0,85.6,1.6
 Astra,2017,11298.0,Manual,8741,Petrol,125,51.4,1.4
 Astra,2019,13298.0,Manual,6654,Petrol,145,51.4,1.4
 Astra,2019,12998.0,Manual,13144,Petrol,145,51.4,1.4
 Astra,2017,10498.0,Manual,32846,Petrol,125,50.4,1.4
 Astra,2016,11260.0,Semi-Auto,14512,Petrol,125,51.4,1.4
 Astra,2016,7350.0,Manual,77924,Diesel,20,72.4,1.6
 Astra,2016,9040.0,Manual,30266,Diesel,0,78.5,1.6
 Astra,2017,10998.0,Manual,12121,Diesel,150,83.1,1.6
 Astra,2019,17399.0,Automatic,10,Petrol,145,42.8,1.4
 Astra,2019,14495.0,Manual,10,Diesel,145,72.4,1.6
 Astra,2017,8795.0,Manual,30736,Petrol,145,51.4,1.4
 Astra,2015,13217.0,Manual,20857,Petrol,300,34.9,2.0
 Astra,2017,11591.0,Semi-Auto,4345,Petrol,125,51.4,1.4
 Astra,2017,8500.0,Manual,33703,Diesel,0,76.3,1.6
 Astra,2015,5960.0,Manual,63660,Petrol,200,43.5,1.6
 Astra,2018,10991.0,Manual,17316,Petrol,145,51.4,1.4
 Astra,2017,11480.0,Manual,5311,Petrol,125,50.4,1.4
 Astra,2017,10790.0,Manual,26320,Diesel,20,72.4,1.6
 Astra,2016,8150.0,Manual,37806,Diesel,0,78.5,1.6
 Astra,2016,7491.0,Manual,45890,Petrol,20,64.2,1.0
 Astra,2015,8995.0,Manual,30105,Petrol,125,51.4,1.4
 Astra,2017,8430.0,Manual,16229,Petrol,125,51.4,1.4
 Astra,2015,5991.0,Manual,61779,Petrol,150,48.7,1.4
 Astra,2018,11998.0,Manual,23900,Petrol,145,51.4,1.4
 Astra,2017,9698.0,Manual,39062,Diesel,150,72.4,1.6
 Astra,2016,9298.0,Manual,45496,Petrol,20,64.2,1.0
 Astra,2016,9998.0,Manual,12697,Petrol,125,51.4,1.4
 Astra,2017,10298.0,Manual,22669,Petrol,150,51.4,1.4
 Astra,2019,12998.0,Manual,7846,Petrol,145,51.4,1.4
 Astra,2020,15990.0,Manual,1389,Petrol,145,54.3,1.2
 Astra,2020,15990.0,Manual,1307,Petrol,145,54.3,1.2
 Astra,2020,15990.0,Manual,1415,Petrol,145,54.3,1.2
 Astra,2020,15690.0,Manual,1401,Petrol,145,54.3,1.2
 Astra,2018,12498.0,Manual,12257,Petrol,150,62.8,1.0
 Astra,2019,12672.0,Manual,5,Diesel,145,58.9,1.6
 Astra,2017,9999.0,Manual,58740,Diesel,20,72.4,1.6
 Astra,2016,8990.0,Manual,9370,Petrol,20,64.2,1.0
 Astra,2016,7690.0,Manual,68853,Diesel,20,72.4,1.6
 Astra,2016,8020.0,Manual,33353,Diesel,0,78.5,1.6
 Astra,2017,9341.0,Manual,34621,Diesel,145,76.3,1.6
 Astra,2018,13798.0,Manual,7818,Petrol,145,45.6,1.6
 Astra,2017,11998.0,Manual,14590,Petrol,125,51.4,1.4
 Astra,2019,12998.0,Manual,8363,Petrol,145,51.4,1.4
 Astra,2017,11600.0,Manual,10763,Petrol,150,50.4,1.4
 Astra,2018,11995.0,Manual,5000,Petrol,145,62.8,1.0
 Astra,2016,8400.0,Manual,30819,Diesel,0,76.3,1.6
 Astra,2016,8955.0,Manual,53061,Diesel,20,72.4,1.6
 Astra,2017,10791.0,Semi-Auto,22588,Petrol,125,51.4,1.4
 Astra,2016,9791.0,Manual,21993,Petrol,145,47.1,1.6
 Astra,2017,9150.0,Manual,17499,Petrol,145,51.4,1.4
 Astra,2018,11191.0,Manual,22320,Petrol,145,45.6,1.6
 Astra,2015,6131.0,Manual,55645,Diesel,0,76.3,1.6
 Astra,2020,15660.0,Manual,1718,Petrol,145,54.3,1.2
 Astra,2020,15960.0,Manual,1850,Petrol,145,54.3,1.2
 Astra,2020,15660.0,Manual,2150,Petrol,145,54.3,1.2
 Astra,2016,8910.0,Manual,29370,Petrol,125,51.4,1.4
 Astra,2017,9995.0,Manual,27973,Diesel,145,72.4,1.6
 Astra,2020,15960.0,Manual,1950,Petrol,145,54.3,1.2
 Astra,2019,11400.0,Manual,12840,Petrol,145,51.4,1.4
 Astra,2018,11697.0,Manual,31232,Petrol,145,45.6,1.6
 Astra,2017,9011.0,Manual,30440,Diesel,0,78.5,1.6
 Astra,2017,10000.0,Manual,36556,Diesel,20,72.4,1.6
 Astra,2018,11100.0,Manual,10191,Petrol,145,51.4,1.4
 Astra,2019,12300.0,Manual,15761,Petrol,145,51.4,1.4
 Astra,2016,9770.0,Automatic,25873,Petrol,125,50.4,1.4
 Astra,2016,9620.0,Semi-Auto,20442,Petrol,125,51.4,1.4
 Astra,2017,8240.0,Manual,64587,Diesel,20,72.4,1.6
 Astra,2016,8750.0,Manual,20533,Petrol,20,64.2,1.0
 Astra,2017,9491.0,Manual,34467,Petrol,150,51.4,1.4
 Astra,2017,10000.0,Manual,9882,Petrol,125,51.4,1.4
 Astra,2017,9400.0,Manual,21834,Diesel,145,76.3,1.6
 Astra,2019,11700.0,Manual,6308,Petrol,145,62.8,1.0
 Astra,2018,10491.0,Manual,20885,Petrol,145,51.4,1.4
 Astra,2014,6500.0,Manual,48231,Petrol,165,44.8,1.6
 Astra,2017,9491.0,Manual,18123,Petrol,145,51.4,1.4
 Astra,2016,8490.0,Manual,34402,Petrol,20,64.2,1.0
 Astra,2019,12498.0,Manual,14414,Petrol,145,51.4,1.4
 Astra,2017,9999.0,Manual,7824,Petrol,145,51.4,1.4
 Astra,2016,10298.0,Semi-Auto,25993,Petrol,125,51.4,1.4
 Astra,2018,9498.0,Manual,43275,Petrol,145,51.4,1.4
 Astra,2018,9690.0,Manual,22024,Petrol,145,51.4,1.4
 Astra,2016,8100.0,Manual,42812,Petrol,125,51.4,1.4
 Astra,2017,9499.0,Manual,20779,Petrol,145,51.4,1.4
 Astra,2016,8999.0,Manual,25437,Petrol,125,51.4,1.4
 Astra,2017,11099.0,Manual,13668,Diesel,20,72.4,1.6
 Astra,2017,9499.0,Manual,26420,Petrol,145,51.4,1.4
 Astra,2016,10320.0,Manual,25421,Diesel,20,72.4,1.6
 Astra,2015,6850.0,Manual,38890,Petrol,160,46.3,1.4
 Astra,2017,8995.0,Manual,37632,Petrol,125,51.4,1.4
 Astra,2017,10798.0,Semi-Auto,33193,Petrol,150,51.4,1.4
 Astra,2017,10998.0,Semi-Auto,28262,Petrol,125,50.4,1.4
 Astra,2016,10299.0,Semi-Auto,16699,Diesel,125,61.4,1.6
 Astra,2019,14599.0,Manual,520,Diesel,145,58.9,1.6
 Astra,2019,13599.0,Manual,10,Diesel,145,72.4,1.6
 Astra,2016,8997.0,Manual,35985,Diesel,20,72.4,1.6
 Astra,2016,7999.0,Manual,32347,Petrol,125,51.4,1.4
 Astra,2018,9999.0,Manual,22981,Petrol,145,51.4,1.4
 Astra,2019,11599.0,Manual,19989,Petrol,145,51.4,1.4
 Astra,2015,6480.0,Manual,18999,Petrol,205,43.5,1.6
 Astra,2016,9562.0,Manual,15804,Petrol,125,51.4,1.4
 Astra,2013,4990.0,Manual,53000,Diesel,30,62.8,1.7
 Astra,2016,7991.0,Manual,24703,Petrol,125,51.4,1.4
 Astra,2017,10521.0,Semi-Auto,23150,Petrol,150,50.4,1.4
 Astra,2020,15690.0,Manual,1236,Petrol,145,54.3,1.2
 Astra,2020,15690.0,Manual,1336,Petrol,145,54.3,1.2
 Astra,2017,8801.0,Manual,20500,Petrol,150,62.8,1.0
 Astra,2019,11998.0,Manual,23755,Petrol,150,51.4,1.4
 Astra,2016,9698.0,Manual,43521,Petrol,125,51.4,1.4
 Astra,2020,15390.0,Manual,100,Petrol,145,54.3,1.2
 Astra,2019,11780.0,Manual,11699,Petrol,145,51.4,1.4
 Astra,2017,10981.0,Semi-Auto,8672,Petrol,145,51.4,1.4
 Astra,2013,7140.0,Manual,28056,Petrol,145,48.7,1.4
 Astra,2020,15690.0,Manual,1025,Petrol,145,54.3,1.2
 Astra,2020,15690.0,Manual,936,Petrol,145,54.3,1.2
 Astra,2013,5440.0,Manual,60000,Diesel,30,62.8,2.0
 Astra,2019,11401.0,Manual,11905,Petrol,145,52.3,1.4
 Astra,2018,11990.0,Manual,8075,Petrol,145,51.4,1.4
 Astra,2016,10217.0,Automatic,18220,Petrol,125,50.4,1.4
 Astra,2018,10310.0,Automatic,32794,Diesel,145,58.9,1.6
 Astra,2017,8520.0,Manual,37549,Diesel,0,76.3,1.6
 Astra,2016,7298.0,Manual,63340,Diesel,0,78.5,1.6
 Astra,2016,10298.0,Manual,24899,Petrol,125,51.4,1.4
 Astra,2016,9998.0,Manual,31354,Petrol,125,51.4,1.4
 Astra,2016,9399.0,Manual,27433,Diesel,20,72.4,1.6
 Astra,2018,10699.0,Manual,30000,Diesel,145,83.1,1.6
 Astra,2015,7399.0,Manual,19560,Petrol,150,48.7,1.4
 Astra,2019,13799.0,Manual,5655,Diesel,145,58.9,1.6
 Astra,2019,14199.0,Manual,9,Diesel,145,72.4,1.6
 Astra,2017,11498.0,Manual,18525,Petrol,145,51.4,1.4
 Astra,2019,11798.0,Manual,22324,Petrol,145,51.4,1.4
 Astra,2020,15395.0,Manual,9,Petrol,145,54.3,1.2
 Astra,2016,8998.0,Manual,20508,Petrol,20,64.2,1.0
 Astra,2020,15295.0,Manual,9,Petrol,145,54.3,1.2
 Astra,2018,11299.0,Manual,13350,Petrol,145,47.1,1.4
 Astra,2017,12398.0,Manual,15121,Diesel,145,76.3,1.6
 Astra,2019,11491.0,Manual,11772,Petrol,145,52.3,1.4
 Astra,2017,9200.0,Manual,26000,Petrol,145,51.4,1.4
 Astra,2019,11999.0,Manual,18817,Petrol,145,51.4,1.4
 Astra,2017,9199.0,Manual,14700,Petrol,125,51.4,1.4
 Astra,2016,9298.0,Manual,19985,Petrol,20,64.2,1.0
 Astra,2018,10299.0,Manual,11500,Petrol,145,51.4,1.4
 Astra,2019,11399.0,Manual,20671,Petrol,145,51.4,1.4
 Astra,2017,9399.0,Manual,15000,Petrol,125,51.4,1.4
 Astra,2017,11500.0,Manual,21181,Diesel,20,68.9,1.6
 Astra,2018,10299.0,Manual,19156,Petrol,145,52.3,1.4
 Astra,2018,9999.0,Manual,14567,Petrol,145,64.2,1.0
 Astra,2017,9500.0,Manual,23150,Petrol,145,52.3,1.4
 Astra,2017,8000.0,Manual,45922,Diesel,145,78.5,1.6
 Astra,2017,8750.0,Manual,30439,Diesel,0,78.5,1.6
 Astra,2017,10795.0,Semi-Auto,18171,Petrol,125,50.4,1.4
 Astra,2017,8891.0,Manual,39168,Petrol,150,64.2,1.0
 Astra,2019,14000.0,Manual,6874,Petrol,150,47.9,1.4
 Astra,2018,10594.0,Manual,19011,Petrol,145,50.4,1.4
 Astra,2016,8999.0,Manual,26500,Diesel,20,72.4,1.6
 Astra,2017,9599.0,Manual,20500,Petrol,145,52.3,1.4
 Astra,2017,9699.0,Manual,35507,Diesel,145,72.4,1.6
 Astra,2019,14199.0,Manual,5697,Petrol,145,51.4,1.4
 Astra,2017,10828.0,Manual,17520,Petrol,125,51.4,1.4
 Astra,2017,11000.0,Semi-Auto,5732,Petrol,125,51.4,1.4
 Astra,2018,13091.0,Manual,9120,Petrol,150,45.6,1.6
 Astra,2019,13691.0,Manual,6500,Petrol,150,45.6,1.6
 Astra,2017,11000.0,Semi-Auto,24418,Diesel,125,61.4,1.6
 Astra,2019,14491.0,Manual,3439,Petrol,145,62.8,1.0
 Astra,2017,11281.0,Semi-Auto,22064,Diesel,125,61.4,1.6
 Astra,2019,12392.0,Manual,13202,Diesel,145,72.4,1.6
 Astra,2017,9991.0,Manual,20858,Petrol,125,51.4,1.4
 Astra,2016,9450.0,Manual,27547,Diesel,20,72.4,1.6
 Astra,2017,9420.0,Manual,24509,Petrol,125,51.4,1.4
 Astra,2019,14165.0,Manual,8138,Petrol,145,47.1,1.4
 Astra,2017,9791.0,Manual,17500,Diesel,145,76.3,1.6
 Astra,2018,12955.0,Manual,12725,Petrol,150,45.6,1.6
 Astra,2017,9491.0,Manual,29294,Petrol,125,51.4,1.4
 Astra,2017,9495.0,Manual,47537,Diesel,150,72.4,1.6
 Astra,2018,11995.0,Manual,36557,Petrol,145,45.6,1.6
 Astra,2019,14000.0,Manual,6577,Petrol,150,47.9,1.4
 Astra,2018,10000.0,Manual,14587,Petrol,145,52.3,1.4
 Astra,2019,12000.0,Manual,11599,Petrol,145,51.4,1.4
 Astra,2017,9000.0,Manual,24217,Petrol,20,62.8,1.0
 Astra,2018,12000.0,Manual,9564,Petrol,145,46.3,1.4
 Astra,2016,8495.0,Manual,51256,Diesel,20,72.4,1.6
 Astra,2017,9998.0,Manual,43232,Diesel,145,76.3,1.6
 Astra,2017,9498.0,Manual,36166,Diesel,20,72.4,1.6
 Astra,2020,15295.0,Manual,20,Petrol,145,54.3,1.2
 Astra,2017,9495.0,Manual,37080,Diesel,150,72.4,1.6
 Astra,2017,9495.0,Manual,33739,Diesel,150,72.4,1.6
 Astra,2016,9591.0,Semi-Auto,32248,Petrol,125,51.4,1.4
 Astra,2016,8300.0,Manual,19868,Petrol,125,51.4,1.4
 Astra,2017,8500.0,Manual,22454,Petrol,125,51.4,1.4
 Astra,2017,9947.0,Manual,24356,Diesel,30,67.3,1.6
 Astra,2018,11995.0,Manual,15648,Petrol,145,51.4,1.4
 Astra,2016,8134.0,Manual,38778,Petrol,20,64.2,1.0
 Astra,2016,8698.0,Manual,24652,Petrol,0,65.7,1.0
 Astra,2017,9498.0,Manual,30984,Petrol,145,51.4,1.4
 Astra,2019,12498.0,Manual,22893,Petrol,150,51.4,1.4
 Astra,2020,16850.0,Manual,10,Petrol,145,54.3,1.2
 Astra,2020,15895.0,Manual,10,Petrol,145,54.3,1.2
 Astra,2020,15495.0,Manual,10,Petrol,150,54.3,1.2
 Astra,2017,9150.0,Manual,31323,Petrol,125,51.4,1.4
 Astra,2017,8450.0,Manual,19500,Petrol,145,51.4,1.4
 Astra,2017,8298.0,Manual,32531,Petrol,150,52.3,1.4
 Astra,2013,5145.0,Manual,64173,Diesel,30,65.7,1.7
 Astra,2017,9498.0,Manual,32037,Diesel,145,76.3,1.6
 Astra,2019,11998.0,Manual,17940,Petrol,150,51.4,1.4
 Astra,2020,15495.0,Manual,20,Petrol,150,54.3,1.2
 Astra,2020,15395.0,Manual,10,Petrol,150,54.3,1.2
 Astra,2020,16850.0,Manual,20,Petrol,145,54.3,1.2
 Astra,2017,10700.0,Manual,21715,Diesel,145,72.4,1.6
 Astra,2017,8249.0,Manual,54000,Petrol,20,62.8,1.0
 Astra,2017,9998.0,Semi-Auto,49335,Diesel,125,61.4,1.6
 Astra,2017,10999.0,Manual,8993,Petrol,145,51.4,1.4
 Astra,2017,8699.0,Manual,21883,Petrol,145,52.3,1.4
 Astra,2017,9998.0,Manual,43014,Diesel,145,76.3,1.6
 Astra,2020,15690.0,Manual,3093,Petrol,145,54.3,1.2
 Astra,2020,15690.0,Manual,2648,Petrol,145,54.3,1.2
 Astra,2020,15690.0,Manual,2256,Petrol,145,54.3,1.2
 Astra,2016,9491.0,Manual,29372,Petrol,125,51.4,1.4
 Astra,2020,15295.0,Manual,10,Petrol,145,54.3,1.2
 Astra,2018,9999.0,Manual,18712,Petrol,145,61.4,1.0
 Astra,2017,12050.0,Semi-Auto,23299,Petrol,125,50.4,1.4
 Astra,2019,12992.0,Manual,10766,Petrol,145,51.4,1.4
 Astra,2016,7999.0,Manual,30111,Petrol,125,52.3,1.4
 Astra,2019,14995.0,Manual,20,Diesel,145,58.9,1.6
 Astra,2019,13999.0,Manual,20,Diesel,145,72.4,1.6
 Astra,2015,6999.0,Manual,33907,Petrol,200,43.5,1.6
 Astra,2016,8200.0,Manual,28655,Petrol,20,64.2,1.0
 Astra,2016,9000.0,Manual,17458,Petrol,20,64.2,1.0
 Astra,2014,5500.0,Manual,45315,Petrol,125,51.4,1.4
 Astra,2017,9599.0,Manual,29314,Petrol,125,51.4,1.4
 Astra,2019,10991.0,Manual,18115,Petrol,145,62.8,1.0
 Astra,2019,11490.0,Manual,7017,Petrol,145,62.8,1.0
 Astra,2020,15295.0,Manual,20,Petrol,150,54.3,1.2
 Astra,2018,10599.0,Manual,17804,Petrol,145,62.8,1.0
 Astra,2018,10995.0,Manual,9781,Petrol,145,62.8,1.0
 Astra,2016,8220.0,Manual,56960,Diesel,20,72.4,1.6
 Astra,2016,8599.0,Manual,19390,Petrol,125,51.4,1.4
 Astra,2016,9495.0,Manual,22110,Petrol,125,51.4,1.4
 Astra,2020,14990.0,Manual,2500,Petrol,145,54.3,1.2
 Astra,2017,9799.0,Manual,15716,Petrol,125,51.4,1.4
 Astra,2019,12499.0,Manual,9762,Petrol,145,51.4,1.4
 Astra,2019,10399.0,Manual,11818,Petrol,145,64.2,1.0
 Astra,2017,9599.0,Manual,37064,Diesel,145,72.4,1.6
 Astra,2017,11495.0,Manual,9621,Petrol,145,51.4,1.4
 Astra,2020,15995.0,Manual,10,Petrol,145,54.3,1.2
 Astra,2019,14926.0,Manual,3191,Petrol,145,45.6,1.4
 Astra,2016,9995.0,Manual,25014,Diesel,20,72.4,1.6
 Astra,2017,10995.0,Manual,29353,Petrol,145,51.4,1.4
 Astra,2019,17998.0,Manual,10,Petrol,145,54.3,1.2
 Astra,2016,9998.0,Manual,30207,Petrol,125,51.4,1.4
 Astra,2019,12698.0,Manual,15012,Petrol,145,51.4,1.4
 Astra,2018,11995.0,Manual,18871,Diesel,145,72.4,1.6
 Astra,2016,7195.0,Manual,82511,Diesel,0,83.1,1.6
 Astra,2017,9693.0,Semi-Auto,46570,Petrol,125,51.4,1.4
 Astra,2016,8298.0,Manual,42085,Petrol,125,51.4,1.4
 Astra,2017,10998.0,Manual,16683,Petrol,125,51.4,1.4
 Astra,2015,8995.0,Manual,25874,Petrol,125,51.4,1.4
 Astra,2017,10498.0,Manual,10246,Petrol,125,50.4,1.4
 Astra,2017,10498.0,Manual,15968,Petrol,150,62.8,1.0
 Astra,2016,7498.0,Manual,51764,Petrol,125,51.4,1.4
 Astra,2016,9298.0,Manual,23942,Petrol,125,51.4,1.4
 Astra,2017,11298.0,Semi-Auto,15631,Petrol,150,50.4,1.4
 Astra,2016,9498.0,Manual,34415,Petrol,125,51.4,1.4
 Astra,2015,6691.0,Manual,58648,Diesel,125,60.1,2.0
 Astra,2018,12995.0,Manual,7812,Petrol,145,51.4,1.4
 Astra,2016,8298.0,Manual,24426,Petrol,125,51.4,1.4
 Astra,2016,8498.0,Manual,22187,Petrol,125,51.4,1.4
 Astra,2019,13998.0,Manual,5990,Petrol,150,47.9,1.4
 Astra,2016,6491.0,Manual,72350,Petrol,0,65.7,1.0
 Astra,2017,10998.0,Manual,14150,Petrol,145,47.1,1.4
 Astra,2016,9498.0,Manual,14721,Petrol,125,51.4,1.4
 Astra,2019,11298.0,Manual,15337,Petrol,145,51.4,1.4
 Astra,2019,13998.0,Manual,5953,Petrol,150,47.9,1.4
 Astra,2019,13998.0,Manual,4781,Petrol,150,47.9,1.4
 Astra,2016,9498.0,Manual,19521,Petrol,125,51.4,1.4
 Astra,2016,9498.0,Manual,14168,Petrol,125,51.4,1.4
 Astra,2016,9699.0,Manual,20541,Petrol,125,51.4,1.4
 Astra,2016,9499.0,Manual,13057,Petrol,125,51.4,1.4
 Astra,2018,11740.0,Manual,32263,Petrol,145,45.6,1.6
 Astra,2018,10991.0,Manual,32744,Petrol,145,45.6,1.6
 Astra,2016,9998.0,Manual,12990,Petrol,125,51.4,1.4
 Astra,2018,12991.0,Manual,2811,Petrol,145,47.1,1.4
 Astra,2019,11380.0,Manual,7636,Petrol,145,52.3,1.4
 Astra,2018,10991.0,Manual,10992,Petrol,145,64.2,1.0
 Astra,2018,11291.0,Manual,14594,Petrol,145,52.3,1.4
 Astra,2020,16690.0,Manual,10,Petrol,145,54.3,1.2
 Astra,2018,10999.0,Manual,13893,Petrol,150,51.4,1.4
 Astra,2019,13000.0,Manual,10000,Petrol,145,51.4,1.4
 Astra,2016,8250.0,Manual,32307,Petrol,125,51.4,1.4
 Astra,2020,16650.0,Manual,20,Petrol,145,54.3,1.2
 Astra,2020,15370.0,Manual,20,Petrol,145,54.3,1.2
 Astra,2018,12000.0,Manual,15602,Petrol,145,62.8,1.0
 Astra,2017,8999.0,Manual,31081,Petrol,125,51.4,1.4
 Astra,2019,11799.0,Manual,18300,Petrol,145,51.4,1.4
 Astra,2017,9499.0,Manual,32652,Diesel,145,72.4,1.6
 Astra,2019,14499.0,Manual,10,Diesel,145,58.9,1.6
 Astra,2019,14000.0,Manual,3174,Petrol,145,51.4,1.4
 Astra,2017,9000.0,Manual,38820,Diesel,150,72.4,1.6
 Astra,2017,10495.0,Manual,25430,Diesel,145,72.4,1.6
 Astra,2020,15900.0,Manual,10,Petrol,145,54.3,1.2
 Astra,2016,10720.0,Manual,10388,Petrol,125,50.4,1.4
 Astra,2018,9699.0,Manual,32259,Petrol,145,52.3,1.4
 Astra,2014,6400.0,Manual,33966,Petrol,125,51.4,1.4
 Astra,2016,7995.0,Manual,86123,Diesel,0,80.7,1.6
 Astra,2020,16890.0,Manual,10,Petrol,145,54.3,1.2
 Astra,2020,14695.0,Manual,20,Petrol,145,54.3,1.2
 Astra,2020,15299.0,Manual,10,Petrol,145,54.3,1.2
 Astra,2017,11100.0,Manual,17387,Petrol,145,51.4,1.4
 Astra,2017,10899.0,Manual,9179,Diesel,145,72.4,1.6
 Astra,2019,14540.0,Manual,100,Diesel,145,58.9,1.6
 Astra,2017,9910.0,Manual,17131,Diesel,0,76.3,1.6
 Astra,2020,15990.0,Manual,2100,Petrol,145,54.3,1.2
 Astra,2018,11467.0,Manual,11252,Petrol,145,45.6,1.6
 Astra,2017,10087.0,Automatic,26668,Petrol,125,50.4,1.4
 Astra,2020,15690.0,Manual,3222,Petrol,145,54.3,1.2
 Astra,2016,9607.0,Semi-Auto,43390,Diesel,125,61.4,1.6
 Astra,2020,15650.0,Manual,100,Petrol,145,54.3,1.2
 Astra,2018,11495.0,Manual,24125,Petrol,145,51.4,1.4
 Astra,2020,15990.0,Manual,2574,Petrol,145,54.3,1.2
 Astra,2015,7060.0,Manual,27744,Petrol,200,43.5,1.6
 Astra,2018,10799.0,Manual,2335,Petrol,145,51.4,1.4
 Astra,2019,13499.0,Manual,9335,Petrol,145,45.6,1.4
 Astra,2016,9100.0,Manual,40884,Petrol,125,51.4,1.4
 Astra,2016,8995.0,Manual,25000,Petrol,125,51.4,1.4
 Astra,2016,9495.0,Manual,31665,Diesel,20,72.4,1.6
 Astra,2017,11495.0,Manual,8156,Petrol,145,51.4,1.4
 Astra,2016,10298.0,Manual,30163,Petrol,125,51.4,1.4
 Astra,2019,12698.0,Manual,15316,Petrol,150,51.4,1.4
 Astra,2018,10690.0,Manual,18384,Petrol,145,51.4,1.4
 Astra,2016,10367.0,Automatic,34156,Petrol,125,50.4,1.4
 Astra,2019,12998.0,Manual,8069,Petrol,145,47.9,1.4
 Astra,2019,12498.0,Manual,23117,Petrol,145,51.4,1.4
 Astra,2019,12698.0,Manual,20089,Petrol,145,51.4,1.4
 Astra,2019,12998.0,Manual,7972,Petrol,145,51.4,1.4
 Astra,2019,10998.0,Manual,19574,Petrol,145,51.4,1.4
 Astra,2016,9485.0,Semi-Auto,26000,Petrol,125,51.4,1.4
 Astra,2017,10695.0,Manual,15171,Petrol,145,51.4,1.4
 Astra,2018,12392.0,Manual,18871,Diesel,145,72.4,1.6
 Astra,2018,13985.0,Semi-Auto,4023,Petrol,145,51.4,1.4
 Astra,2017,9394.0,Manual,29385,Diesel,145,74.3,1.6
 Astra,2019,14795.0,Manual,8806,Petrol,145,47.9,1.4
 Astra,2018,11995.0,Manual,31598,Petrol,145,45.6,1.6
 Astra,2016,10495.0,Manual,9468,Diesel,20,72.4,1.6
 Astra,2016,8499.0,Manual,23171,Petrol,0,65.7,1.0
 Astra,2016,7700.0,Manual,61073,Diesel,0,85.6,1.6
 Astra,2017,9690.0,Manual,24156,Petrol,145,51.4,1.4
 Astra,2017,9541.0,Manual,25157,Diesel,145,85.6,1.6
 Astra,2014,5695.0,Manual,59000,Diesel,0,76.3,1.6
 Astra,2016,7912.0,Manual,40608,Petrol,125,52.3,1.4
 Astra,2017,10990.0,Semi-Auto,11536,Petrol,125,51.4,1.4
 Astra,2017,10990.0,Semi-Auto,19760,Petrol,125,50.4,1.4
 Astra,2018,12850.0,Manual,6385,Petrol,150,50.4,1.4
 Astra,2016,9490.0,Manual,28915,Diesel,20,72.4,1.6
 Astra,2019,12698.0,Manual,11110,Petrol,145,51.4,1.4
 Astra,2019,13790.0,Manual,5926,Petrol,145,47.9,1.4
 Astra,2019,13990.0,Manual,8523,Petrol,145,47.9,1.4
 Astra,2017,11998.0,Semi-Auto,8144,Petrol,125,50.4,1.4
 Astra,2017,8391.0,Manual,49106,Diesel,0,83.1,1.6
 Astra,2017,8790.0,Manual,39500,Petrol,145,51.4,1.4
 Astra,2014,5999.0,Semi-Auto,75415,Diesel,205,48.7,2.0
 Astra,2019,13990.0,Manual,4202,Petrol,145,47.9,1.4
 Astra,2017,11798.0,Semi-Auto,11138,Petrol,145,51.4,1.4
 Astra,2016,8999.0,Semi-Auto,20763,Diesel,30,62.8,1.6
 Astra,2018,12990.0,Manual,14064,Diesel,150,68.9,1.6
 Astra,2016,8490.0,Manual,23348,Petrol,205,42.8,1.6
 Astra,2019,18695.0,Manual,439,Petrol,145,46.3,1.4
 Astra,2016,10490.0,Semi-Auto,20642,Diesel,125,61.4,1.6
 Astra,2019,14425.0,Manual,4178,Diesel,145,58.9,1.6
 Astra,2017,9995.0,Manual,25550,Petrol,150,49.6,1.4
 Astra,2017,9995.0,Manual,30018,Diesel,145,72.4,1.6
 Astra,2017,11199.0,Semi-Auto,15876,Diesel,125,61.4,1.6
 Astra,2013,4790.0,Manual,64931,Petrol,165,44.8,1.6
 Astra,2016,9468.0,Manual,20936,Petrol,125,51.4,1.4
 Astra,2017,7910.0,Manual,37938,Petrol,145,52.3,1.4
 Astra,2015,6175.0,Manual,41988,Petrol,200,43.5,1.6
 Astra,2019,14578.0,Manual,7774,Petrol,145,47.9,1.4
 Astra,2015,7495.0,Manual,31740,Petrol,160,44.8,1.6
 Astra,2017,10695.0,Manual,14736,Petrol,145,51.4,1.4
 Astra,2017,9995.0,Manual,15735,Petrol,125,51.4,1.4
 Astra,2016,8200.0,Manual,30261,Diesel,0,76.3,1.6
 Astra,2016,7995.0,Manual,40463,Petrol,125,51.4,1.4
 Astra,2013,4995.0,Manual,53000,Diesel,30,62.8,1.7
 Astra,2017,10847.0,Manual,14300,Petrol,145,47.1,1.4
 Astra,2018,11790.0,Manual,9492,Petrol,145,45.6,1.6
 Astra,2017,10995.0,Semi-Auto,31249,Petrol,125,51.4,1.4
 Astra,2016,11500.0,Semi-Auto,12623,Petrol,125,51.4,1.4
 Astra,2018,11900.0,Manual,28112,Petrol,145,45.6,1.6
 Astra,2017,12000.0,Manual,16207,Petrol,125,51.4,1.4
 Astra,2017,10500.0,Manual,17408,Petrol,125,51.4,1.4
 Astra,2018,12692.0,Manual,18871,Diesel,145,72.4,1.6
 Astra,2018,10395.0,Manual,19027,Petrol,145,64.2,1.0
 Astra,2018,12995.0,Semi-Auto,4023,Petrol,145,51.4,1.4
 Astra,2014,6782.0,Manual,31083,Petrol,125,51.4,1.4
 Astra,2016,9999.0,Manual,29860,Petrol,125,51.4,1.4
 Astra,2016,9640.0,Manual,31692,Diesel,20,72.4,1.6
 Astra,2014,5410.0,Manual,73429,Diesel,30,65.7,1.7
 Astra,2016,9400.0,Manual,39461,Petrol,125,51.4,1.4
 Astra,2016,9130.0,Manual,26137,Diesel,20,72.4,1.6
 Astra,2017,9500.0,Manual,38500,Petrol,145,52.3,1.4
 Astra,2019,17498.0,Manual,3650,Petrol,145,45.6,1.6
 Astra,2018,10470.0,Manual,25616,Petrol,145,51.4,1.4
 Astra,2018,13323.0,Manual,4931,Petrol,145,51.4,1.4
 Astra,2018,11992.0,Manual,16620,Petrol,145,51.4,1.4
 Astra,2018,11990.0,Manual,14493,Petrol,145,51.4,1.4
 Astra,2016,7590.0,Manual,58483,Petrol,125,51.4,1.4
 Astra,2018,11886.0,Manual,24480,Petrol,145,51.4,1.4
 Astra,2018,12790.0,Manual,7973,Petrol,145,51.4,1.4
 Astra,2018,12295.0,Manual,26300,Petrol,145,45.6,1.6
 Astra,2016,9050.0,Manual,15497,Petrol,125,51.4,1.4
 Astra,2016,8400.0,Manual,25021,Petrol,125,51.4,1.4
 Astra,2020,15990.0,Manual,709,Petrol,145,54.3,1.2
 Astra,2014,6360.0,Automatic,49958,Diesel,160,50.4,2.0
 Astra,2017,10640.0,Manual,18800,Petrol,125,50.4,1.4
 Astra,2020,15990.0,Manual,397,Petrol,145,54.3,1.2
 Astra,2020,15690.0,Manual,298,Petrol,145,54.3,1.2
 Astra,2020,15990.0,Manual,550,Petrol,145,54.3,1.2
 Astra,2017,10880.0,Automatic,29116,Petrol,125,50.4,1.4
 Astra,2018,11200.0,Manual,14024,Petrol,150,51.4,1.4
 Astra,2017,11798.0,Semi-Auto,21710,Petrol,150,50.4,1.4
 Astra,2017,10498.0,Manual,14746,Petrol,125,51.4,1.4
 Astra,2017,11600.0,Semi-Auto,14925,Petrol,125,51.4,1.4
 Astra,2017,11795.0,Semi-Auto,14275,Petrol,125,50.4,1.4
 Astra,2020,15690.0,Manual,6,Petrol,145,54.3,1.2
 Astra,2016,6790.0,Manual,79703,Diesel,0,76.3,1.6
 Astra,2017,10990.0,Semi-Auto,1,Petrol,125,51.4,1.4
 Astra,2017,9500.0,Manual,14775,Petrol,145,62.8,1.0
 Astra,2018,11700.0,Semi-Auto,11958,Petrol,145,51.4,1.4
 Astra,2015,8500.0,Semi-Auto,14503,Petrol,240,39.8,1.6
 Astra,2017,10000.0,Manual,16585,Petrol,20,62.8,1.0
 Astra,2017,10771.0,Manual,25960,Diesel,150,72.4,1.6
 Astra,2017,9990.0,Manual,18879,Petrol,125,51.4,1.4
 Astra,2017,9000.0,Manual,41909,Petrol,150,51.4,1.4
 Astra,2020,15350.0,Manual,13,Petrol,145,54.3,1.2
 Astra,2016,7982.0,Manual,41498,Diesel,0,85.6,1.6
 Astra,2016,9482.0,Manual,25140,Diesel,20,72.4,1.6
 Astra,2017,10295.0,Manual,27337,Petrol,125,51.4,1.4
 Astra,2016,8998.0,Manual,29586,Petrol,125,51.4,1.4
 Astra,2016,10036.0,Manual,21431,Petrol,125,51.4,1.4
 Astra,2019,12698.0,Manual,21097,Petrol,145,51.4,1.4
 Astra,2016,9998.0,Manual,29765,Petrol,125,51.4,1.4
 Astra,2016,8998.0,Manual,34379,Diesel,0,76.3,1.6
 Astra,2017,10165.0,Manual,24356,Diesel,30,67.3,1.6
 Astra,2017,11798.0,Manual,10481,Petrol,125,51.4,1.4
 Astra,2016,10000.0,Manual,21458,Petrol,125,51.4,1.4
 Astra,2016,9998.0,Manual,25319,Petrol,145,47.1,1.6
 Astra,2020,16998.0,Manual,10,Petrol,150,54.3,1.2
 Astra,2017,9491.0,Manual,14801,Petrol,145,52.3,1.4
 Astra,2019,12798.0,Manual,10707,Petrol,145,51.4,1.4
 Astra,2017,11498.0,Semi-Auto,21068,Petrol,125,50.4,1.4
 Astra,2017,9599.0,Manual,18296,Petrol,145,52.3,1.4
 Astra,2014,7249.0,Manual,35267,Petrol,200,42.8,1.6
 Astra,2017,11298.0,Manual,19743,Petrol,125,51.4,1.4
 Astra,2019,11998.0,Manual,13608,Petrol,145,51.4,1.4
 Astra,2017,10757.0,Manual,10580,Petrol,145,51.4,1.4
 Astra,2018,12990.0,Manual,9620,Petrol,145,62.8,1.0
 Astra,2017,11080.0,Manual,11680,Petrol,125,51.4,1.4
 Astra,2014,5444.0,Manual,64814,Petrol,125,51.4,1.4
 Astra,2020,15360.0,Manual,10,Diesel,145,65.7,1.5
 Astra,2017,10030.0,Manual,16108,Petrol,125,51.4,1.4
 Astra,2016,8120.0,Manual,56267,Diesel,20,72.4,1.6
 Astra,2016,8377.0,Manual,27000,Petrol,125,51.4,1.4
 Astra,2019,14345.0,Manual,10,Diesel,145,58.9,1.6
 Astra,2015,6291.0,Manual,40224,Petrol,165,44.1,1.6
 Astra,2016,7477.0,Manual,55000,Diesel,0,76.3,1.6
 Astra,2018,13990.0,Manual,6319,Petrol,145,51.4,1.4
 Astra,2018,13900.0,Manual,4349,Petrol,145,51.4,1.4
 Astra,2020,18240.0,Manual,10,Diesel,145,64.2,1.5
 Astra,2019,14900.0,Manual,10,Diesel,145,65.7,1.6
 Astra,2019,15930.0,Manual,10,Diesel,145,65.7,1.6
 Astra,2019,15740.0,Manual,10,Diesel,145,85.6,1.6
 Astra,2018,11200.0,Manual,8382,Diesel,145,76.3,1.6
 Astra,2017,9900.0,Manual,29095,Petrol,145,62.8,1.0
 Astra,2019,14775.0,Manual,10,Diesel,145,58.9,1.6
 Astra,2016,7500.0,Manual,37537,Diesel,0,76.3,1.6
 Astra,2017,9010.0,Semi-Auto,54859,Diesel,125,61.4,1.6
 Astra,2016,9050.0,Manual,27532,Petrol,125,51.4,1.4
 Astra,2016,10001.0,Manual,27474,Petrol,125,51.4,1.4
 Astra,2016,8995.0,Manual,35000,Petrol,125,51.4,1.4
 Astra,2017,10900.0,Manual,15389,Petrol,125,51.4,1.4
 Astra,2017,9599.0,Manual,24930,Petrol,145,52.3,1.4
 Astra,2017,10491.0,Manual,12423,Petrol,145,51.4,1.4
 Astra,2018,10990.0,Manual,15928,Petrol,145,51.4,1.4
 Astra,2017,9490.0,Manual,16801,Diesel,145,85.6,1.6
 Astra,2017,11498.0,Semi-Auto,21338,Petrol,150,50.4,1.4
 Astra,2018,13866.0,Manual,3689,Petrol,145,51.4,1.4
 Astra,2018,12995.0,Manual,15266,Petrol,145,51.4,1.4
 Astra,2016,9295.0,Manual,7895,Diesel,20,72.4,1.6
 Astra,2019,14775.0,Manual,10,Diesel,150,58.9,1.6
 Astra,2017,10990.0,Manual,22844,Diesel,20,72.4,1.6
 Astra,2019,12995.0,Manual,13801,Petrol,145,51.4,1.4
 Astra,2017,12298.0,Semi-Auto,15627,Petrol,125,51.4,1.4
 Astra,2016,8920.0,Manual,22653,Petrol,20,64.2,1.0
 Astra,2017,9695.0,Manual,22542,Petrol,125,51.4,1.4
 Astra,2018,12495.0,Manual,15612,Diesel,145,72.4,1.6
 Astra,2017,9791.0,Manual,40560,Petrol,145,51.4,1.4
 Astra,2019,15995.0,Manual,10,Diesel,145,72.4,1.6
 Astra,2020,15360.0,Manual,10,Diesel,150,65.7,1.5
 Astra,2016,8798.0,Manual,36458,Petrol,125,51.4,1.4
 Astra,2017,10603.0,Manual,30971,Diesel,20,72.4,1.6
 Astra,2013,5494.0,Manual,54700,Petrol,165,44.1,1.6
 Astra,2019,14345.0,Manual,48,Diesel,145,58.9,1.6
 Astra,2019,16430.0,Manual,10,Diesel,145,65.7,1.6
 Astra,2017,10998.0,Manual,18784,Diesel,150,72.4,1.6
 Astra,2016,8495.0,Semi-Auto,20000,Petrol,240,38.2,1.6
 Astra,2018,10899.0,Manual,24503,Petrol,145,51.4,1.4
 Astra,2016,7998.0,Manual,38125,Petrol,125,51.4,1.4
 Astra,2013,5295.0,Manual,44000,Petrol,165,44.8,1.6
 Astra,2019,12295.0,Manual,17583,Petrol,145,51.4,1.4
 Astra,2017,12200.0,Manual,15898,Petrol,145,50.4,1.4
 Astra,2016,9298.0,Manual,26696,Petrol,125,51.4,1.4
 Astra,2016,8998.0,Semi-Auto,24075,Petrol,125,52.3,1.4
 Astra,2019,14995.0,Manual,100,Diesel,145,72.4,1.6
 Astra,2018,11900.0,Semi-Auto,28311,Petrol,145,51.4,1.4
 Astra,2016,8000.0,Manual,34587,Petrol,0,65.7,1.0
 Astra,2019,10995.0,Manual,17359,Petrol,145,52.3,1.4
 Astra,2019,10795.0,Manual,19163,Petrol,145,52.3,1.4
 Astra,2017,10290.0,Manual,30565,Petrol,20,64.2,1.0
 Astra,2018,9995.0,Manual,40215,Petrol,145,51.4,1.4
 Astra,2018,8995.0,Manual,30214,Petrol,145,52.3,1.4
 Astra,2019,11795.0,Manual,15583,Petrol,150,51.4,1.4
 Astra,2019,11795.0,Manual,14607,Petrol,150,51.4,1.4
 Astra,2015,8495.0,Manual,25000,Diesel,0,76.3,1.6
 Astra,2017,11300.0,Manual,12955,Petrol,125,51.4,1.4
 Astra,2018,11600.0,Manual,13745,Petrol,145,51.4,1.4
 Astra,2018,11300.0,Manual,16881,Petrol,145,51.4,1.4
 Astra,2017,8501.0,Manual,50191,Diesel,145,85.6,1.6
 Astra,2019,11495.0,Manual,18240,Petrol,145,48.7,1.0
 Astra,2019,11495.0,Manual,18938,Petrol,145,51.4,1.4
 Astra,2019,10995.0,Manual,18892,Petrol,145,52.3,1.4
 Astra,2019,10995.0,Manual,17010,Petrol,145,48.7,1.0
 Astra,2019,11495.0,Manual,16756,Petrol,145,48.7,1.0
 Astra,2018,9495.0,Manual,12589,Petrol,145,64.2,1.0
 Astra,2019,10995.0,Manual,20571,Petrol,145,62.8,1.0
 Astra,2019,10495.0,Manual,15607,Petrol,150,48.7,1.0
 Astra,2017,8310.0,Manual,37770,Diesel,0,76.3,1.6
 Astra,2017,11190.0,Manual,12753,Petrol,125,51.4,1.4
 Astra,2018,9599.0,Manual,29000,Petrol,145,62.8,1.0
 Astra,2017,8491.0,Manual,44405,Petrol,145,64.2,1.0
 Astra,2019,10795.0,Manual,18200,Petrol,145,52.3,1.4
 Astra,2019,12495.0,Manual,13200,Petrol,145,48.7,1.0
 Astra,2019,14495.0,Manual,9800,Petrol,145,46.3,1.4
 Astra,2018,12995.0,Semi-Auto,30800,Diesel,145,57.7,1.6
 Astra,2013,5995.0,Manual,54000,Diesel,30,62.8,2.0
 Astra,2017,8999.0,Manual,25889,Petrol,20,64.2,1.0
 Astra,2016,9395.0,Manual,38120,Petrol,125,51.4,1.4
 Astra,2018,8771.0,Manual,43145,Petrol,150,51.4,1.4
 Astra,2013,5281.0,Manual,74255,Diesel,30,62.8,2.0
 Astra,2016,8635.0,Manual,40514,Petrol,125,51.4,1.4
 Astra,2016,10300.0,Automatic,22312,Diesel,125,61.4,1.6
 Astra,2017,11480.0,Semi-Auto,7421,Petrol,125,51.4,1.4
 Astra,2016,9970.0,Automatic,17663,Petrol,125,50.4,1.4
 Astra,2019,15095.0,Semi-Auto,1043,Petrol,145,42.8,1.4
 Astra,2015,6150.0,Manual,39000,Petrol,145,48.7,1.4
 Astra,2017,10320.0,Semi-Auto,20124,Petrol,145,51.4,1.4
 Astra,2016,8061.0,Manual,49878,Diesel,20,72.4,1.6
 Astra,2016,7682.0,Manual,72317,Diesel,0,83.1,1.6
 Astra,2018,14579.0,Manual,33744,Petrol,145,45.6,1.6
 Astra,2017,9528.0,Manual,26747,Petrol,125,52.3,1.4
 Astra,2015,7013.0,Automatic,49492,Petrol,235,38.2,1.6
 Astra,2018,11299.0,Manual,17044,Petrol,150,51.4,1.4
 Astra,2017,10691.0,Manual,24160,Petrol,125,51.4,1.4
 Astra,2019,11700.0,Manual,5761,Petrol,145,62.8,1.0
 Astra,2016,8811.0,Manual,17874,Petrol,125,51.4,1.4
 Astra,2017,10991.0,Manual,11192,Petrol,145,51.4,1.4
 Astra,2017,9991.0,Manual,24060,Petrol,145,51.4,1.4
 Astra,2017,9691.0,Manual,24393,Petrol,20,62.8,1.0
 Astra,2016,9091.0,Manual,21971,Petrol,20,64.2,1.0
 Astra,2016,9131.0,Manual,38078,Petrol,20,62.8,1.0
 Astra,2016,7991.0,Manual,55203,Diesel,0,76.3,1.6
 Astra,2016,9281.0,Manual,30475,Petrol,125,51.4,1.4
 Astra,2014,5130.0,Manual,62005,Petrol,150,47.9,1.4
 Astra,2018,11680.0,Manual,20797,Petrol,145,51.4,1.4
 Astra,2017,9410.0,Manual,21417,Diesel,20,72.4,1.6
 Astra,2015,7370.0,Manual,24304,Diesel,30,62.8,2.0
 Astra,2013,6180.0,Manual,26273,Petrol,145,47.9,1.4
 Astra,2018,11491.0,Manual,26853,Petrol,145,51.4,1.4
 Astra,2015,7361.0,Manual,36694,Petrol,200,43.5,1.6
 Astra,2017,9798.0,Manual,50007,Diesel,145,76.3,1.6
 Astra,2017,8241.0,Manual,32997,Petrol,125,52.3,1.4
 Astra,2015,5741.0,Manual,47184,Diesel,20,72.4,1.6
 Astra,2016,8990.0,Semi-Auto,36000,Petrol,125,50.4,1.4
 Astra,2018,12992.0,Automatic,5320,Petrol,145,51.4,1.4
 Astra,2017,9799.0,Manual,31392,Petrol,20,62.8,1.0
 Astra,2017,8499.0,Manual,51023,Diesel,145,72.4,1.6
 Astra,2016,9000.0,Manual,26964,Petrol,20,64.2,1.0
 Astra,2018,11598.0,Manual,15050,Petrol,145,62.8,1.0
 Astra,2016,8192.0,Manual,16603,Petrol,125,52.3,1.4
 Astra,2019,13359.0,Manual,11777,Petrol,150,48.7,1.0
 Astra,2019,13359.0,Manual,13413,Petrol,150,48.7,1.0
 Astra,2017,9499.0,Manual,19888,Petrol,145,65.7,1.0
 Astra,2016,8000.0,Manual,31998,Petrol,125,52.3,1.4
 Astra,2018,10998.0,Manual,18212,Petrol,145,49.6,1.4
 Astra,2017,9899.0,Manual,24000,Petrol,150,62.8,1.0
 Astra,2016,8499.0,Manual,38466,Petrol,125,51.4,1.4
 Astra,2016,8199.0,Manual,38198,Petrol,0,65.7,1.0
 Astra,2016,9599.0,Manual,9888,Petrol,125,51.4,1.4
 Astra,2018,12999.0,Manual,34489,Petrol,145,45.6,1.6
 Astra,2017,10498.0,Manual,23546,Diesel,20,72.4,1.6
 Astra,2016,9499.0,Manual,33012,Petrol,125,51.4,1.4
 Astra,2017,9991.0,Manual,19973,Petrol,145,51.4,1.4
 Astra,2016,8150.0,Manual,29999,Petrol,125,51.4,1.4
 Astra,2017,11998.0,Semi-Auto,14727,Petrol,150,50.4,1.4
 Astra,2017,11298.0,Manual,20842,Diesel,145,76.3,1.6
 Astra,2017,12998.0,Semi-Auto,3671,Petrol,125,51.4,1.4
 Astra,2017,10798.0,Semi-Auto,20623,Petrol,125,50.4,1.4
 Astra,2017,10998.0,Semi-Auto,12345,Petrol,150,50.4,1.4
 Astra,2017,10698.0,Manual,32081,Diesel,20,72.4,1.6
 Astra,2018,13698.0,Semi-Auto,5422,Petrol,150,51.4,1.4
 Astra,2013,5498.0,Manual,47925,Petrol,165,44.8,1.6
 Astra,2017,10190.0,Manual,33089,Petrol,145,50.4,1.4
 Astra,2020,14990.0,Manual,2184,Petrol,145,54.3,1.2
 Astra,2020,14990.0,Manual,2678,Petrol,145,54.3,1.2
 Astra,2020,14990.0,Manual,1500,Petrol,145,54.3,1.2
 Astra,2020,14990.0,Manual,2535,Petrol,145,54.3,1.2
 Astra,2017,9200.0,Manual,37607,Petrol,20,64.2,1.0
 Astra,2013,5500.0,Semi-Auto,64565,Petrol,240,39.8,1.6
 Astra,2013,6400.0,Automatic,23615,Petrol,235,39.2,1.6
 Astra,2015,7995.0,Manual,38000,Petrol,20,64.2,1.0
 Astra,2017,9991.0,Manual,14313,Petrol,125,51.4,1.4
 Astra,2015,6740.0,Manual,38652,Petrol,160,45.6,1.6
 Astra,2016,8495.0,Manual,27002,Petrol,125,51.4,1.4
 Astra,2014,7364.0,Manual,19529,Petrol,145,48.7,1.4
 Astra,2014,5991.0,Semi-Auto,52641,Diesel,205,48.7,2.0
 Astra,2018,11460.0,Manual,7019,Petrol,145,51.4,1.4
 Astra,2017,11498.0,Semi-Auto,16333,Petrol,125,50.4,1.4
 Astra,2019,11998.0,Manual,20886,Petrol,145,51.4,1.4
 Astra,2016,8498.0,Manual,36072,Petrol,20,64.2,1.0
 Astra,2016,8830.0,Manual,17830,Petrol,125,51.4,1.4
 Astra,2013,6400.0,Manual,66339,Diesel,125,60.1,2.0
 Astra,2017,12400.0,Semi-Auto,19237,Petrol,125,51.4,1.4
 Astra,2017,10798.0,Manual,27408,Petrol,150,51.4,1.4
 Astra,2020,14990.0,Manual,10,Petrol,145,54.3,1.2
 Astra,2017,9240.0,Manual,7903,Petrol,125,52.3,1.4
 Astra,2013,5298.0,Manual,42357,Petrol,125,51.4,1.4
 Astra,2013,4440.0,Manual,76564,Petrol,125,51.4,1.4
 Astra,2020,14990.0,Manual,2000,Petrol,145,54.3,1.2
 Astra,2016,10670.0,Automatic,21842,Petrol,125,51.4,1.4
 Astra,2019,13990.0,Manual,6582,Diesel,145,58.9,1.6
 Astra,2018,11298.0,Manual,19874,Petrol,150,49.6,1.4
 Astra,2015,6990.0,Semi-Auto,50742,Petrol,240,39.8,1.6
 Astra,2016,8730.0,Manual,21090,Petrol,125,51.4,1.4
 Astra,2016,9247.0,Manual,32510,Diesel,20,72.4,1.6
 Astra,2017,11270.0,Manual,19761,Petrol,125,50.4,1.4
 Astra,2017,9989.0,Manual,41294,Diesel,20,72.4,1.6
 Astra,2017,9989.0,Manual,14185,Petrol,125,52.3,1.4
 Astra,2016,10490.0,Semi-Auto,34754,Diesel,125,61.4,1.6
 Astra,2017,11318.0,Manual,24997,Diesel,20,72.4,1.6
 Astra,2017,9490.0,Manual,29201,Petrol,150,51.4,1.4
 Astra,2017,9090.0,Manual,53388,Diesel,20,72.4,1.6
 Astra,2017,10970.0,Manual,20942,Diesel,145,72.4,1.6
 Astra,2016,9990.0,Manual,14419,Petrol,125,51.4,1.4
 Astra,2017,9391.0,Manual,21165,Petrol,145,51.4,1.4
 Astra,2020,15690.0,Manual,1044,Petrol,145,54.3,1.2
 Astra,2014,6990.0,Manual,32492,Petrol,165,44.8,1.6
 Astra,2016,9490.0,Manual,20410,Petrol,20,64.2,1.0
 Astra,2017,8725.0,Manual,35669,Petrol,125,52.3,1.4
 Astra,2019,13990.0,Manual,7006,Diesel,145,58.9,1.6
 Astra,2016,11499.0,Manual,27056,Diesel,20,72.4,1.6
 Astra,2017,10999.0,Semi-Auto,36921,Petrol,150,51.4,1.4
 Astra,2013,4560.0,Manual,93517,Diesel,30,62.8,2.0
 Astra,2017,8991.0,Manual,46625,Petrol,145,51.4,1.4
 Astra,2014,6999.0,Manual,33282,Petrol,165,44.8,1.6
 Astra,2014,6999.0,Manual,42889,Petrol,165,44.8,1.6
 Astra,2014,6750.0,Semi-Auto,42651,Petrol,235,39.8,1.6
 Astra,2015,7412.0,Manual,53645,Diesel,30,62.8,2.0
 Astra,2017,9499.0,Manual,18203,Petrol,145,52.3,1.4
 Astra,2018,12000.0,Manual,7106,Petrol,145,62.8,1.0
 Astra,2016,8881.0,Manual,34000,Petrol,125,51.4,1.4
 Astra,2019,15777.0,Manual,22,Petrol,145,48.7,1.0
 Astra,2014,5174.0,Manual,57582,Petrol,145,47.9,1.4
 Astra,2017,10881.0,Manual,23000,Petrol,20,62.8,1.0
 Astra,2020,15888.0,Manual,22,Petrol,145,54.3,1.2
 Astra,2020,15500.0,Manual,22,Petrol,145,54.3,1.2
 Astra,2017,10383.0,Manual,22963,Petrol,20,62.8,1.0
 Astra,2016,10465.0,Manual,14000,Petrol,145,47.1,1.6
 Astra,2016,5947.0,Manual,71000,Petrol,205,43.5,1.6
 Astra,2017,10999.0,Automatic,12980,Petrol,125,50.4,1.4
 Astra,2017,10999.0,Semi-Auto,23207,Petrol,150,51.4,1.4
 Astra,2015,8465.0,Semi-Auto,44000,Diesel,165,50.4,2.0
 Astra,2016,11500.0,Semi-Auto,23703,Petrol,125,51.4,1.4
 Astra,2016,9399.0,Semi-Auto,32600,Diesel,125,61.4,1.6
 Astra,2018,12599.0,Manual,7363,Petrol,145,62.8,1.0
 Astra,2014,5490.0,Manual,60141,Petrol,160,44.8,1.6
 Astra,2017,9330.0,Manual,43132,Petrol,145,51.4,1.4
 Astra,2017,8080.0,Manual,42797,Diesel,0,85.6,1.6
 Astra,2017,10920.0,Manual,24192,Petrol,160,46.3,1.6
 Astra,2015,6791.0,Manual,39667,Diesel,30,62.8,2.0
 Astra,2018,10299.0,Manual,14700,Petrol,145,61.4,1.0
 Astra,2018,10199.0,Manual,16542,Petrol,145,52.3,1.4
 Astra,2019,13999.0,Manual,9689,Petrol,145,47.9,1.4
 Astra,2018,10799.0,Manual,14001,Petrol,145,62.8,1.0
 Astra,2016,10999.0,Semi-Auto,11129,Petrol,125,50.4,1.4
 Astra,2020,16350.0,Manual,10,Petrol,145,54.3,1.2
 Astra,2017,9499.0,Manual,41445,Diesel,145,72.4,1.6
 Astra,2018,11599.0,Manual,10800,Petrol,145,51.4,1.4
 Astra,2020,14875.0,Manual,10,Petrol,150,54.3,1.2
 Astra,2017,9999.0,Manual,24930,Petrol,145,52.3,1.4
 Astra,2018,10999.0,Manual,20000,Petrol,145,62.8,1.0
 Astra,2018,11499.0,Manual,8141,Petrol,145,51.4,1.4
 Astra,2019,14999.0,Manual,10,Diesel,145,72.4,1.6
 Astra,2018,9999.0,Manual,10009,Petrol,145,51.4,1.4
 Astra,2019,14999.0,Manual,10,Diesel,145,85.6,1.6
 Astra,2016,8699.0,Manual,18420,Petrol,125,51.4,1.4
 Astra,2015,6499.0,Manual,36400,Petrol,145,48.7,1.4
 Astra,2020,16650.0,Manual,10,Petrol,145,54.3,1.2
 Astra,2019,14999.0,Manual,10,Diesel,145,58.9,1.6
 Astra,2016,8999.0,Manual,24000,Petrol,20,64.2,1.0
 Astra,2017,9300.0,Manual,26609,Petrol,145,64.2,1.0
 Astra,2019,11999.0,Manual,15784,Petrol,145,51.4,1.4
 Astra,2017,10499.0,Manual,19790,Diesel,145,72.4,1.6
 Astra,2020,16890.0,Manual,10,Petrol,150,54.3,1.2
 Astra,2018,11799.0,Manual,13813,Petrol,145,51.4,1.4
 Astra,2019,13359.0,Manual,12789,Petrol,150,48.7,1.0
 Astra,2019,11699.0,Manual,20350,Petrol,145,51.4,1.4
 Astra,2018,9999.0,Manual,12532,Petrol,145,64.2,1.0
 Astra,2017,9799.0,Manual,16347,Petrol,145,62.8,1.0
 Astra,2017,12999.0,Semi-Auto,6076,Petrol,145,50.4,1.4
 Astra,2016,8299.0,Manual,17750,Petrol,0,65.7,1.0
 Astra,2016,8000.0,Manual,42982,Diesel,0,76.3,1.6
 Astra,2017,9299.0,Manual,35082,Petrol,145,51.4,1.4
 Astra,2017,10399.0,Manual,26886,Petrol,145,51.4,1.4
 Astra,2017,9499.0,Manual,18501,Petrol,20,62.8,1.0
 Astra,2017,10299.0,Manual,25522,Diesel,145,72.4,1.6
 Astra,2018,9850.0,Manual,30590,Diesel,145,76.3,1.6
 Astra,2020,15690.0,Manual,310,Petrol,145,54.3,1.2
 Astra,2015,8250.0,Manual,38994,Petrol,125,51.4,1.4
 Astra,2018,9610.0,Manual,24133,Petrol,145,62.8,1.0
 Astra,2017,10980.0,Manual,7672,Petrol,145,51.4,1.4
 Astra,2016,7930.0,Manual,49423,Petrol,20,64.2,1.0
 Astra,2020,16690.0,Manual,12,Petrol,145,54.3,1.2
 Astra,2020,15295.0,Manual,4,Petrol,145,54.3,1.2
 Astra,2013,11980.0,Manual,23603,Petrol,300,34.9,2.0
 Astra,2016,8760.0,Manual,15137,Petrol,125,51.4,1.4
 Astra,2017,11610.0,Manual,11627,Diesel,145,72.4,1.6
 Astra,2017,9700.0,Manual,33360,Petrol,145,51.4,1.4
 Astra,2017,9990.0,Manual,29550,Diesel,20,72.4,1.6
 Astra,2015,6104.0,Manual,56658,Diesel,125,62.8,2.0
 Astra,2018,11814.0,Manual,31967,Petrol,145,44.1,1.6
 Astra,2017,10793.0,Manual,15586,Petrol,125,50.4,1.4
 Astra,2018,10893.0,Manual,29121,Petrol,145,45.6,1.6
 Astra,2017,11533.0,Manual,18802,Petrol,145,51.4,1.4
 Astra,2019,12115.0,Manual,15354,Petrol,145,51.4,1.4
 Astra,2016,10791.0,Manual,23438,Diesel,0,76.3,1.6
 Astra,2017,11195.0,Manual,15669,Petrol,145,51.4,1.4
 Astra,2017,10990.0,Semi-Auto,26524,Petrol,125,51.4,1.4
 Astra,2020,18390.0,Manual,10,Petrol,150,53.3,1.2
 Astra,2014,7495.0,Semi-Auto,20000,Petrol,235,39.8,1.6
 Astra,2019,13997.0,Manual,4783,Petrol,150,51.4,1.4
 Astra,2017,9691.0,Manual,32393,Petrol,145,51.4,1.4
 Astra,2018,11491.0,Manual,11509,Petrol,150,62.8,1.0
 Astra,2019,12491.0,Manual,14727,Petrol,150,48.7,1.0
 Astra,2017,10491.0,Manual,15432,Petrol,125,51.4,1.4
 Astra,2019,11327.0,Manual,14993,Petrol,150,52.3,1.4
 Astra,2017,10295.0,Manual,17749,Petrol,20,64.2,1.0
 Astra,2019,12993.0,Manual,8421,Diesel,145,72.4,1.6
 Astra,2017,9269.0,Manual,22473,Petrol,125,51.4,1.4
 Astra,2016,8050.0,Manual,53861,Diesel,20,72.4,1.6
 Astra,2017,9188.0,Manual,24085,Petrol,125,51.4,1.4
 Astra,2016,9595.0,Automatic,30765,Petrol,125,50.4,1.4
 Astra,2019,11999.0,Manual,11538,Petrol,145,51.4,1.4
 Astra,2019,13495.0,Manual,5308,Petrol,145,54.3,1.2
 Astra,2018,10791.0,Manual,23923,Petrol,150,51.4,1.4
 Astra,2020,16290.0,Manual,55,Petrol,145,54.3,1.2
 Astra,2018,11339.0,Manual,12548,Petrol,145,62.8,1.0
 Astra,2018,12543.0,Semi-Auto,15595,Petrol,145,51.4,1.4
 Astra,2019,11647.0,Manual,19496,Petrol,145,51.4,1.4
 Astra,2016,11450.0,Semi-Auto,6605,Petrol,125,50.4,1.4
 Astra,2019,12495.0,Manual,5626,Diesel,150,72.4,1.6
 Astra,2017,8250.0,Manual,52025,Diesel,145,78.5,1.6
 Astra,2019,10997.0,Manual,15959,Petrol,150,61.4,1.0
 Astra,2016,7703.0,Manual,48457,Diesel,0,85.6,1.6
 Astra,2017,10633.0,Manual,9940,Petrol,150,62.8,1.0
 Astra,2017,9997.0,Semi-Auto,45214,Diesel,125,61.4,1.6
 Astra,2017,10791.0,Semi-Auto,36993,Diesel,125,61.4,1.6
 Astra,2016,7995.0,Manual,43000,Petrol,20,64.2,1.0
 Astra,2016,9497.0,Manual,10693,Petrol,125,51.4,1.4
 Astra,2017,9998.0,Manual,29493,Diesel,20,72.4,1.6
 Astra,2016,9495.0,Automatic,28821,Petrol,125,51.4,1.4
 Astra,2016,9491.0,Semi-Auto,43138,Petrol,125,51.4,1.4
 Astra,2018,12990.0,Semi-Auto,7177,Petrol,145,51.4,1.4
 Astra,2016,9995.0,Manual,18088,Petrol,125,50.4,1.4
 Astra,2016,8600.0,Manual,35970,Diesel,0,78.5,1.6
 Astra,2017,11250.0,Semi-Auto,17566,Petrol,125,50.4,1.4
 Astra,2019,13995.0,Manual,1992,Petrol,145,51.4,1.4
 Astra,2013,6995.0,Manual,24440,Petrol,200,41.5,1.6
 Astra,2019,15795.0,Manual,1073,Petrol,145,45.6,1.4
 Astra,2017,12450.0,Manual,8179,Petrol,150,50.4,1.4
 Astra,2019,10800.0,Manual,18928,Petrol,145,61.4,1.0
 Astra,2017,10480.0,Semi-Auto,25000,Petrol,125,51.4,1.4
 Astra,2016,8997.0,Manual,38987,Diesel,20,72.4,1.6
 Astra,2016,11000.0,Manual,6820,Petrol,125,51.4,1.4
 Astra,2017,11300.0,Semi-Auto,11450,Petrol,125,50.4,1.4
 Astra,2016,8220.0,Manual,49910,Petrol,125,51.4,1.4
 Astra,2018,10599.0,Manual,10250,Petrol,145,51.4,1.4
 Astra,2016,8999.0,Manual,31000,Diesel,0,76.3,1.6
 Astra,2016,9997.0,Semi-Auto,5328,Petrol,125,52.3,1.4
 Astra,2016,8950.0,Manual,30918,Diesel,20,72.4,1.6
 Astra,2019,9699.0,Manual,20144,Petrol,145,48.7,1.0
 Astra,2016,11200.0,Manual,21891,Petrol,125,51.4,1.4
 Astra,2015,7295.0,Manual,36185,Petrol,200,43.5,1.6
 Astra,2019,10990.0,Manual,17727,Petrol,150,61.4,1.0
 Astra,2016,9684.0,Manual,26845,Petrol,125,52.3,1.4
 Astra,2017,9295.0,Manual,21788,Petrol,125,51.4,1.4
 Astra,2017,11900.0,Manual,14869,Petrol,145,51.4,1.4
 Astra,2016,10500.0,Manual,32402,Petrol,125,50.4,1.4
 Astra,2018,10295.0,Manual,10271,Petrol,145,62.8,1.0
 Astra,2016,10508.0,Semi-Auto,26643,Diesel,125,61.4,1.6
 Astra,2016,8893.0,Manual,24654,Petrol,125,51.4,1.4
 Astra,2017,8995.0,Manual,48058,Petrol,165,45.6,1.6
 Astra,2017,9995.0,Manual,19451,Petrol,125,51.4,1.4
 Astra,2016,9959.0,Manual,25806,Petrol,125,51.4,1.4
 Astra,2016,7995.0,Manual,40589,Petrol,20,64.2,1.0
 Astra,2017,11681.0,Semi-Auto,12968,Petrol,145,50.4,1.4
 Astra,2017,11483.0,Manual,16857,Petrol,145,50.4,1.4
 Astra,2018,12991.0,Manual,36783,Petrol,145,45.6,1.6
 Astra,2019,11491.0,Semi-Auto,15267,Petrol,150,52.3,1.4
 Astra,2017,10991.0,Semi-Auto,9708,Petrol,125,51.4,1.4
 Astra,2019,12997.0,Manual,10931,Petrol,145,47.9,1.4
 Astra,2017,9491.0,Manual,20813,Petrol,150,51.4,1.4
 Astra,2020,16345.0,Manual,10,Petrol,150,54.3,1.2
 Astra,2019,14191.0,Manual,18448,Diesel,145,58.9,1.6
 Astra,2017,8291.0,Manual,56982,Diesel,145,76.3,1.6
 Astra,2019,15417.0,Manual,48,Diesel,145,72.4,1.6
 Astra,2017,8750.0,Manual,33405,Diesel,145,85.6,1.6
 Astra,2018,10291.0,Manual,14272,Petrol,150,62.8,1.0
 Astra,2019,11991.0,Manual,15645,Petrol,150,48.7,1.0
 Astra,2019,11991.0,Manual,9956,Petrol,150,47.9,1.4
 Astra,2017,9850.0,Manual,41520,Diesel,20,72.4,1.6
 Astra,2020,17949.0,Manual,10,Petrol,150,53.3,1.2
 Astra,2017,10904.0,Manual,16128,Petrol,125,51.4,1.4
 Astra,2016,7625.0,Manual,19250,Petrol,150,47.9,1.4
 Astra,2019,11990.0,Manual,16075,Petrol,145,61.4,1.0
 Astra,2018,9500.0,Manual,14004,Petrol,145,64.2,1.0
 Astra,2018,10998.0,Manual,20652,Petrol,150,51.4,1.4
 Astra,2017,11386.0,Manual,6965,Petrol,20,64.2,1.0
 Astra,2013,5995.0,Manual,44694,Petrol,165,44.8,1.6
 Astra,2019,14501.0,Manual,4000,Diesel,145,72.4,1.6
 Astra,2017,10291.0,Manual,26680,Petrol,150,51.4,1.4
 Astra,2017,9887.0,Manual,35839,Diesel,20,72.4,1.6
 Astra,2018,10828.0,Manual,20241,Petrol,145,62.8,1.0
 Astra,2016,9391.0,Manual,31814,Petrol,125,51.4,1.4
 Astra,2018,11491.0,Manual,28616,Diesel,145,72.4,1.6
 Astra,2017,9100.0,Semi-Auto,49730,Petrol,125,51.4,1.4
 Astra,2017,9700.0,Manual,14229,Petrol,150,51.4,1.4
 Astra,2016,8880.0,Manual,28750,Diesel,20,72.4,1.6
 Astra,2017,10400.0,Manual,17520,Petrol,125,50.4,1.4
 Astra,2018,11000.0,Manual,15387,Petrol,150,52.3,1.4
 Astra,2018,13400.0,Manual,7556,Petrol,150,45.6,1.6
 Astra,2018,10000.0,Manual,14667,Petrol,150,64.2,1.0
 Astra,2018,10959.0,Manual,23660,Petrol,145,51.4,1.4
 Astra,2018,12792.0,Manual,28650,Petrol,145,45.6,1.6
 Astra,2019,14312.0,Manual,1400,Petrol,145,51.4,1.4
 Astra,2020,18390.0,Manual,30,Petrol,145,53.3,1.2
 Astra,2020,16290.0,Manual,30,Petrol,145,54.3,1.2
 Astra,2019,13995.0,Manual,9040,Diesel,145,62.8,1.6
 Astra,2017,11900.0,Semi-Auto,7289,Diesel,30,62.8,1.6
 Astra,2017,10995.0,Semi-Auto,14832,Petrol,125,51.4,1.4
 Astra,2017,9995.0,Manual,26622,Petrol,150,51.4,1.4
 Astra,2017,12398.0,Manual,20322,Petrol,160,46.3,1.6
 Astra,2019,16745.0,Manual,45,Diesel,145,58.9,1.6
 Astra,2019,11791.0,Manual,21097,Petrol,145,51.4,1.4
 Astra,2018,9964.0,Manual,22183,Petrol,145,62.8,1.0
 Astra,2018,13695.0,Manual,14500,Petrol,145,45.6,1.6
 Astra,2013,6595.0,Semi-Auto,62000,Petrol,235,39.8,1.6
 Astra,2015,6489.0,Manual,38697,Petrol,205,43.5,1.6
 Astra,2019,11695.0,Manual,17412,Petrol,145,51.4,1.4
 Astra,2017,8989.0,Manual,28000,Petrol,145,62.8,1.0
 Astra,2015,6989.0,Manual,53875,Petrol,125,51.4,1.4
 Astra,2015,8395.0,Manual,31900,Petrol,160,44.8,1.6
 Astra,2017,8700.0,Manual,15256,Petrol,145,62.8,1.0
 Astra,2017,10250.0,Manual,12523,Petrol,145,51.4,1.4
 Astra,2017,11995.0,Manual,14109,Petrol,150,51.4,1.4
 Astra,2014,4750.0,Manual,75171,Petrol,125,51.4,1.4
 Astra,2016,8720.0,Manual,22720,Petrol,20,64.2,1.0
 Astra,2016,8903.0,Manual,26592,Diesel,20,72.4,1.6
 Astra,2017,11604.0,Manual,18000,Diesel,145,74.3,1.6
 Astra,2014,4991.0,Manual,76226,Diesel,0,76.3,1.6
 Astra,2018,10995.0,Manual,9858,Petrol,145,51.4,1.4
 Astra,2017,11595.0,Semi-Auto,18400,Petrol,125,50.4,1.4
 Astra,2018,11990.0,Semi-Auto,10700,Petrol,150,51.4,1.4
 Astra,2016,9495.0,Manual,33500,Petrol,0,65.7,1.0
 Astra,2013,6299.0,Semi-Auto,56000,Diesel,205,48.7,2.0
 Astra,2014,6990.0,Semi-Auto,53216,Diesel,160,50.4,2.0
 Astra,2020,17499.0,Manual,60,Petrol,145,53.3,1.2
 Astra,2019,12490.0,Manual,9556,Petrol,150,48.7,1.0
 Astra,2019,13990.0,Manual,11410,Diesel,145,58.9,1.6
 Astra,2016,10410.0,Automatic,14215,Petrol,125,51.4,1.4
 Astra,2017,8298.0,Manual,52444,Diesel,0,78.5,1.6
 Astra,2013,4979.0,Manual,67741,Petrol,160,44.8,1.6
 Astra,2020,17496.0,Manual,9,Petrol,145,54.3,1.2
 Astra,2020,17796.0,Manual,8,Petrol,145,54.3,1.2
 Astra,2017,8999.0,Manual,21209,Petrol,125,52.3,1.4
 Astra,2018,10679.0,Manual,19517,Petrol,150,62.8,1.0
 Astra,2016,8090.0,Manual,82224,Petrol,20,62.8,1.0
 Astra,2014,6625.0,Manual,23320,Petrol,165,44.8,1.6
 Astra,2016,8750.0,Manual,12311,Diesel,0,85.6,1.6
 Astra,2016,9020.0,Manual,25197,Petrol,125,51.4,1.4
 Astra,2017,8000.0,Manual,49648,Diesel,0,83.1,1.6
 Astra,2016,10995.0,Manual,12459,Petrol,125,51.4,1.4
 Astra,2016,10995.0,Manual,14739,Petrol,125,51.4,1.4
 Astra,2016,8791.0,Manual,24262,Petrol,125,51.4,1.4
 Astra,2016,10798.0,Manual,32925,Diesel,20,72.4,1.6
 Astra,2019,15796.0,Manual,9634,Petrol,145,62.8,1.0
 Astra,2019,15496.0,Manual,5522,Petrol,145,51.4,1.4
 Astra,2018,11996.0,Manual,8991,Petrol,145,62.8,1.0
 Astra,2017,7840.0,Manual,52299,Diesel,0,83.1,1.6
 Astra,2016,7991.0,Manual,23671,Petrol,125,51.4,1.4
 Astra,2017,12495.0,Semi-Auto,6000,Petrol,145,51.4,1.4
 Astra,2020,17495.0,Manual,250,Petrol,150,54.3,1.2
 Astra,2018,12296.0,Manual,3328,Diesel,145,83.1,1.6
 Astra,2017,11370.0,Semi-Auto,8894,Petrol,125,50.4,1.4
 Astra,2018,11821.0,Manual,19418,Petrol,145,51.4,1.4
 Astra,2018,11710.0,Manual,19603,Petrol,145,51.4,1.4
 Astra,2017,8491.0,Manual,44315,Petrol,145,52.3,1.4
 Astra,2019,11621.0,Manual,7970,Petrol,145,52.3,1.4
 Astra,2014,5590.0,Manual,48979,Petrol,125,51.4,1.4
 Astra,2016,9230.0,Manual,20377,Diesel,0,76.3,1.6
 Astra,2016,8280.0,Manual,42838,Diesel,0,76.3,1.6
 Astra,2017,7940.0,Manual,54194,Diesel,145,76.3,1.6
 Astra,2017,10500.0,Manual,8474,Diesel,145,72.4,1.6
 Astra,2017,11500.0,Manual,17760,Diesel,145,76.3,1.6
 Astra,2017,9991.0,Manual,36356,Diesel,0,83.1,1.6
 Astra,2016,10491.0,Manual,14554,Petrol,125,51.4,1.4
 Astra,2016,10830.0,Automatic,11337,Petrol,125,51.4,1.4
 Astra,2020,15890.0,Manual,2351,Petrol,145,54.3,1.2
 Astra,2020,15890.0,Manual,2154,Petrol,145,54.3,1.2
 Astra,2020,15890.0,Manual,2651,Petrol,145,54.3,1.2
 Astra,2018,12270.0,Manual,17752,Diesel,145,72.4,1.6
 Astra,2020,15890.0,Manual,2310,Petrol,145,54.3,1.2
 Astra,2015,7980.0,Manual,33112,Petrol,160,47.1,1.4
 Astra,2016,8990.0,Manual,19693,Petrol,125,51.4,1.4
 Astra,2020,15590.0,Manual,2317,Petrol,145,54.3,1.2
 Astra,2020,15890.0,Manual,6539,Petrol,145,54.3,1.2
 Astra,2017,9691.0,Manual,27993,Petrol,145,51.4,1.4
 Astra,2019,13359.0,Manual,16982,Petrol,150,51.4,1.4
 Astra,2017,11791.0,Manual,11152,Petrol,145,51.4,1.4
 Astra,2017,9791.0,Manual,31041,Petrol,145,51.4,1.4
 Astra,2019,13359.0,Manual,20511,Petrol,150,51.4,1.4
 Astra,2016,8699.0,Manual,23781,Petrol,20,64.2,1.0
 Astra,2016,9699.0,Manual,51188,Diesel,20,72.4,1.6
 Astra,2017,7890.0,Manual,41922,Petrol,125,52.3,1.4
 Astra,2018,10851.0,Manual,13918,Petrol,145,52.3,1.4
 Astra,2017,8261.0,Manual,54189,Diesel,145,78.5,1.6
 Astra,2017,8910.0,Manual,36921,Diesel,145,78.5,1.6
 Astra,2016,7999.0,Manual,51405,Diesel,0,78.5,1.6
 Astra,2017,8371.0,Manual,46230,Petrol,145,51.4,1.4
 Astra,2017,8150.0,Manual,46030,Petrol,145,51.4,1.4
 Astra,2017,8571.0,Manual,41371,Petrol,145,51.4,1.4
 Astra,2017,8291.0,Manual,46971,Petrol,145,51.4,1.4
 Astra,2016,9799.0,Semi-Auto,60976,Diesel,125,61.4,1.6
 Astra,2017,11995.0,Manual,23000,Petrol,125,51.4,1.4
 Astra,2017,10499.0,Manual,18152,Petrol,145,51.4,1.4
 Astra,2017,10499.0,Manual,14652,Petrol,145,50.4,1.4
 Astra,2017,9000.0,Manual,39106,Petrol,145,64.2,1.0
 Astra,2017,9260.0,Manual,29663,Diesel,145,76.3,1.6
 Astra,2017,9821.0,Manual,24667,Petrol,145,62.8,1.0
 Astra,2019,12291.0,Manual,7987,Petrol,145,48.7,1.0
 Astra,2019,10951.0,Manual,11706,Petrol,145,48.7,1.0
 Astra,2017,9000.0,Automatic,41674,Petrol,145,51.4,1.4
 Astra,2016,8495.0,Manual,24000,Petrol,0,65.7,1.0
 Astra,2017,12995.0,Semi-Auto,6000,Petrol,145,51.4,1.4
 Astra,2017,11495.0,Manual,23000,Petrol,125,50.4,1.4
 Astra,2017,10450.0,Manual,31000,Petrol,125,51.4,1.4
 Astra,2016,10995.0,Manual,12425,Petrol,125,51.4,1.4
 Astra,2016,10595.0,Manual,23900,Petrol,125,51.4,1.4
 Astra,2016,11995.0,Semi-Auto,16200,Petrol,125,50.4,1.4
 Astra,2016,10795.0,Manual,30700,Petrol,125,51.4,1.4
 Astra,2016,9995.0,Manual,11900,Petrol,20,64.2,1.0
 Astra,2016,10995.0,Manual,28000,Diesel,20,72.4,1.6
 Astra,2019,15995.0,Semi-Auto,1500,Petrol,145,42.8,1.4
 Astra,2017,12495.0,Semi-Auto,13000,Petrol,125,51.4,1.4
 Astra,2017,8450.0,Manual,38232,Petrol,145,51.4,1.4
 Astra,2019,11690.0,Manual,11858,Petrol,150,48.7,1.0
 Astra,2017,9990.0,Manual,17509,Petrol,125,51.4,1.4
 Astra,2016,10199.0,Semi-Auto,35271,Diesel,125,61.4,1.6
 Astra,2016,8999.0,Manual,35824,Petrol,125,51.4,1.4
 Astra,2014,5499.0,Manual,47801,Diesel,125,61.4,1.7
 Astra,2019,12999.0,Manual,10149,Petrol,150,45.6,1.4
 Astra,2019,13359.0,Manual,4640,Petrol,150,51.4,1.4
 Astra,2018,10995.0,Manual,16116,Petrol,145,62.8,1.0
 Astra,2018,12995.0,Manual,16160,Petrol,145,51.4,1.4
 Astra,2016,11995.0,Semi-Auto,14800,Petrol,125,51.4,1.4
 Astra,2017,10191.0,Manual,30318,Diesel,145,74.3,1.6
 Astra,2017,9120.0,Manual,29116,Petrol,145,52.3,1.4
 Astra,2017,9150.0,Manual,29709,Diesel,145,78.5,1.6
 Astra,2017,11199.0,Manual,13881,Diesel,20,72.4,1.6
 Astra,2016,9495.0,Semi-Auto,47382,Diesel,30,62.8,1.6
 Astra,2019,17995.0,Automatic,7000,Diesel,145,58.9,1.6
 Astra,2014,6803.0,Manual,41127,Petrol,160,44.8,1.6
 Astra,2016,9350.0,Manual,19891,Petrol,125,51.4,1.4
 Astra,2019,15995.0,Manual,14000,Diesel,145,72.4,1.6
 Astra,2019,17495.0,Manual,5655,Diesel,145,58.9,1.6
 Astra,2019,16995.0,Manual,25,Diesel,145,72.4,1.6
 Astra,2019,16995.0,Manual,25,Diesel,145,58.9,1.6
 Astra,2013,5295.0,Manual,59324,Petrol,165,44.8,1.6
 Astra,2015,6799.0,Manual,63871,Diesel,0,76.3,1.6
 Astra,2015,6350.0,Manual,38699,Petrol,205,43.5,1.6
 Astra,2018,11995.0,Manual,11642,Petrol,145,47.1,1.4
 Astra,2019,14995.0,Automatic,12115,Petrol,145,51.4,1.4
 Astra,2015,6995.0,Manual,51886,Diesel,125,61.4,2.0
 Astra,2016,11000.0,Semi-Auto,23779,Diesel,125,61.4,1.6
 Astra,2016,8499.0,Manual,39872,Petrol,125,51.4,1.4
 Astra,2018,13498.0,Manual,30830,Petrol,145,45.6,1.6
 Astra,2019,11998.0,Manual,12424,Petrol,150,48.7,1.0
 Astra,2018,10695.0,Manual,15727,Petrol,145,64.2,1.0
 Astra,2018,13359.0,Manual,21218,Petrol,145,51.4,1.4
 Astra,2019,13359.0,Manual,2424,Petrol,145,51.4,1.4
 Astra,2019,18298.0,Manual,7216,Petrol,145,51.4,1.4
 Astra,2019,17299.0,Manual,1974,Petrol,145,47.9,1.4
 Astra,2019,14799.0,Manual,2473,Diesel,145,58.9,1.6
 Astra,2019,14990.0,Manual,3000,Petrol,145,47.9,1.4
 Astra,2017,13490.0,Semi-Auto,15000,Petrol,145,50.4,1.4
 Astra,2018,12990.0,Manual,6500,Diesel,145,72.4,1.6
 Astra,2016,9990.0,Manual,40500,Petrol,125,50.4,1.4
 Astra,2016,9290.0,Manual,30419,Petrol,125,51.4,1.4
 Astra,2016,10490.0,Manual,22330,Petrol,125,51.4,1.4
 Astra,2019,14490.0,Manual,3600,Petrol,150,47.9,1.4
 Astra,2016,8999.0,Manual,27224,Petrol,125,52.3,1.4
 Astra,2019,11990.0,Manual,22650,Petrol,150,45.6,1.6
 Astra,2018,12990.0,Manual,6000,Petrol,150,46.3,1.4
 Astra,2016,10000.0,Semi-Auto,13028,Petrol,125,52.3,1.4
 Astra,2019,13359.0,Manual,15408,Petrol,150,46.3,1.4
 Astra,2019,15250.0,Semi-Auto,4150,Petrol,145,51.4,1.4
 Astra,2018,12595.0,Manual,15292,Petrol,145,51.4,1.4
 Astra,2017,10795.0,Manual,19497,Petrol,145,51.4,1.4
 Astra,2019,13359.0,Manual,12576,Petrol,150,48.7,1.0
 Astra,2016,9099.0,Manual,53099,Diesel,0,85.6,1.6
 Astra,2017,8499.0,Manual,35893,Petrol,125,51.4,1.4
 Astra,2019,15000.0,Semi-Auto,5000,Petrol,145,51.4,1.4
 Astra,2018,11890.0,Manual,11389,Petrol,145,62.8,1.0
 Astra,2016,9945.0,Manual,16196,Petrol,125,51.4,1.4
 Astra,2016,8944.0,Manual,35600,Diesel,20,72.4,1.6
 Astra,2016,8290.0,Manual,42169,Diesel,0,85.6,1.6
 Astra,2016,7798.0,Manual,51405,Diesel,0,78.5,1.6
 Astra,2017,9280.0,Manual,19048,Diesel,20,72.4,1.6
 Astra,2014,6000.0,Semi-Auto,50072,Petrol,235,39.2,1.6
 Astra,2019,15680.0,Semi-Auto,2471,Petrol,145,51.4,1.4
 Astra,2017,11500.0,Semi-Auto,19295,Petrol,125,51.4,1.4
 Astra,2020,15690.0,Manual,1200,Petrol,145,54.3,1.2
 Astra,2015,7750.0,Manual,48163,Diesel,0,76.3,1.6
 Astra,2019,10990.0,Manual,17500,Petrol,150,61.4,1.0
 Astra,2017,10190.0,Semi-Auto,18769,Diesel,30,62.8,1.6
 Astra,2019,16798.0,Semi-Auto,5508,Petrol,145,42.8,1.4
 Astra,2018,12990.0,Manual,5000,Petrol,145,51.4,1.4
 Astra,2019,15490.0,Manual,12500,Petrol,145,44.1,1.6
 Astra,2019,12990.0,Manual,10000,Petrol,145,48.7,1.0
 Astra,2017,9495.0,Manual,24160,Petrol,125,51.4,1.4
 Astra,2013,7599.0,Automatic,30221,Petrol,240,39.8,1.6
 Astra,2016,9000.0,Manual,33421,Petrol,125,51.4,1.4
 Astra,2013,5795.0,Manual,65206,Diesel,30,62.8,2.0
 Astra,2014,6895.0,Manual,29754,Diesel,125,58.9,2.0
 Astra,2016,9495.0,Manual,29001,Petrol,125,51.4,1.4
 Astra,2019,14950.0,Automatic,100,Petrol,145,51.4,1.4
 Astra,2017,10599.0,Manual,30821,Petrol,150,51.4,1.4
 Astra,2019,13895.0,Manual,7091,Petrol,145,51.4,1.4
 Astra,2016,10490.0,Semi-Auto,32000,Diesel,125,61.4,1.6
 Astra,2016,8250.0,Manual,67832,Petrol,125,51.4,1.4
 Astra,2019,14280.0,Manual,9056,Petrol,145,47.9,1.4
 Astra,2019,12350.0,Manual,5675,Petrol,145,51.4,1.4
 Astra,2016,10095.0,Semi-Auto,15490,Petrol,125,52.3,1.4
 Astra,2013,10990.0,Manual,12248,Petrol,300,34.9,2.0
 Astra,2019,15495.0,Manual,200,Diesel,145,72.4,1.6
 Astra,2019,15499.0,Semi-Auto,6467,Petrol,150,51.4,1.4
 Astra,2016,6995.0,Manual,58000,Diesel,0,78.5,1.6
 Astra,2019,14995.0,Manual,7300,Diesel,145,58.9,1.6
 Astra,2019,16495.0,Automatic,1,Petrol,145,51.4,1.4
 Astra,2017,9240.0,Manual,24193,Diesel,145,85.6,1.6
 Astra,2016,8295.0,Manual,18400,Petrol,200,43.5,1.6
 Astra,2017,10495.0,Manual,7906,Diesel,145,76.3,1.6
 Astra,2019,13359.0,Manual,11938,Petrol,150,48.7,1.0
 Astra,2019,13359.0,Manual,12783,Petrol,150,51.4,1.4
 Astra,2015,8495.0,Semi-Auto,23503,Petrol,240,38.2,1.6
 Astra,2016,8195.0,Manual,29291,Petrol,125,51.4,1.4
 Astra,2016,9498.0,Manual,30325,Diesel,0,78.5,1.6
 Astra,2016,10150.0,Semi-Auto,20838,Petrol,125,51.4,1.4
 Astra,2014,5299.0,Manual,71820,Petrol,160,44.8,1.6
 Astra,2017,10499.0,Semi-Auto,30590,Petrol,125,50.4,1.4
 Astra,2017,9499.0,Manual,17924,Petrol,125,51.4,1.4
 Astra,2017,11000.0,Manual,20691,Petrol,125,51.4,1.4
 Astra,2019,15995.0,Manual,5,Petrol,145,54.3,1.2
 Astra,2017,10750.0,Manual,19597,Petrol,125,51.4,1.4
 Astra,2018,11990.0,Manual,31329,Petrol,145,45.6,1.6
 Astra,2016,10750.0,Manual,18553,Petrol,125,51.4,1.4
 Astra,2019,13359.0,Manual,10095,Petrol,150,48.7,1.0
 Astra,2013,5662.0,Semi-Auto,61575,Petrol,235,39.2,1.6
 Astra,2016,9495.0,Manual,40977,Diesel,0,76.3,1.6
 Astra,2013,5555.0,Manual,69904,Diesel,30,62.8,2.0
 Astra,2017,13995.0,Semi-Auto,19779,Petrol,145,51.4,1.4
 Astra,2018,13995.0,Semi-Auto,18877,Petrol,145,51.4,1.4
 Astra,2017,9995.0,Manual,28416,Petrol,125,51.4,1.4
 Astra,2017,11495.0,Manual,8255,Petrol,125,50.4,1.4
 Astra,2018,12995.0,Manual,6322,Petrol,150,51.4,1.4
 Astra,2018,12295.0,Manual,14400,Petrol,145,45.6,1.6
 Astra,2018,11995.0,Manual,4900,Petrol,145,62.8,1.0
 Astra,2017,11450.0,Semi-Auto,20000,Petrol,150,50.4,1.4
 Astra,2014,5980.0,Manual,43000,Petrol,125,51.4,1.4
 Astra,2017,11395.0,Manual,16639,Petrol,150,51.4,1.4
 Astra,2016,9450.0,Manual,53000,Diesel,20,72.4,1.6
 Astra,2017,10750.0,Semi-Auto,15000,Petrol,145,51.4,1.4
 Astra,2016,7777.0,Semi-Auto,47410,Diesel,30,62.8,1.6
 Astra,2013,10750.0,Manual,39727,Petrol,305,34.9,2.0
 Astra,2019,14770.0,Automatic,9112,Petrol,145,51.4,1.4
 Astra,2019,12510.0,Manual,16833,Petrol,145,51.4,1.4
 Astra,2017,9222.0,Manual,27000,Petrol,125,51.4,1.4
 Astra,2016,8703.0,Manual,22500,Petrol,125,51.4,1.4
 Astra,2018,10950.0,Semi-Auto,14900,Petrol,145,51.4,1.4
 Astra,2018,11559.0,Manual,11999,Petrol,145,51.4,1.4
 Astra,2016,9972.0,Manual,18200,Diesel,20,72.4,1.6
 Astra,2017,10995.0,Manual,28467,Petrol,125,51.4,1.4
 Astra,2017,11295.0,Semi-Auto,42000,Petrol,145,51.4,1.4
 Astra,2017,12495.0,Semi-Auto,15500,Petrol,125,51.4,1.4
 Astra,2017,9995.0,Manual,35500,Petrol,125,51.4,1.4
 Astra,2018,12995.0,Semi-Auto,8000,Petrol,150,51.4,1.4
 Astra,2018,12395.0,Manual,6200,Petrol,145,51.4,1.4
 Astra,2017,11495.0,Manual,18200,Petrol,145,51.4,1.4
 Astra,2017,11495.0,Manual,13500,Petrol,145,51.4,1.4
 Astra,2019,14995.0,Automatic,5000,Petrol,145,42.8,1.4
 Astra,2018,12495.0,Manual,20750,Petrol,145,45.6,1.6
 Astra,2018,11395.0,Manual,24000,Petrol,145,51.4,1.4
 Astra,2018,11495.0,Manual,14000,Petrol,145,51.4,1.4
 Astra,2017,10995.0,Manual,14000,Diesel,145,85.6,1.6
 Astra,2017,9995.0,Manual,32000,Diesel,20,74.3,1.6
 Astra,2018,12991.0,Automatic,7800,Petrol,145,51.4,1.4
 Astra,2017,10259.0,Semi-Auto,16337,Petrol,125,51.4,1.4
 Astra,2018,13203.0,Manual,2561,Petrol,145,51.4,1.4
 Astra,2018,12500.0,Manual,10489,Petrol,145,51.4,1.4
 Astra,2019,16990.0,Manual,5009,Diesel,145,58.9,1.6
 Astra,2016,9995.0,Manual,28500,Petrol,125,50.4,1.4
 Astra,2014,5350.0,Manual,46233,Petrol,145,47.9,1.4
 Astra,2016,8995.0,Manual,14549,Petrol,125,51.4,1.4
 Astra,2017,8990.0,Manual,34109,Petrol,20,64.2,1.0
 Astra,2017,10990.0,Semi-Auto,9789,Petrol,145,51.4,1.4
 Astra,2017,13695.0,Semi-Auto,430,Petrol,145,50.4,1.4
 Astra,2019,13495.0,Manual,8000,Diesel,145,85.6,1.6
 Astra,2017,10995.0,Semi-Auto,32000,Petrol,145,51.4,1.4
 Astra,2018,13295.0,Manual,19034,Petrol,145,45.6,1.6
 Astra,2018,10990.0,Manual,12060,Petrol,145,52.3,1.4
 Astra,2019,13420.0,Semi-Auto,12173,Petrol,145,51.4,1.4
 Astra,2019,12995.0,Manual,15000,Petrol,145,46.3,1.4
 Astra,2018,11590.0,Manual,16000,Diesel,145,72.4,1.6
 Astra,2016,9491.0,Manual,17411,Petrol,125,51.4,1.4
 Astra,2016,9990.0,Manual,23132,Petrol,125,51.4,1.4
 Astra,2017,9450.0,Manual,44387,Petrol,150,64.2,1.0
 Astra,2017,11995.0,Semi-Auto,5500,Petrol,145,51.4,1.4
 Astra,2018,10995.0,Manual,13919,Petrol,145,51.4,1.4
 Astra,2019,13359.0,Manual,10322,Petrol,150,48.7,1.0
 Astra,2019,13359.0,Manual,18874,Petrol,150,46.3,1.4
 Astra,2019,13359.0,Manual,19028,Petrol,150,51.4,1.4
 Astra,2016,10799.0,Semi-Auto,29082,Petrol,125,51.4,1.4
 Astra,2017,9990.0,Manual,40967,Petrol,125,51.4,1.4
 Astra,2019,16499.0,Automatic,50,Petrol,145,42.8,1.4
 Astra,2019,12999.0,Manual,4500,Petrol,145,62.8,1.0
 Astra,2017,9590.0,Manual,21828,Diesel,145,72.4,1.6
 Astra,2019,14999.0,Manual,14759,Diesel,145,62.8,1.6
 Astra,2019,12499.0,Manual,400,Petrol,145,62.8,1.0
 Astra,2019,13359.0,Manual,17697,Petrol,150,51.4,1.4
 Astra,2019,13359.0,Manual,12066,Petrol,150,48.7,1.0
 Astra,2018,11999.0,Manual,9473,Petrol,145,51.4,1.4
 Astra,2017,9749.0,Manual,16724,Petrol,145,51.4,1.4
 Astra,2016,7000.0,Manual,61368,Diesel,0,78.5,1.6
 Astra,2018,11458.0,Manual,22822,Petrol,145,51.4,1.4
 Astra,2016,9299.0,Manual,27097,Petrol,125,51.4,1.4
 Astra,2019,12640.0,Manual,19226,Petrol,145,51.4,1.4
 Astra,2017,9495.0,Manual,12000,Petrol,145,51.4,1.4
 Astra,2020,15990.0,Manual,438,Petrol,145,54.3,1.2
 Astra,2016,6490.0,Manual,84277,Diesel,0,85.6,1.6
 Astra,2016,10250.0,Manual,34886,Petrol,160,45.6,1.6
 Astra,2017,11250.0,Semi-Auto,11986,Petrol,145,50.4,1.4
 Astra,2017,9495.0,Manual,5700,Petrol,125,51.4,1.4
 Astra,2020,15820.0,Manual,100,Petrol,145,54.3,1.2
 Astra,2019,14499.0,Manual,9402,Diesel,145,58.9,1.6
 Astra,2017,9995.0,Manual,25200,Diesel,20,72.4,1.6
 Astra,2017,10890.0,Automatic,2605,Petrol,125,51.4,1.4
 Astra,2017,7070.0,Manual,68397,Diesel,0,85.6,1.6
 Astra,2017,10696.0,Manual,13085,Petrol,150,51.4,1.4
 Astra,2016,8910.0,Manual,17311,Petrol,125,51.4,1.4
 Astra,2016,8510.0,Manual,18048,Petrol,125,52.3,1.4
 Astra,2017,10090.0,Manual,24359,Petrol,145,51.4,1.4
 Astra,2014,7200.0,Manual,40930,Petrol,160,44.8,1.6
 Astra,2015,6420.0,Manual,27477,Petrol,125,51.4,1.4
 Astra,2020,15690.0,Manual,215,Petrol,145,54.3,1.2
 Astra,2015,7099.0,Manual,48272,Petrol,200,43.5,1.6
 Astra,2016,8728.0,Manual,29566,Diesel,0,78.5,1.6
 Astra,2019,10483.0,Manual,22825,Petrol,145,52.3,1.4
 Astra,2017,8183.0,Manual,67490,Diesel,20,72.4,1.6
 Astra,2019,11998.0,Manual,15096,Petrol,145,51.4,1.4
 Astra,2013,6300.0,Manual,28901,Petrol,125,51.4,1.4
 Astra,2018,12800.0,Manual,27200,Petrol,150,45.6,1.6
 Astra,2016,9100.0,Manual,27411,Diesel,20,72.4,1.6
 Astra,2018,13999.0,Manual,9296,Diesel,145,62.8,1.6
 Astra,2018,10699.0,Manual,19171,Petrol,145,52.3,1.4
 Astra,2018,9995.0,Manual,19171,Petrol,145,52.3,1.4
 Astra,2016,10495.0,Manual,30159,Petrol,125,51.4,1.4
 Astra,2017,12995.0,Semi-Auto,5965,Petrol,145,50.4,1.4
 Astra,2019,16495.0,Manual,10,Petrol,145,51.4,1.4
 Astra,2017,9799.0,Manual,11080,Petrol,150,51.4,1.4
 Astra,2016,8995.0,Manual,38659,Petrol,125,51.4,1.4
 Astra,2018,10591.0,Manual,18934,Petrol,150,47.9,1.4
 Astra,2017,9995.0,Manual,10556,Petrol,125,51.4,1.4
 Astra,2017,8995.0,Manual,40037,Petrol,125,51.4,1.4
 Astra,2016,9250.0,Manual,25996,Petrol,125,51.4,1.4
 Astra,2016,8595.0,Manual,11037,Petrol,125,52.3,1.4
 Astra,2017,11950.0,Manual,9119,Petrol,125,50.4,1.4
 Astra,2017,11722.0,Manual,9500,Petrol,150,51.4,1.4
 Astra,2016,7995.0,Manual,24000,Petrol,125,51.4,1.4
 Astra,2010,2695.0,Manual,88802,Petrol,240,39.2,1.8
 Astra,2013,4595.0,Manual,88791,Petrol,125,51.4,1.4
 Astra,2013,5995.0,Manual,50284,Petrol,145,48.7,1.4
 Astra,2009,3495.0,Manual,66427,Diesel,125,55.4,1.2
 Astra,2014,5995.0,Manual,36000,Petrol,160,44.8,1.6
 Astra,2014,6295.0,Manual,40549,Petrol,125,51.4,1.4
 Astra,2014,5995.0,Manual,50574,Petrol,125,51.4,1.4
 Astra,2016,9495.0,Automatic,50068,Diesel,125,61.4,1.6
 Astra,2016,9824.0,Manual,55810,Diesel,0,83.1,1.6
 Astra,2014,4995.0,Manual,113000,Diesel,125,58.9,2.0
 Astra,2015,7500.0,Manual,38050,Diesel,125,60.1,2.0
 Astra,2015,6995.0,Manual,36000,Diesel,0,76.3,1.6
 Astra,2017,9995.0,Manual,21925,Petrol,150,51.4,1.4
 Astra,2017,9995.0,Automatic,24054,Diesel,30,62.8,1.6
 Astra,2017,8995.0,Manual,21053,Petrol,125,51.4,1.4
 Astra,2017,9995.0,Automatic,17500,Petrol,145,50.4,1.4
 Astra,2016,9995.0,Manual,18252,Diesel,0,76.3,1.6
 Astra,2017,8999.0,Manual,20157,Petrol,150,62.8,1.0
 Astra,2019,14000.0,Manual,4453,Diesel,150,72.4,1.6
 Astra,2015,5699.0,Manual,59451,Petrol,125,51.4,1.4
 Astra,2016,8995.0,Automatic,47700,Diesel,125,61.4,1.6
 Astra,2019,13500.0,Manual,10412,Diesel,150,62.8,1.6
 Astra,2016,8495.0,Manual,13000,Petrol,165,46.3,1.4
 Astra,2018,12500.0,Manual,27303,Petrol,145,51.4,1.4
 Astra,2017,11000.0,Manual,34521,Diesel,145,72.4,1.6
 Astra,2013,5995.0,Automatic,47000,Petrol,240,39.8,1.6
 Astra,2018,10999.0,Manual,28111,Diesel,145,72.4,1.6
 Astra,2018,11999.0,Manual,5145,Petrol,145,61.4,1.0
 Astra,2016,8999.0,Manual,53076,Diesel,0,76.3,1.6
 Astra,2018,13999.0,Manual,40500,Diesel,145,72.4,1.6
 Astra,2017,10000.0,Manual,30351,Petrol,125,51.4,1.4
 Astra,2013,5999.0,Manual,58595,Petrol,125,51.4,1.4
 Astra,2018,11499.0,Manual,30787,Petrol,145,51.4,1.4
 Astra,2014,7999.0,Manual,30021,Diesel,125,61.4,2.0
 Astra,2016,8499.0,Manual,53551,Diesel,0,78.5,1.6
 Astra,2013,4795.0,Manual,53000,Petrol,125,51.4,1.4
 Astra,2009,2495.0,Manual,101000,Petrol,200,43.5,1.6
 Astra,2018,10487.0,Manual,35044,Petrol,145,45.6,1.6
 Astra,2019,16500.0,Manual,1455,Petrol,145,47.1,1.4
 Astra,2013,4990.0,Manual,65155,Petrol,125,51.4,1.4
 Astra,2011,5490.0,Automatic,44500,Petrol,240,39.8,1.6
 Astra,2007,2895.0,Automatic,106000,Petrol,290,34.9,1.8
 Astra,2006,2495.0,Manual,64000,Petrol,195,43.5,1.4
 Astra,2018,10689.0,Manual,21745,Petrol,145,47.1,1.4
 Astra,2015,7495.0,Automatic,27650,Petrol,200,42.8,1.4
 Astra,2019,9599.0,Manual,17000,Petrol,150,47.9,1.4
 Astra,2011,5495.0,Manual,28000,Petrol,135,47.9,1.4
 Astra,2017,9690.0,Manual,22223,Petrol,125,51.4,1.4
 Astra,2009,1950.0,Automatic,112000,Petrol,305,36.2,1.8
 Astra,2019,13998.0,Manual,4973,Diesel,145,72.4,1.6
 Astra,2019,11490.0,Manual,14985,Petrol,150,47.1,1.4
 Astra,2018,11290.0,Manual,11213,Petrol,150,51.4,1.4
 Astra,2018,12990.0,Manual,18065,Diesel,145,62.8,1.6
 Astra,2016,8243.0,Manual,52594,Diesel,20,72.4,1.6
 Astra,2019,10890.0,Manual,14319,Petrol,150,48.7,1.0
 Astra,2014,5801.0,Manual,53513,Diesel,0,76.3,1.7
 Astra,2010,4244.0,Manual,54026,Petrol,145,47.9,1.4
 Astra,2017,10491.0,Manual,16515,Diesel,20,72.4,1.6
 Astra,2019,13350.0,Manual,6200,Petrol,145,51.4,1.4
 Astra,2011,4500.0,Manual,63000,Diesel,145,55.4,2.0
 Astra,2016,10500.0,Manual,30005,Petrol,125,51.4,1.4
 Astra,2018,14400.0,Manual,9890,Diesel,145,62.8,1.6
 Astra,2017,9500.0,Manual,37180,Petrol,145,51.4,1.4
 Astra,2018,9994.0,Manual,15000,Petrol,145,52.3,1.4
 Astra,2016,7899.0,Manual,31000,Petrol,160,47.1,1.4
 Astra,2013,6699.0,Manual,26000,Diesel,125,58.9,2.0
 Astra,2013,5699.0,Manual,44000,Diesel,125,60.1,2.0
 Astra,2007,2499.0,Manual,71000,Diesel,200,46.3,1.9
 Astra,2017,9311.0,Manual,21500,Petrol,145,64.2,1.0
 Astra,2013,4999.0,Manual,47000,Petrol,160,44.8,1.6
 Astra,2015,7968.0,Manual,38633,Petrol,160,44.8,1.6
 Astra,2011,2876.0,Manual,106303,Diesel,30,62.8,1.7
 Astra,2019,14550.0,Automatic,14016,Petrol,150,51.4,1.4
 Astra,2019,12450.0,Manual,14818,Petrol,150,48.7,1.0
 Astra,2018,11994.0,Manual,15434,Petrol,145,50.4,1.4
 Astra,2019,11595.0,Manual,15000,Petrol,145,52.3,1.4
 Astra,2017,10450.0,Manual,24095,Petrol,145,47.1,1.4
 Astra,2017,9350.0,Manual,42858,Petrol,125,51.4,1.4
 Astra,2019,12795.0,Manual,12,Petrol,145,52.3,1.4
 Astra,2019,12795.0,Manual,1759,Petrol,145,52.3,1.4
 Astra,2015,6995.0,Manual,46200,Petrol,205,43.5,1.6
 Astra,2018,12000.0,Manual,15445,Petrol,150,46.3,1.4
 Astra,2019,14500.0,Manual,3785,Petrol,150,51.4,1.4
 Astra,2018,12795.0,Manual,167,Petrol,145,52.3,1.4
 Astra,2018,12795.0,Manual,200,Petrol,145,52.3,1.4
 Astra,2014,8975.0,Automatic,17831,Diesel,160,50.4,2.0
 Astra,2017,11800.0,Manual,20993,Diesel,20,72.4,1.6
 Astra,2019,13600.0,Manual,3981,Petrol,150,47.1,1.4
 Astra,2014,7500.0,Manual,42959,Diesel,30,62.8,2.0
 Astra,2017,10895.0,Automatic,7000,Petrol,145,50.4,1.4
 Astra,2018,13000.0,Manual,15044,Petrol,150,46.3,1.4
 Astra,2019,14200.0,Automatic,10000,Petrol,150,51.4,1.4
 Astra,2019,12800.0,Automatic,13018,Petrol,150,51.4,1.4
 Astra,2017,10300.0,Manual,29795,Petrol,145,51.4,1.4
 Astra,2017,11300.0,Automatic,22597,Diesel,150,62.8,1.6
 Astra,2017,9300.0,Manual,38193,Petrol,20,62.8,1.0
 Astra,2018,12600.0,Manual,24285,Petrol,145,45.6,1.6
 Astra,2018,12500.0,Manual,25369,Petrol,145,45.6,1.6
 Astra,2018,10000.0,Manual,32976,Petrol,145,51.4,0.0
 Astra,2015,8000.0,Manual,27891,Petrol,160,47.1,0.0
 Astra,2018,12700.0,Manual,22736,Petrol,145,45.6,1.6
 Astra,2017,9895.0,Manual,17000,Petrol,125,51.4,1.4
 Astra,2017,10395.0,Manual,18000,Petrol,125,51.4,1.4
 Astra,2015,6000.0,Manual,62975,Petrol,200,43.5,1.6
 Astra,2013,7000.0,Manual,47612,Petrol,160,44.8,1.6
 Astra,2017,11000.0,Manual,9929,Diesel,145,72.4,1.6
 Astra,2017,10800.0,Automatic,28927,Petrol,145,51.4,0.0
 Astra,2017,10500.0,Manual,30814,Petrol,145,51.4,1.4
 Astra,2019,12000.0,Manual,20665,Diesel,150,74.3,1.6
 Astra,2019,11700.0,Manual,13255,Petrol,150,47.9,1.4
 Astra,2013,5900.0,Manual,54000,Petrol,165,44.8,1.6
 Astra,2016,8990.0,Manual,28000,Petrol,20,64.2,1.0
 Astra,2013,7999.0,Manual,24000,Petrol,145,47.9,1.4
 Astra,2017,9850.0,Manual,30000,Petrol,145,62.8,1.0
 Astra,2018,10700.0,Manual,14592,Petrol,150,52.3,1.4
 Astra,2019,11700.0,Manual,16794,Petrol,150,47.9,1.4
 Astra,2017,11300.0,Manual,9521,Petrol,145,51.4,1.4
 Astra,2019,14000.0,Manual,1000,Diesel,145,72.4,1.6
 Astra,2019,14000.0,Manual,1,Diesel,145,72.4,1.6
 Astra,2013,4750.0,Manual,96985,Diesel,20,68.9,1.7
 Astra,2018,11000.0,Manual,15376,Petrol,145,52.3,1.4
 Astra,2019,16995.0,Manual,6,Diesel,145,62.8,1.6
 Astra,2018,11500.0,Manual,22647,Petrol,145,46.3,1.4
 Astra,2015,4990.0,Manual,61000,Petrol,145,48.7,1.4
 Astra,2016,6990.0,Manual,42000,Diesel,0,78.5,1.6
 Astra,2016,7490.0,Manual,37000,Petrol,125,51.4,1.4
 Astra,2016,6990.0,Manual,39000,Diesel,0,76.3,1.6
 Astra,2017,8850.0,Manual,48000,Diesel,0,83.1,1.6
 Astra,2016,8400.0,Manual,56000,Diesel,0,78.5,1.6
 Astra,2016,7550.0,Manual,70000,Diesel,0,78.5,1.6
 Astra,2016,6990.0,Manual,21000,Petrol,125,52.3,1.4
 Astra,2016,6990.0,Manual,47000,Diesel,0,85.6,1.6
 Astra,2016,7490.0,Manual,42000,Diesel,0,83.1,1.6
 Astra,2015,7900.0,Manual,30000,Petrol,160,47.1,1.4
 Astra,2012,4250.0,Manual,97000,Diesel,30,62.8,1.7
 Astra,2017,8490.0,Manual,35000,Petrol,145,51.4,1.4
 Astra,2016,7490.0,Manual,35000,Diesel,0,78.5,1.6
 Astra,2016,7490.0,Manual,46000,Diesel,0,83.1,1.6
 Astra,2019,18800.0,Manual,1000,Diesel,145,58.9,1.6
 Astra,2019,11500.0,Manual,16979,Petrol,150,52.3,1.4
 Astra,2017,11300.0,Manual,14217,Diesel,150,74.3,1.6
 Astra,2015,7300.0,Manual,34000,Petrol,205,43.5,1.6
 Astra,2016,9892.0,Manual,3419,Petrol,125,51.4,1.4
 Astra,2016,6490.0,Manual,38000,Petrol,125,52.3,1.4
 Astra,2015,11490.0,Manual,42000,Petrol,300,34.9,2.0
 Astra,2018,9999.0,Manual,14335,Petrol,145,51.4,1.4
 Astra,2016,7990.0,Automatic,47000,Diesel,30,62.8,1.6
 Astra,2016,8000.0,Manual,32879,Petrol,125,51.4,1.4
 Astra,2019,15000.0,Manual,3159,Diesel,145,58.9,1.6
 Astra,2018,11000.0,Manual,11600,Petrol,145,62.8,1.0
 Astra,2019,15250.0,Manual,500,Diesel,145,72.4,1.6
 Astra,2017,12000.0,Manual,14543,Diesel,145,72.4,1.6
 Astra,2016,9157.0,Manual,27001,Diesel,20,72.4,1.6
 Astra,2016,9345.0,Manual,12721,Petrol,125,51.4,1.4
 Astra,2016,7525.0,Manual,54713,Diesel,20,72.4,1.6
 Astra,2015,6622.0,Manual,45799,Diesel,30,62.8,2.0
 Astra,2016,7999.0,Manual,59531,Petrol,125,52.3,1.4
 Astra,2018,10099.0,Manual,14184,Petrol,145,62.8,1.0
 Astra,2008,1695.0,Manual,186500,Petrol,260,36.7,1.8
 Astra,2012,2995.0,Manual,100810,Petrol,125,51.4,1.4
 Astra,2017,10990.0,Manual,21687,Petrol,145,50.4,1.4
 Astra,2016,10499.0,Manual,10342,Petrol,125,51.4,1.4
 Astra,2016,9395.0,Manual,33365,Diesel,20,68.9,1.6
 Astra,2016,11199.0,Automatic,11899,Petrol,125,51.4,1.4
 Astra,2016,8999.0,Manual,25410,Diesel,0,76.3,1.6
 Astra,2014,5800.0,Automatic,53146,Diesel,200,48.7,2.0
 Astra,2018,9659.0,Manual,20689,Diesel,145,78.5,1.6
 Astra,2014,9340.0,Manual,29002,Diesel,125,57.7,2.0
 Astra,2016,7240.0,Automatic,46528,Diesel,160,49.6,2.0
 Astra,2017,7940.0,Manual,49699,Petrol,125,51.4,1.4
 Astra,2017,11995.0,Manual,2624,Petrol,150,50.4,1.4
 Astra,2012,4740.0,Manual,67572,Diesel,30,62.8,1.7
 Astra,2017,7390.0,Manual,72536,Diesel,0,83.1,1.6
 Astra,2016,8521.0,Manual,10000,Petrol,125,52.3,1.4
 Astra,2016,8350.0,Manual,37486,Diesel,0,76.3,1.6
 Astra,2019,14989.0,Manual,5944,Diesel,145,58.9,1.6
 Astra,2016,7050.0,Manual,52636,Diesel,0,78.5,1.6
 Astra,2015,8140.0,Manual,16052,Diesel,125,60.1,2.0
 Astra,2013,7526.0,Automatic,4046,Petrol,235,39.8,1.6
 Astra,2016,8882.0,Manual,30335,Petrol,20,64.2,1.0
 Astra,2019,13989.0,Manual,674,Diesel,145,72.4,1.6
 Astra,2019,14790.0,Manual,2986,Diesel,145,72.4,1.6
 Astra,2019,14989.0,Manual,4411,Diesel,145,58.9,1.6
 Astra,2019,10999.0,Manual,20464,Petrol,145,52.3,1.4
 Astra,2015,7599.0,Manual,33566,Diesel,0,78.5,1.6
 Astra,2016,7690.0,Manual,29584,Petrol,0,65.7,1.0
 Astra,2012,3798.0,Manual,84551,Petrol,160,44.8,1.6
 Astra,2015,7799.0,Manual,28604,Diesel,30,62.8,2.0
 Astra,2017,9750.0,Manual,38793,Petrol,145,51.4,1.4
 Astra,2019,12999.0,Manual,18478,Petrol,145,45.6,1.6
 Astra,2016,8990.0,Manual,29468,Diesel,20,72.4,1.6
 Astra,2012,4980.0,Manual,53088,Petrol,160,44.1,1.6
 Astra,2018,12590.0,Manual,13048,Petrol,145,51.4,1.4
 Astra,2018,12489.0,Manual,15960,Petrol,145,51.4,1.4
 Astra,2019,11889.0,Manual,18912,Petrol,145,51.4,1.4
 Astra,2016,9388.0,Manual,27157,Diesel,20,72.4,1.6
 Astra,2016,8668.0,Manual,18000,Petrol,165,46.3,1.4
 Astra,2017,10990.0,Manual,11981,Diesel,0,76.3,1.6
 Astra,2018,12990.0,Automatic,16233,Petrol,145,50.4,1.4
 Astra,2016,9960.0,Automatic,24160,Diesel,125,61.4,1.6
 Astra,2012,4995.0,Manual,56414,Diesel,20,65.7,1.7
 Astra,2017,10945.0,Automatic,22046,Petrol,125,51.4,1.4
 Astra,2019,11495.0,Manual,19617,Petrol,150,46.3,1.4
 Astra,2017,9700.0,Manual,40008,Petrol,145,51.4,1.4
 Astra,2016,8995.0,Manual,39000,Diesel,20,72.4,1.6
 Astra,2016,10199.0,Automatic,12874,Petrol,125,50.4,1.4
 Astra,2017,10836.0,Manual,18889,Petrol,145,51.4,1.4
 Astra,2017,9888.0,Manual,38160,Diesel,20,68.9,1.6
 Astra,2019,14994.0,Manual,6432,Petrol,145,58.9,1.4
 Astra,2016,8499.0,Manual,26681,Petrol,125,52.3,1.4
 Astra,2019,15495.0,Manual,8,Diesel,145,72.4,1.6
 Astra,2019,14994.0,Manual,1000,Diesel,145,58.9,1.6
 Astra,2018,9970.0,Manual,38000,Petrol,150,51.4,1.4
 Astra,2016,8290.0,Manual,49328,Diesel,0,76.3,1.6
 Astra,2016,5292.0,Manual,126000,Diesel,0,83.1,1.6
 Astra,2016,6995.0,Manual,66745,Diesel,0,76.3,1.6
 Astra,2019,10948.0,Manual,13184,Petrol,150,47.9,1.4
 Astra,2007,2495.0,Automatic,90254,Petrol,305,36.2,1.8
 Astra,2018,10500.0,Manual,15055,Petrol,145,62.8,1.0
 Astra,2017,8985.0,Manual,55765,Diesel,145,76.3,1.6
 Astra,2017,8988.0,Manual,49973,Diesel,20,68.9,1.6
 Astra,2012,4995.0,Manual,47591,Petrol,160,44.1,1.6
 Astra,2010,1995.0,Manual,147874,Petrol,155,44.8,1.6
 Astra,2015,4894.0,Manual,114000,Diesel,30,67.3,1.6
 Astra,2015,4794.0,Manual,114000,Diesel,30,67.3,1.6
 Astra,2014,4192.0,Manual,112000,Diesel,0,76.3,1.6
 Astra,2015,12399.0,Manual,46719,Petrol,300,34.9,2.0
 Astra,2016,8749.0,Manual,67289,Diesel,0,74.3,1.6
 Astra,2018,9948.0,Manual,12846,Petrol,150,64.2,1.0
 Astra,2018,9948.0,Manual,17005,Petrol,150,52.3,1.4
 Astra,2015,7399.0,Manual,41585,Petrol,125,51.4,1.4
 Astra,2016,5493.0,Manual,126000,Diesel,0,83.1,1.6
 Astra,2016,7857.0,Manual,55321,Petrol,125,51.4,1.4
 Astra,2017,10308.0,Manual,36253,Diesel,150,72.4,1.6
 Astra,2014,5899.0,Manual,47153,Petrol,125,51.4,1.4
 Astra,2016,7999.0,Manual,40239,Diesel,0,78.5,1.6
 Astra,2017,7663.0,Manual,49930,Petrol,145,52.3,1.4
 Astra,2016,8440.0,Manual,27000,Diesel,0,78.5,1.6
 Astra,2016,7250.0,Manual,63240,Diesel,0,78.5,1.6
 Astra,2017,10197.0,Manual,25937,Diesel,145,76.3,1.6
 Astra,2014,5795.0,Manual,54609,Petrol,160,44.8,1.6
 Astra,2016,5999.0,Manual,71313,Diesel,0,85.6,1.6
 Astra,2014,6699.0,Manual,52581,Diesel,30,62.8,2.0
 Astra,2016,6899.0,Manual,66267,Diesel,0,78.5,1.6
 Astra,2018,12911.0,Automatic,7169,Petrol,145,51.4,1.4
 Astra,2017,8499.0,Manual,21678,Diesel,0,85.6,1.6
 Astra,2019,14448.0,Manual,1023,Diesel,145,58.9,1.6
 Astra,2019,15448.0,Manual,3122,Diesel,145,58.9,1.6
 Astra,2019,15948.0,Manual,2254,Diesel,145,58.9,1.6
 Astra,2017,10999.0,Manual,22412,Petrol,145,50.4,1.4
 Astra,2018,12799.0,Manual,19592,Diesel,145,72.4,1.6
 Astra,2015,7922.0,Manual,18927,Petrol,200,43.5,1.6
 Astra,2012,4732.0,Manual,67103,Diesel,125,61.4,2.0
 Astra,2016,7995.0,Manual,34147,Petrol,20,64.2,1.0
 Astra,2016,8995.0,Manual,52721,Diesel,20,72.4,1.6
 Astra,2016,8699.0,Manual,19702,Petrol,125,52.3,1.4
 Astra,2019,14495.0,Manual,5275,Diesel,145,58.9,1.6
 Astra,2019,14694.0,Manual,5468,Diesel,145,58.9,1.6
 Astra,2012,4468.0,Manual,71926,Petrol,145,47.9,1.4
 Astra,2018,10494.0,Manual,12921,Petrol,145,52.3,1.4
 Astra,2017,10694.0,Manual,30691,Diesel,145,72.4,1.6
 Astra,2017,8913.0,Manual,46323,Diesel,20,72.4,1.6
 Astra,2014,7388.0,Manual,31272,Diesel,125,58.9,2.0
 Astra,2014,7500.0,Manual,18380,Petrol,235,39.2,1.6
 Astra,2018,10099.0,Manual,13198,Petrol,145,62.8,1.0
 Astra,2016,8695.0,Manual,46281,Diesel,0,76.3,1.6
 Astra,2015,7499.0,Manual,43674,Petrol,20,64.2,1.0
 Astra,2014,7908.0,Manual,46124,Petrol,160,47.1,1.4
 Astra,2016,10262.0,Manual,30079,Petrol,160,46.3,1.6
 Astra,2017,10242.0,Manual,15162,Petrol,145,51.4,1.4
 Astra,2018,10999.0,Manual,1734,Petrol,145,62.8,1.0
 Astra,2016,10406.0,Automatic,19959,Petrol,125,51.4,1.4
 Astra,2016,7999.0,Manual,43983,Petrol,160,47.1,1.4
 Astra,2015,7799.0,Manual,27000,Petrol,205,42.8,1.6
 Astra,2011,3399.0,Manual,58000,Petrol,160,45.6,1.6
 Astra,2011,4799.0,Manual,86122,Diesel,125,58.9,2.0
 Astra,2017,9995.0,Manual,8500,Petrol,145,51.4,1.4
 Astra,2008,1495.0,Manual,121000,Petrol,235,38.7,1.8
 Astra,2016,10250.0,Manual,12130,Petrol,125,51.4,1.4
 Astra,2019,14999.0,Manual,19,Diesel,150,58.9,1.6
 Astra,2016,7623.0,Manual,31000,Petrol,0,65.7,1.0
 Astra,2016,7199.0,Manual,55408,Diesel,20,72.4,1.6
 Astra,2016,7195.0,Manual,87960,Diesel,0,83.1,1.6
 Astra,2016,7500.0,Manual,56880,Diesel,0,76.3,1.6
 Astra,2015,6000.0,Manual,44772,Diesel,20,72.4,1.6
 Astra,2019,12600.0,Manual,22613,Petrol,150,46.3,1.4
 Astra,2017,11200.0,Manual,22795,Petrol,150,51.4,1.4
 Astra,2019,14000.0,Manual,9966,Petrol,150,51.4,1.4
 Astra,2017,10200.0,Manual,36566,Petrol,150,47.1,0.0
 Astra,2017,9700.0,Manual,16330,Petrol,150,62.8,1.0
 Astra,2017,11000.0,Manual,17944,Diesel,145,72.4,1.6
 Astra,2018,13000.0,Manual,20802,Petrol,145,45.6,1.6
 Astra,2017,10400.0,Manual,35394,Diesel,0,76.3,1.6
 Astra,2015,7500.0,Manual,43882,Diesel,125,60.1,2.0
 Astra,2015,8000.0,Automatic,32490,Diesel,160,50.4,2.0
 Astra,2017,12000.0,Automatic,10872,Diesel,30,62.8,1.6
 Astra,2018,10400.0,Manual,31633,Petrol,145,62.8,1.0
 Astra,2017,10000.0,Manual,32010,Petrol,145,51.4,1.4
 Astra,2016,10000.0,Automatic,41077,Diesel,125,61.4,1.6
 Astra,2014,5299.0,Manual,47904,Petrol,125,51.4,1.4
 Astra,2017,10499.0,Manual,35070,Diesel,150,65.7,1.6
 Astra,2017,10400.0,Manual,25171,Petrol,145,51.4,1.4
 Astra,2019,14999.0,Manual,33,Diesel,145,72.4,1.6
 Astra,2016,7500.0,Manual,30000,Petrol,125,52.3,1.4
 Astra,2017,9200.0,Manual,15000,Petrol,145,64.2,1.0
 Astra,2015,7000.0,Manual,54585,Diesel,0,78.5,1.6
 Astra,2016,10500.0,Automatic,30816,Diesel,125,61.4,1.6
 Astra,2017,10200.0,Automatic,17619,Diesel,30,62.8,1.6
 Astra,2017,11700.0,Automatic,17013,Petrol,145,51.4,1.4
 Astra,2012,4700.0,Automatic,74000,Diesel,200,48.7,2.0
 Astra,2015,7100.0,Manual,36177,Diesel,125,60.1,2.0
 Astra,2017,10700.0,Automatic,24468,Petrol,125,50.4,1.4
 Astra,2016,9700.0,Automatic,35000,Diesel,30,62.8,1.6
 Astra,2016,8700.0,Manual,21268,Diesel,0,76.3,1.6
 Astra,2016,8200.0,Manual,42210,Petrol,125,52.3,1.4
 Astra,2016,8000.0,Manual,26854,Diesel,30,67.3,1.6
 Astra,2016,9550.0,Manual,33460,Diesel,20,72.4,1.6
 Astra,2019,14800.0,Automatic,8495,Petrol,150,51.4,1.4
 Astra,2017,11500.0,Automatic,12849,Petrol,125,50.4,1.4
 Astra,2014,8800.0,Manual,41348,Diesel,125,57.7,2.0
 Astra,2019,18799.0,Manual,7000,Petrol,145,45.6,1.6
 Astra,2019,13800.0,Manual,6701,Petrol,145,45.6,1.4
 Astra,2017,11300.0,Manual,29735,Diesel,150,72.4,1.6
 Astra,2017,10389.0,Manual,15795,Petrol,145,51.4,1.4
 Astra,2018,12000.0,Manual,6214,Petrol,150,47.1,0.0
 Astra,2017,10700.0,Manual,21814,Diesel,20,68.9,0.0
 Astra,2017,10500.0,Automatic,30603,Diesel,150,62.8,1.6
 Astra,2018,12600.0,Manual,24566,Petrol,145,45.6,1.6
 Astra,2017,9300.0,Manual,47028,Diesel,150,83.1,1.6
 Astra,2017,10200.0,Manual,21595,Petrol,145,51.4,0.0
 Astra,2017,11000.0,Manual,14878,Petrol,145,51.4,0.0
 Astra,2019,13500.0,Automatic,3078,Petrol,145,48.7,1.4
 Astra,2017,11500.0,Manual,15977,Diesel,20,72.4,1.6
 Astra,2014,12800.0,Manual,27766,Petrol,300,34.9,2.0
 Astra,2018,11800.0,Manual,27063,Petrol,145,51.4,1.4
 Astra,2019,13700.0,Automatic,3978,Petrol,145,51.4,1.4
 Astra,2017,10500.0,Manual,21342,Petrol,125,51.4,1.4
 Astra,2017,17400.0,Manual,9674,Petrol,145,36.2,2.0
 Astra,2016,10800.0,Manual,22783,Petrol,125,51.4,1.4
 Astra,2017,10800.0,Manual,30312,Petrol,125,51.4,1.4
 Astra,2015,9000.0,Manual,30178,Diesel,0,76.3,1.6
 Astra,2019,14500.0,Manual,6549,Petrol,150,47.9,1.4
 Astra,2017,10900.0,Manual,33566,Petrol,125,50.4,1.4
 Astra,2016,9500.0,Manual,31186,Petrol,125,51.4,1.4
 Astra,2015,9000.0,Manual,25510,Petrol,125,51.4,1.4
 Astra,2018,12600.0,Manual,24340,Petrol,145,45.6,1.6
 Astra,2017,10500.0,Manual,42197,Petrol,145,47.1,0.0
 Astra,2017,11600.0,Automatic,25358,Petrol,125,50.4,1.4
 Astra,2019,12600.0,Manual,16157,Petrol,150,47.1,1.4
 Astra,2017,10100.0,Manual,15675,Petrol,125,51.4,1.4
 Astra,2017,9900.0,Manual,19322,Diesel,145,78.5,1.6
 Astra,2018,12700.0,Manual,23115,Petrol,145,45.6,1.6
 Astra,2018,11400.0,Automatic,20871,Petrol,145,52.3,1.4
 Astra,2017,11700.0,Manual,18405,Diesel,150,72.4,1.6
 Astra,2015,9500.0,Manual,27877,Petrol,160,44.8,0.0
 Astra,2017,8800.0,Manual,47792,Petrol,125,51.4,1.4
 Astra,2016,8500.0,Manual,24088,Diesel,0,85.6,1.6
 Astra,2017,11200.0,Manual,25584,Diesel,145,76.3,1.6
 Astra,2019,14500.0,Manual,8049,Petrol,150,51.4,1.4
 Astra,2019,15500.0,Manual,3428,Petrol,150,47.9,1.4
 Astra,2016,10200.0,Manual,26962,Petrol,125,51.4,1.4
 Astra,2017,10900.0,Manual,18317,Petrol,145,51.4,0.0
 Astra,2016,10000.0,Manual,35216,Diesel,20,68.9,1.6
 Astra,2018,12800.0,Manual,21702,Petrol,145,45.6,1.6
 Astra,2017,10800.0,Manual,19025,Petrol,125,50.4,1.4
 Astra,2019,14500.0,Manual,15,Diesel,150,58.9,1.6
 Astra,2017,11000.0,Manual,22181,Diesel,150,68.9,1.6
 Astra,2016,8800.0,Manual,30223,Diesel,0,76.3,1.6
 Astra,2017,10700.0,Manual,28472,Petrol,125,50.4,1.4
 Astra,2016,9000.0,Manual,41022,Petrol,20,64.2,1.0
 Astra,2018,12700.0,Manual,22300,Petrol,145,45.6,1.6
 Astra,2019,12800.0,Manual,9143,Petrol,145,51.4,1.4
 Astra,2017,12000.0,Automatic,11770,Diesel,125,61.4,1.6
 Astra,2017,11000.0,Manual,23117,Petrol,145,49.6,1.4
 Astra,2015,6800.0,Manual,44778,Petrol,145,48.7,1.4
 Astra,2019,14300.0,Manual,4421,Petrol,145,47.9,1.4
 Astra,2017,11500.0,Automatic,23278,Petrol,150,51.4,1.4
 Astra,2017,11400.0,Automatic,20671,Diesel,30,62.8,1.6
 Astra,2019,12400.0,Manual,8591,Petrol,145,46.3,1.4
 Astra,2017,9000.0,Manual,33135,Petrol,145,51.4,1.4
 Astra,2017,11000.0,Manual,36075,Diesel,145,76.3,0.0
 Astra,2019,14000.0,Manual,10800,Petrol,145,47.9,1.4
 Astra,2017,11000.0,Manual,26326,Diesel,20,72.4,1.6
 Astra,2016,8800.0,Manual,54970,Diesel,20,72.4,1.6
 Astra,2017,10500.0,Manual,9503,Petrol,125,51.4,0.0
 Astra,2018,10400.0,Manual,17353,Petrol,145,62.8,1.0
 Astra,2018,11800.0,Automatic,24792,Petrol,145,50.4,1.4
 Astra,2016,9500.0,Manual,33692,Petrol,125,51.4,1.4
 Astra,2017,10600.0,Automatic,28890,Diesel,125,61.4,1.6
 Astra,2016,9000.0,Manual,39981,Diesel,0,78.5,1.6
 Astra,2016,10400.0,Manual,7626,Diesel,20,72.4,1.6
 Astra,2017,9999.0,Manual,47000,Petrol,145,51.4,1.4
 Astra,2017,9799.0,Manual,35465,Petrol,145,51.4,1.4
 Astra,2016,9500.0,Manual,33613,Petrol,125,51.4,0.0
 Astra,2017,11000.0,Manual,18396,Diesel,0,80.7,1.6
 Astra,2018,15499.0,Manual,13346,Diesel,145,62.8,1.6
 Astra,2017,11799.0,Automatic,14968,Petrol,145,51.4,1.4
 Astra,2016,10500.0,Automatic,19684,Petrol,125,50.4,1.4
 Astra,2016,11400.0,Automatic,13176,Petrol,125,50.4,1.4
 Astra,2017,10400.0,Manual,28875,Diesel,20,72.4,1.6
 Astra,2016,7475.0,Manual,50932,Diesel,0,85.6,1.6
 Astra,2019,13000.0,Manual,6952,Petrol,145,46.3,1.4
 Astra,2017,10900.0,Manual,19428,Petrol,145,51.4,1.4
 Astra,2017,10800.0,Manual,31267,Diesel,145,76.3,1.6
 Astra,2015,7795.0,Manual,48212,Petrol,205,43.5,1.6
 Astra,2009,2350.0,Manual,66926,Petrol,205,43.5,1.6
 Astra,2018,11499.0,Manual,22079,Petrol,145,50.4,1.4
 Astra,2017,11000.0,Manual,17494,Petrol,145,51.4,1.4
 Astra,2017,11700.0,Manual,19582,Petrol,145,50.4,1.4
 Astra,2017,10495.0,Manual,15823,Petrol,145,51.4,1.4
 Astra,2018,9995.0,Manual,24531,Petrol,145,50.4,1.4
 Astra,2018,11850.0,Manual,9827,Petrol,145,51.4,1.4
 Astra,2016,8295.0,Manual,45750,Diesel,0,83.1,1.6
 Astra,2016,8989.0,Manual,31845,Petrol,0,65.7,1.0
 Astra,2017,11000.0,Manual,14920,Petrol,145,51.4,1.4
 Astra,2016,9250.0,Automatic,14500,Petrol,235,38.2,1.6
 Astra,2016,8995.0,Manual,64439,Diesel,20,72.4,1.6
 Astra,2016,11495.0,Manual,23148,Diesel,20,72.4,1.6
 Astra,2016,8699.0,Manual,14714,Petrol,125,51.4,1.4
 Astra,2016,11000.0,Manual,67040,Diesel,0,76.3,1.6
 Astra,2016,7000.0,Manual,63970,Diesel,0,78.5,1.6
 Astra,2017,9295.0,Manual,16820,Petrol,125,51.4,1.4
 Astra,2017,9995.0,Manual,8500,Petrol,145,50.4,1.4
 Astra,2017,8995.0,Manual,22269,Petrol,125,51.4,1.4
 Astra,2018,14000.0,Manual,12347,Petrol,150,45.6,1.6
 Astra,2016,8295.0,Manual,39804,Petrol,125,51.4,1.4
 Astra,2016,5999.0,Automatic,87000,Petrol,235,38.2,1.6
 Astra,2017,8399.0,Manual,44000,Diesel,0,83.1,1.6
 Astra,2013,3599.0,Manual,95000,Diesel,0,76.3,1.7
 Astra,2020,16000.0,Manual,10,Petrol,145,54.3,1.2
 Astra,2016,7999.0,Manual,32619,Diesel,0,78.5,1.6
 Astra,2016,8499.0,Manual,35036,Diesel,20,72.4,1.6
 Astra,2015,9000.0,Manual,38290,Diesel,0,76.3,1.6
 Astra,2012,5499.0,Manual,34003,Petrol,125,51.4,1.4
 Astra,2017,11199.0,Manual,16895,Petrol,125,51.4,1.4
 Astra,2020,16500.0,Manual,10,Petrol,145,54.3,1.2
 Astra,2018,11000.0,Manual,16201,Petrol,145,51.4,1.4
 Astra,2016,8995.0,Automatic,45947,Petrol,125,51.4,1.4
 Astra,2015,6899.0,Manual,48494,Petrol,200,43.5,1.6
 Astra,2018,11699.0,Manual,12201,Petrol,145,45.6,1.6
 Astra,2014,5899.0,Manual,50100,Diesel,30,62.8,2.0
 Astra,2016,6449.0,Manual,83191,Diesel,0,78.5,1.6
 Astra,2014,6660.0,Manual,38647,Petrol,160,44.8,1.6
 Astra,2014,6994.0,Manual,48492,Petrol,160,47.1,1.4
 Astra,2018,8250.0,Manual,29231,Diesel,145,76.3,1.6
 Astra,2016,8899.0,Manual,48037,Petrol,125,51.4,1.4
 Astra,2012,4999.0,Manual,52290,Petrol,125,51.4,1.4
 Astra,2016,9499.0,Manual,26737,Diesel,20,72.4,1.6
 Astra,2017,7500.0,Manual,73164,Diesel,0,83.1,1.6
 Astra,2016,9750.0,Manual,17787,Petrol,125,51.4,1.4
 Astra,2016,7250.0,Manual,49952,Diesel,0,85.6,1.6
 Astra,2016,8450.0,Manual,18808,Petrol,125,51.4,1.4
 Astra,2017,8795.0,Manual,34586,Petrol,145,51.4,1.4
 Astra,2016,8048.0,Manual,38956,Diesel,0,78.5,1.6
 Astra,2014,6999.0,Automatic,20128,Petrol,240,39.8,1.6
 Astra,2019,15999.0,Manual,1254,Diesel,145,72.4,1.6
 Astra,2018,10799.0,Manual,16726,Petrol,150,62.8,1.0
 Astra,2016,10000.0,Automatic,20000,Petrol,125,50.4,1.4
 Astra,2016,10499.0,Automatic,46104,Diesel,125,61.4,1.6
 Astra,2019,13000.0,Manual,12892,Diesel,145,78.5,1.6
 Astra,2019,12999.0,Manual,23785,Petrol,150,45.6,1.6
 Astra,2017,11799.0,Manual,9838,Petrol,125,51.4,1.4
 Astra,2013,5991.0,Manual,49277,Petrol,235,39.2,1.6
 Astra,2016,8799.0,Manual,54000,Diesel,20,72.4,1.6
 Astra,2017,8499.0,Manual,45265,Diesel,145,76.3,1.6
 Astra,2015,6995.0,Manual,51031,Diesel,125,62.8,2.0
 Astra,2019,16999.0,Automatic,2671,Petrol,145,51.4,1.4
 Astra,2017,9249.0,Manual,46023,Diesel,0,83.1,1.6
 Astra,2017,9999.0,Manual,32176,Diesel,20,72.4,1.6
 Astra,2010,5499.0,Automatic,36544,Petrol,240,39.8,1.6
 Astra,2016,9000.0,Manual,32709,Diesel,20,72.4,1.6
 Astra,2018,10599.0,Manual,15212,Petrol,145,51.4,1.4
 Astra,2018,12699.0,Manual,16398,Diesel,145,72.4,1.6
 Astra,2017,9999.0,Manual,32000,Petrol,150,51.4,1.4
 Astra,2015,5991.0,Manual,77237,Diesel,0,76.3,1.6
 Astra,2015,6950.0,Manual,49916,Diesel,0,78.5,1.6
 Astra,2019,16999.0,Manual,8000,Diesel,145,85.6,1.6
 Astra,2016,8450.0,Manual,24087,Petrol,125,51.4,1.4
 Astra,2016,8250.0,Manual,51221,Petrol,125,51.4,1.4
 Astra,2019,15999.0,Manual,5100,Diesel,145,58.9,1.6
 Astra,2010,2250.0,Manual,111700,Petrol,160,46.3,1.4
 Astra,2016,9000.0,Manual,22310,Diesel,0,83.1,1.6
 Astra,2009,2150.0,Automatic,104000,Petrol,300,36.2,1.8
 Astra,2010,4250.0,Manual,82210,Petrol,150,44.8,1.6
 Astra,2016,10000.0,Manual,23126,Petrol,125,51.4,1.4
 Astra,2013,5499.0,Automatic,51891,Petrol,235,39.8,1.6
 Astra,2015,6295.0,Manual,46770,Petrol,205,43.5,1.6
 Astra,2009,2750.0,Manual,92716,Petrol,160,46.3,1.4
 Astra,2014,5295.0,Manual,69000,Petrol,205,41.5,1.6
 Astra,2017,10499.0,Automatic,20876,Petrol,145,51.4,1.4
 Astra,2016,8295.0,Manual,19516,Petrol,0,65.7,1.0
 Astra,2016,8195.0,Manual,64260,Diesel,20,72.4,1.6
 Astra,2016,10000.0,Automatic,35590,Diesel,30,65.7,1.6
 Astra,2016,6000.0,Manual,93120,Diesel,0,85.6,1.6
 Astra,2010,2195.0,Manual,140000,Petrol,235,37.7,1.8
 Astra,2007,2295.0,Manual,57000,Petrol,165,44.8,1.4
 Astra,1997,950.0,Manual,89233,Petrol,265,35.8,1.6
 Astra,2016,6295.0,Manual,92690,Diesel,0,83.1,1.6
 Astra,2018,9499.0,Manual,17257,Petrol,145,64.2,1.0
 Astra,2017,10999.0,Manual,16758,Petrol,125,51.4,1.4
 Astra,2015,7899.0,Manual,43035,Diesel,0,76.3,1.6
 Astra,2014,5995.0,Manual,83604,Diesel,30,65.7,1.7
 Astra,2016,8506.0,Manual,31650,Petrol,125,51.4,1.4
 Astra,2011,2750.0,Manual,111441,Diesel,30,62.8,2.0
 Astra,2008,2250.0,Manual,99000,Diesel,160,48.7,1.9
 Astra,2019,12999.0,Manual,15873,Petrol,145,51.4,1.4
 Astra,2019,13999.0,Manual,12533,Petrol,145,51.4,1.4
 Astra,2014,5999.0,Manual,31440,Petrol,125,51.4,1.4
 Astra,2016,6399.0,Manual,69960,Diesel,0,78.5,1.6
 Astra,2012,11000.0,Manual,34867,Petrol,300,34.9,2.0
 Astra,2017,9999.0,Manual,48939,Petrol,125,51.4,1.4
 Astra,2010,3995.0,Manual,55000,Petrol,145,47.9,1.4
 Astra,2011,4495.0,Automatic,75546,Diesel,200,48.7,2.0
 Astra,2013,4795.0,Manual,68653,Diesel,125,60.1,2.0
 Astra,2016,6499.0,Manual,78772,Diesel,0,78.5,1.6
 Astra,2012,5995.0,Automatic,27000,Petrol,235,39.8,1.6
 Astra,2014,6495.0,Manual,46000,Petrol,145,48.7,1.4
 Astra,2014,5995.0,Manual,49000,Petrol,125,51.4,1.4
 Astra,2012,3999.0,Manual,74834,Petrol,145,47.9,1.4
 Astra,2010,4995.0,Automatic,51000,Petrol,240,39.8,1.6
 Astra,2015,5995.0,Automatic,43000,Petrol,240,39.8,1.6
 Astra,2012,2595.0,Manual,149000,Diesel,30,62.8,1.7
 Astra,2017,11999.0,Automatic,16502,Petrol,145,51.4,1.4
 Astra,2012,5999.0,Manual,58030,Petrol,165,44.1,1.6
 Astra,2010,5999.0,Automatic,21878,Petrol,240,39.8,1.6
 Astra,2016,10299.0,Automatic,15469,Diesel,30,62.8,1.6
 Astra,2007,2999.0,Automatic,98865,Petrol,300,36.2,1.6
 Astra,2008,3499.0,Manual,74205,Petrol,200,43.5,1.6
 Astra,2014,6999.0,Manual,19493,Petrol,125,51.4,1.4
 Astra,2010,3499.0,Manual,133547,Diesel,125,57.6,2.0
 Astra,2015,6999.0,Manual,40779,Petrol,200,43.5,1.6
 Astra,2016,7395.0,Manual,61400,Petrol,20,64.2,1.0
 Astra,2011,2995.0,Manual,116000,Petrol,160,44.8,1.6
 Astra,2016,8899.0,Manual,28788,Diesel,0,78.5,1.6
 Astra,2016,10869.0,Manual,17676,Diesel,20,72.4,1.6
 Astra,2010,5000.0,Manual,102500,Petrol,325,30.7,2.0
 Astra,2016,9999.0,Automatic,38400,Diesel,125,61.4,1.6
 Astra,2016,6599.0,Manual,66027,Diesel,0,78.5,1.6
 Astra,2016,9299.0,Manual,23296,Diesel,20,72.4,1.6
 Astra,2014,5299.0,Automatic,76332,Diesel,160,50.4,2.0
 Astra,2016,9999.0,Automatic,41661,Diesel,125,61.4,1.6
 Astra,2015,6499.0,Manual,35649,Petrol,145,48.7,1.4
 Astra,2016,9669.0,Manual,40144,Petrol,125,51.4,1.4
 Astra,2016,9149.0,Manual,17933,Petrol,20,64.2,1.0
 Astra,2016,8799.0,Manual,32554,Diesel,0,83.1,1.6
 Astra,2014,5495.0,Manual,48000,Petrol,125,51.4,1.4
 Astra,2016,7999.0,Manual,50941,Diesel,0,78.5,1.6
 Astra,2017,10799.0,Manual,16331,Petrol,145,51.4,1.4
 Astra,2016,9399.0,Manual,22916,Petrol,20,64.2,1.0
 Astra,2017,10999.0,Manual,21337,Petrol,145,51.4,1.4
 Astra,2015,6499.0,Manual,53686,Diesel,0,76.3,1.6
 Astra,2014,5999.0,Manual,63682,Diesel,30,62.8,2.0
 Astra,2016,8695.0,Manual,35000,Diesel,20,74.3,1.6
 Astra,2004,1595.0,Semi-Auto,31404,Petrol,200,42.8,1.6
 Astra,2014,5995.0,Automatic,49000,Petrol,240,39.2,1.6
 Astra,2017,9995.0,Automatic,31000,Petrol,125,50.4,1.4
 Astra,2017,7500.0,Manual,65000,Diesel,145,83.1,1.6
 Astra,2011,4799.0,Manual,51326,Diesel,30,62.8,2.0
 Astra,2016,8999.0,Manual,11563,Petrol,125,51.4,1.4
 Astra,2001,450.0,Manual,159000,Petrol,235,40.4,1.6
 Astra,2017,10199.0,Manual,12230,Petrol,145,51.4,1.4
 Astra,2007,2500.0,Automatic,70767,Petrol,305,36.2,1.8
 Astra,2016,8399.0,Automatic,48741,Diesel,125,61.4,1.6
 Astra,2016,7999.0,Manual,26719,Diesel,0,83.1,1.6
 Astra,2016,7399.0,Manual,52996,Diesel,0,83.1,1.6
 Astra,2018,10799.0,Manual,6458,Petrol,145,62.8,1.0
 Astra,2017,8889.0,Manual,37929,Diesel,0,85.6,1.6
 Astra,2017,8999.0,Manual,41627,Petrol,145,62.8,1.0
 Astra,2016,7499.0,Manual,39770,Diesel,0,85.6,1.6
 Astra,2015,6999.0,Manual,39046,Diesel,125,62.8,2.0
 Astra,2006,1700.0,Automatic,70000,Petrol,305,34.4,1.8
 Astra,2016,8919.0,Manual,35320,Petrol,125,51.4,1.4
 Astra,2016,8499.0,Manual,44162,Petrol,125,51.4,1.4
 Astra,2019,12000.0,Manual,19527,Petrol,145,51.4,1.4
 Astra,2016,6599.0,Manual,43342,Petrol,200,43.5,1.6
 Astra,2015,8999.0,Automatic,20039,Diesel,160,50.4,2.0
 Astra,2016,7699.0,Manual,74495,Diesel,20,72.4,1.6
 Astra,2014,5399.0,Manual,42652,Diesel,20,72.4,1.2
 Astra,2013,5279.0,Manual,52901,Petrol,145,47.9,1.4
 Astra,2015,7795.0,Automatic,37000,Petrol,240,38.7,1.6
 Astra,2016,8799.0,Manual,33955,Petrol,125,51.4,1.4
 Astra,2017,11969.0,Manual,12131,Diesel,145,76.3,1.6
 Astra,2019,17799.0,Manual,6421,Petrol,145,51.4,1.4
 Astra,2017,9999.0,Manual,27005,Petrol,125,51.4,1.4
 Astra,2017,8995.0,Manual,46000,Diesel,145,72.4,1.6
 Astra,2017,9495.0,Manual,39000,Diesel,145,74.3,1.6
 Astra,2017,10790.0,Manual,34000,Diesel,145,72.4,1.6
 Astra,2016,8490.0,Manual,40000,Petrol,125,51.4,1.4
 Astra,2017,10195.0,Manual,16000,Petrol,125,51.4,1.4
 Astra,2016,9295.0,Manual,35000,Petrol,125,51.4,1.4
 Astra,2014,6795.0,Manual,41000,Diesel,125,58.9,2.0
 Astra,2011,3495.0,Manual,85000,Diesel,20,68.9,1.2
 Astra,2010,3250.0,Manual,74321,Petrol,160,44.8,1.6
 Astra,2019,10995.0,Manual,19179,Petrol,150,47.1,1.4
 Astra,2016,8250.0,Manual,34781,Petrol,20,64.2,1.0
 Astra,2019,11795.0,Manual,18792,Petrol,150,48.7,1.0
 Astra,2019,11795.0,Manual,17807,Petrol,150,48.7,1.0
 Astra,2014,6925.0,Automatic,36000,Petrol,230,39.8,1.6
 Astra,2019,14999.0,Manual,4266,Petrol,145,45.6,1.4
 Astra,2017,10495.0,Automatic,29867,Petrol,125,51.4,1.4
 Astra,2018,10950.0,Automatic,8319,Petrol,145,51.4,1.4
 Astra,2018,9499.0,Manual,19785,Petrol,145,64.2,1.0
 Astra,2018,9999.0,Manual,16835,Petrol,145,52.3,1.4
 Astra,2019,13794.0,Manual,8963,Diesel,145,72.4,1.6
 Astra,2013,5995.0,Manual,36281,Petrol,160,44.1,1.6
 Astra,2015,5295.0,Manual,80000,Petrol,145,48.7,1.4
 Astra,2019,14999.0,Manual,5196,Petrol,145,47.9,1.4
 Astra,2013,4999.0,Manual,56536,Petrol,125,51.4,1.4
 Astra,2014,5995.0,Manual,52000,Petrol,125,51.4,1.4
 Astra,2013,5995.0,Automatic,59000,Diesel,200,48.7,2.0
 Astra,2015,6995.0,Manual,71066,Diesel,0,78.5,1.6
 Astra,2019,14990.0,Manual,3400,Petrol,150,45.6,1.4
 Astra,2017,11700.0,Automatic,15861,Petrol,125,51.4,1.4
 Astra,2010,3795.0,Manual,66802,Petrol,160,44.8,1.6
 Astra,2010,3295.0,Manual,60750,Petrol,260,36.7,1.8
 Astra,2018,11490.0,Manual,33666,Petrol,145,45.6,1.6
 Astra,2017,10490.0,Automatic,24641,Petrol,125,51.4,1.4
 Astra,2018,12495.0,Manual,12800,Diesel,145,83.1,1.6
 Astra,2017,10790.0,Manual,10969,Petrol,125,51.4,1.4
 Astra,2018,12490.0,Manual,13870,Petrol,145,62.8,1.0
 Astra,2016,10490.0,Automatic,10400,Petrol,125,51.4,1.4
 Astra,2017,11443.0,Manual,32501,Petrol,150,51.4,1.4
 Astra,2018,12490.0,Manual,22000,Diesel,140,68.9,1.6
 Astra,2018,11990.0,Automatic,31524,Diesel,145,57.7,1.6
 Astra,2018,12990.0,Manual,18000,Petrol,140,47.1,1.4
 Astra,2019,14290.0,Manual,2405,Petrol,145,51.4,1.4
 Astra,2019,11490.0,Manual,19000,Petrol,150,61.4,1.0
 Astra,2017,11490.0,Manual,15000,Petrol,125,51.4,1.4
 Astra,2017,10490.0,Manual,27000,Petrol,150,51.4,1.4
 Astra,2017,10290.0,Manual,28000,Diesel,20,72.4,1.6
 Astra,2017,8799.0,Manual,14600,Petrol,125,51.4,1.4
 Astra,2018,10990.0,Manual,13559,Petrol,145,51.4,1.4
 Astra,2017,11190.0,Manual,11319,Petrol,125,51.4,1.4
 Astra,2016,9290.0,Automatic,38000,Diesel,125,61.4,1.6
 Astra,2017,11990.0,Automatic,17000,Diesel,145,62.8,1.6
 Astra,2016,11990.0,Automatic,2800,Petrol,125,50.4,1.4
 Astra,2017,11490.0,Manual,37274,Petrol,165,45.6,1.6
 Astra,2013,6290.0,Manual,42785,Diesel,125,60.1,2.0
 Astra,2017,8999.0,Manual,47000,Petrol,145,51.4,1.4
 Astra,2016,9490.0,Manual,12000,Petrol,125,51.4,1.4
 Astra,2017,9999.0,Manual,12759,Petrol,150,51.4,1.4
 Astra,2017,11290.0,Manual,19000,Petrol,125,50.4,1.4
 Astra,2017,11990.0,Automatic,20000,Petrol,125,50.4,1.4
 Astra,2019,14000.0,Manual,10644,Petrol,145,47.9,1.4
 Astra,2017,9999.0,Manual,28634,Diesel,20,72.4,1.6
 Astra,2017,8399.0,Manual,49191,Petrol,145,52.3,1.4
 Astra,2017,7999.0,Manual,60204,Petrol,145,52.3,1.4
 Astra,2017,10799.0,Automatic,19728,Diesel,125,61.4,1.6
 Astra,2011,4999.0,Automatic,65121,Petrol,235,39.2,1.6
 Astra,2017,11799.0,Automatic,17586,Petrol,145,51.4,1.4
 Astra,2016,9999.0,Automatic,37036,Petrol,125,51.4,1.4
 Astra,2018,10499.0,Manual,14704,Petrol,145,61.4,1.0
 Astra,2019,12000.0,Manual,14024,Petrol,145,51.4,1.4
 Astra,2018,9699.0,Manual,14094,Petrol,145,64.2,1.0
 Astra,2019,12599.0,Automatic,25447,Petrol,145,51.4,1.4
 Astra,2017,9999.0,Manual,33937,Diesel,20,72.4,1.6
 Astra,2015,7499.0,Manual,26000,Petrol,160,44.8,1.6
 Astra,2018,10899.0,Manual,11925,Petrol,145,51.4,1.4
 Astra,2018,11899.0,Manual,4702,Petrol,145,51.4,1.4
 Astra,2017,9999.0,Automatic,33326,Petrol,200,42.8,1.4
 Astra,2019,13499.0,Manual,16078,Petrol,150,46.3,1.4
 Astra,2017,8799.0,Manual,31366,Diesel,145,85.6,1.6
 Astra,2015,7799.0,Manual,25842,Diesel,30,62.8,2.0
 Astra,2017,9299.0,Manual,24805,Petrol,125,51.4,1.4
 Astra,2017,9999.0,Manual,22900,Petrol,125,51.4,1.4
 Astra,2013,5999.0,Manual,43341,Petrol,165,44.8,1.6
 Astra,2018,13490.0,Manual,11675,Diesel,145,72.4,1.6
 Astra,2018,12699.0,Automatic,32521,Diesel,145,58.9,1.6
 Astra,2018,12999.0,Manual,17466,Petrol,145,45.6,1.6
 Astra,2017,9298.0,Manual,31012,Petrol,125,51.4,1.4
 Astra,2018,10999.0,Manual,10462,Diesel,140,72.4,1.6
 Astra,2019,14999.0,Manual,14880,Diesel,145,72.4,1.6
 Astra,2018,10698.0,Manual,27405,Petrol,145,51.4,1.4
 Astra,2017,10998.0,Manual,12000,Petrol,145,51.4,1.4
 Astra,2016,8998.0,Manual,38000,Diesel,20,72.4,1.6
 Astra,2010,3690.0,Manual,67000,Petrol,125,51.4,1.4
 Astra,2016,9498.0,Manual,4412,Petrol,20,64.2,1.0
 Astra,2017,7000.0,Manual,83810,Diesel,150,85.6,1.6
 Astra,2019,15995.0,Manual,10,Diesel,145,58.9,1.6
 Astra,2016,11243.0,Automatic,5388,Petrol,125,50.4,1.4
 Astra,2013,5295.0,Manual,53094,Petrol,160,44.8,1.6
 Astra,2019,10995.0,Manual,16799,Petrol,145,52.3,1.4
 Astra,2016,8995.0,Automatic,17522,Petrol,240,38.2,1.6
 Astra,2019,14995.0,Automatic,8675,Petrol,150,51.4,1.4
 Astra,2013,5695.0,Manual,46441,Diesel,30,62.8,2.0
 Astra,2016,9000.0,Manual,30788,Petrol,20,64.2,1.0
 Astra,2018,12000.0,Manual,8858,Petrol,145,51.4,1.4
 Astra,2016,10995.0,Automatic,31205,Petrol,125,51.4,1.4
 Astra,2019,15995.0,Manual,1050,Diesel,145,72.4,1.6
 Astra,2019,11994.0,Manual,6557,Petrol,145,48.7,1.0
 Astra,2018,13495.0,Automatic,4392,Petrol,145,51.4,1.4
 Astra,2019,11499.0,Manual,6803,Petrol,145,64.2,1.0
 Astra,2019,11949.0,Manual,16853,Petrol,145,61.4,1.0
 Astra,2018,11706.0,Manual,21756,Petrol,145,45.6,1.6
 Astra,2019,12495.0,Manual,6376,Petrol,145,48.7,1.0
 Astra,2018,11994.0,Manual,13193,Petrol,145,51.4,1.4
 Astra,2019,15995.0,Manual,3178,Petrol,150,47.9,1.4
 Astra,2015,8995.0,Manual,34008,Petrol,20,64.2,1.0
 Astra,2018,11495.0,Manual,14719,Petrol,145,64.2,1.0
 Astra,2018,13494.0,Manual,19206,Petrol,145,45.6,1.6
 Astra,2018,13995.0,Manual,21566,Diesel,145,72.4,1.6
 Astra,2010,4990.0,Manual,124011,Petrol,325,30.7,2.0
 Astra,2014,6475.0,Manual,30246,Diesel,125,58.9,2.0
 Astra,2006,850.0,Manual,139905,Diesel,145,54.3,1.7
 Astra,2015,3950.0,Manual,103000,Diesel,30,62.8,2.0
 Astra,2010,4695.0,Manual,56095,Petrol,160,44.8,1.6
 Astra,2016,9000.0,Manual,22063,Petrol,125,51.4,1.4
 Astra,2013,5250.0,Manual,58988,Diesel,20,67.3,1.7
 Astra,2007,995.0,Manual,143695,Petrol,200,42.8,1.6
 Astra,2016,10695.0,Manual,15377,Petrol,125,51.4,1.4
 Astra,2018,12995.0,Manual,17101,Petrol,145,45.6,1.6
 Astra,2017,10995.0,Manual,5027,Petrol,125,51.4,1.4
 Astra,2016,8999.0,Manual,18300,Petrol,125,51.4,1.4
 Astra,2015,8499.0,Manual,30200,Petrol,20,64.2,1.0
 Astra,2008,2485.0,Automatic,90000,Petrol,300,36.2,1.8
 Astra,2017,10095.0,Manual,19000,Diesel,20,72.4,1.6
 Astra,2007,10000.0,Manual,106000,Petrol,200,43.5,1.6
 Astra,2016,7495.0,Manual,49635,Diesel,0,85.6,1.6
 Astra,2014,5990.0,Manual,75000,Petrol,125,51.4,1.4
 Astra,2010,3490.0,Manual,62000,Petrol,200,43.5,1.6
 Astra,2012,5490.0,Manual,49000,Diesel,30,64.2,1.7
 Astra,2016,10995.0,Automatic,28000,Petrol,125,50.4,1.4
 Astra,2005,1990.0,Manual,100000,Petrol,300,36.7,1.8
 Astra,2016,9495.0,Manual,29123,Petrol,125,52.3,1.4
 Astra,2014,7495.0,Manual,38563,Petrol,145,47.9,1.4
 Astra,2015,6499.0,Manual,105200,Diesel,0,78.5,1.6
 Astra,2017,12000.0,Automatic,12210,Petrol,150,51.4,1.4
 Astra,2016,10000.0,Manual,20082,Petrol,125,51.4,1.4
 Astra,2018,11250.0,Manual,11819,Petrol,145,62.8,1.0
 Astra,2017,12315.0,Automatic,9104,Petrol,150,51.4,1.4
 Astra,2014,6195.0,Manual,33000,Petrol,160,44.8,1.6
 Astra,2017,11000.0,Manual,30594,Petrol,125,51.4,1.4
 Astra,2017,9295.0,Manual,33339,Petrol,125,51.4,1.4
 Astra,2017,12395.0,Manual,9005,Diesel,150,72.4,1.6
 Astra,2019,13995.0,Manual,4489,Petrol,150,51.4,1.4
 Astra,2019,12495.0,Manual,16251,Petrol,150,51.4,1.4
 Astra,2014,5495.0,Manual,59868,Diesel,30,62.8,1.7
 Astra,2007,1750.0,Manual,100000,Petrol,160,46.3,1.4
 Astra,2017,11985.0,Automatic,25839,Petrol,125,50.4,1.4
 Astra,2017,9495.0,Manual,59987,Diesel,150,72.4,1.6
 Astra,2017,10495.0,Manual,15899,Petrol,150,51.4,1.4
 Astra,2017,9995.0,Manual,36565,Petrol,150,51.4,1.4
 Astra,2019,13494.0,Manual,1937,Diesel,150,72.4,1.6
 Astra,2015,8490.0,Manual,80490,Petrol,125,51.4,1.4
 Astra,2016,9490.0,Manual,23543,Petrol,20,64.2,1.0
 Astra,2016,6995.0,Manual,57000,Diesel,0,76.3,1.6
 Astra,2018,13395.0,Manual,14983,Petrol,145,45.6,1.6
 Astra,2017,10733.0,Manual,25644,Petrol,125,51.4,1.4
 Astra,2003,6975.0,Manual,21000,Petrol,230,36.7,1.8
 Astra,2017,9495.0,Manual,23732,Petrol,125,51.4,1.4
 Astra,2019,11994.0,Manual,19046,Petrol,145,52.3,1.4
 Astra,2018,12480.0,Automatic,7200,Petrol,145,51.4,1.4
 Astra,2017,8475.0,Manual,26299,Petrol,145,51.4,1.4
 Astra,2010,1975.0,Manual,107000,Petrol,235,39.2,1.8
 Astra,2009,1500.0,Manual,110000,Petrol,200,43.5,1.6
 Astra,2019,12845.0,Manual,14350,Petrol,145,45.6,1.6
 Astra,2016,9388.0,Manual,29753,Petrol,125,51.4,1.4
 Astra,2009,2899.0,Automatic,49000,Petrol,260,36.2,1.8
 Astra,2016,8695.0,Manual,50862,Diesel,20,72.4,1.6
 Astra,2017,11825.0,Automatic,12871,Petrol,125,51.4,1.4
 Astra,2019,13995.0,Manual,17849,Petrol,145,45.6,1.6
 Astra,2015,6990.0,Manual,55033,Petrol,200,43.5,1.6
 Astra,2014,6780.0,Automatic,32000,Petrol,235,39.8,1.6
 Astra,2011,2880.0,Manual,81000,Diesel,30,62.8,1.7
 Astra,2015,5995.0,Manual,46927,Petrol,200,43.5,1.6
 Astra,2012,3995.0,Manual,61202,Petrol,125,51.4,1.4
 Astra,2014,3695.0,Manual,79777,Petrol,165,44.8,1.6
 Astra,2013,4495.0,Manual,54482,Petrol,160,44.8,1.6
 Astra,2012,3995.0,Manual,52793,Petrol,125,51.4,1.4
 Astra,2014,4995.0,Manual,58837,Petrol,125,51.4,1.4
 Astra,2017,11000.0,Manual,31994,Petrol,125,51.4,1.4
 Astra,2017,9800.0,Manual,12475,Diesel,0,76.3,1.6
 Astra,2016,8100.0,Manual,50880,Diesel,20,72.4,1.6
 Astra,2016,6600.0,Manual,65693,Diesel,0,85.6,1.6
 Astra,2019,11500.0,Manual,19834,Petrol,145,51.4,1.4
 Astra,2016,8600.0,Manual,25213,Petrol,125,51.4,1.4
 Astra,2017,10100.0,Automatic,17119,Petrol,150,52.3,1.4
 Astra,2018,9800.0,Manual,13680,Diesel,145,78.5,1.6
 Astra,2016,8800.0,Manual,35201,Diesel,20,72.4,1.6
 Astra,2017,8500.0,Manual,43623,Petrol,125,51.4,1.4
 Astra,2018,11300.0,Manual,22544,Petrol,150,51.4,1.4
 Astra,2018,11000.0,Automatic,18602,Petrol,145,51.4,1.4
 Astra,2007,1795.0,Manual,85000,Petrol,260,36.7,1.8
 Astra,2017,8400.0,Manual,35180,Diesel,0,83.1,1.6
 Astra,2018,11000.0,Manual,17946,Petrol,145,51.4,1.4
 Astra,2015,8400.0,Manual,17971,Petrol,200,43.5,1.6
 Astra,2018,10500.0,Manual,25053,Diesel,145,72.4,1.6
 Astra,2018,8700.0,Manual,40615,Petrol,145,62.8,1.0
 Astra,2018,9100.0,Manual,31945,Petrol,145,62.8,1.0
 Astra,2017,10000.0,Manual,33669,Petrol,145,50.4,1.4
 Astra,2017,9500.0,Manual,16907,Petrol,125,51.4,1.4
 Astra,2016,9200.0,Manual,22513,Petrol,20,64.2,1.0
 Astra,2018,11700.0,Manual,10192,Petrol,150,51.4,1.4
 Astra,2017,9700.0,Automatic,37845,Petrol,145,51.4,1.4
 Astra,2018,9100.0,Manual,32328,Petrol,145,62.8,1.0
 Astra,2017,10000.0,Manual,20960,Petrol,145,51.4,1.4
 Astra,2018,13495.0,Automatic,12000,Petrol,150,50.4,1.4
 Astra,2014,8495.0,Automatic,17600,Petrol,240,39.8,1.6
 Astra,2019,13995.0,Automatic,3000,Petrol,150,48.7,1.4
 Astra,2017,9700.0,Manual,20461,Petrol,145,51.4,1.4
 Astra,2017,9700.0,Manual,35619,Petrol,125,51.4,1.4
 Astra,2018,10500.0,Manual,9582,Petrol,145,51.4,1.4
 Astra,2017,13495.0,Automatic,6000,Petrol,140,50.4,1.4
 Astra,2017,9100.0,Manual,17286,Petrol,125,51.4,1.4
 Astra,2016,9000.0,Manual,19957,Petrol,20,64.2,1.0
 Astra,2011,4995.0,Manual,71000,Diesel,125,58.9,2.0
 Astra,2009,1995.0,Manual,91000,Petrol,200,43.5,1.6
 Astra,2007,1495.0,Manual,127000,Petrol,190,43.5,1.6
 Astra,2010,4495.0,Manual,55000,Petrol,160,44.8,1.6
 Astra,2017,8400.0,Manual,64770,Petrol,145,52.3,1.4
 Astra,2014,5350.0,Manual,94473,Diesel,0,76.3,1.6
 Astra,2014,5250.0,Manual,100896,Diesel,0,76.3,1.6
 Astra,2016,6790.0,Manual,61466,Diesel,0,85.6,1.6
 Astra,2015,6490.0,Automatic,54779,Diesel,160,49.6,2.0
 Astra,2014,4890.0,Manual,58450,Petrol,145,47.9,1.4
 Astra,2014,4990.0,Manual,54820,Petrol,160,44.8,1.6
 Astra,2015,5950.0,Automatic,63969,Petrol,235,39.2,1.6
 Astra,2016,8775.0,Manual,22285,Petrol,160,47.1,1.4
 Astra,2016,6828.0,Manual,87186,Diesel,0,85.6,1.6
 Astra,2016,8443.0,Manual,62560,Diesel,20,72.4,1.6
 Astra,2016,8692.0,Manual,40270,Petrol,20,64.2,1.0
 Astra,2015,5650.0,Manual,63674,Petrol,145,48.7,1.4
 Astra,2016,6925.0,Manual,85677,Diesel,0,83.1,1.6
 Astra,2017,11692.0,Automatic,18293,Petrol,145,50.4,1.4
 Astra,2016,8250.0,Manual,39351,Diesel,0,83.1,1.6
 Astra,2016,10450.0,Automatic,33702,Petrol,125,50.4,1.4
 Astra,2015,5975.0,Manual,58926,Diesel,0,78.5,1.6
 Astra,2016,9225.0,Automatic,36674,Diesel,30,62.8,1.6
 Astra,2012,4632.0,Manual,63493,Petrol,125,51.4,1.4
 Astra,2013,5950.0,Manual,67401,Diesel,125,60.1,2.0
 Astra,2015,7775.0,Manual,47799,Diesel,0,78.5,1.6
 Astra,2015,6490.0,Manual,37913,Diesel,20,72.4,1.6
 Astra,2009,1990.0,Manual,106000,Petrol,235,37.7,1.8
 Astra,2013,2990.0,Manual,100000,Diesel,30,62.8,1.7
 Astra,2017,11200.0,Automatic,1520,Petrol,145,51.4,1.4
 Astra,2016,9300.0,Manual,44036,Diesel,20,72.4,1.6
 Astra,2015,7000.0,Manual,31784,Petrol,200,43.5,1.6
 Astra,2017,9595.0,Manual,17862,Petrol,20,62.8,1.0
 Astra,2012,3995.0,Manual,51195,Petrol,125,51.4,1.4
 Astra,2015,5695.0,Manual,53264,Petrol,145,48.7,1.4
 Astra,2016,8000.0,Manual,53941,Diesel,0,78.5,1.6
 Astra,2017,8895.0,Manual,32006,Petrol,145,62.8,1.0
 Astra,2018,14195.0,Manual,18191,Diesel,140,65.7,1.6
 Astra,2014,7999.0,Automatic,13001,Petrol,205,42.8,1.4
 Astra,2019,14999.0,Automatic,3472,Petrol,145,51.4,1.4
 Astra,2014,6795.0,Manual,38000,Petrol,160,44.8,1.6
 Astra,2019,13597.0,Manual,8422,Petrol,145,47.9,1.4
 Astra,2016,9647.0,Manual,16300,Diesel,30,67.3,1.6
 Astra,2016,8995.0,Manual,16000,Petrol,0,65.7,1.0
 Astra,2018,13990.0,Manual,18860,Diesel,140,62.8,1.6
 Astra,2016,7690.0,Automatic,47131,Petrol,235,38.2,1.6
 Astra,2017,9342.0,Manual,41000,Diesel,20,72.4,1.6
 Astra,2014,4495.0,Manual,84000,Diesel,125,61.4,2.0
 Astra,2019,16995.0,Automatic,1375,Petrol,145,42.8,1.4
 Astra,2018,10895.0,Automatic,25000,Petrol,145,51.4,1.4
 Astra,2017,9574.0,Manual,28652,Petrol,125,51.4,1.4
 Astra,2019,14995.0,Automatic,4020,Petrol,150,42.8,1.4
 Astra,2015,7180.0,Manual,33275,Petrol,160,47.1,1.4
 Astra,2017,10482.0,Manual,5589,Petrol,125,51.4,1.4
 Astra,2018,13325.0,Manual,2000,Petrol,140,51.4,1.4
 Astra,2017,11995.0,Manual,18366,Petrol,150,51.4,1.4
 Astra,2018,13655.0,Manual,14000,Petrol,140,51.4,1.4
 Astra,2016,9000.0,Manual,36000,Petrol,125,51.4,1.4
 Astra,2019,13995.0,Manual,8955,Petrol,145,47.1,1.4
 Astra,2019,15300.0,Manual,2000,Diesel,145,58.9,1.6
 Astra,2019,15995.0,Manual,881,Diesel,145,58.9,1.6
 Astra,2019,15450.0,Manual,1528,Diesel,145,58.9,1.6
 Astra,2019,14700.0,Manual,3500,Petrol,145,45.6,1.4
 Astra,2018,16295.0,Manual,50,Petrol,140,51.4,1.4
 Astra,2016,8675.0,Manual,21490,Petrol,125,51.4,1.4
 Astra,2016,9999.0,Manual,25177,Diesel,0,83.1,1.6
 Astra,2016,10999.0,Automatic,12249,Diesel,125,61.4,1.6
 Astra,2016,11599.0,Manual,13709,Petrol,120,51.4,1.4
 Astra,2010,4999.0,Automatic,59270,Petrol,240,39.8,1.6
 Astra,2017,9999.0,Manual,25000,Petrol,145,51.4,1.4
 Astra,2016,7699.0,Manual,38086,Petrol,125,52.3,1.4
 Astra,2018,17895.0,Manual,2576,Petrol,140,51.4,1.4
 Astra,2018,19995.0,Manual,1634,Petrol,140,46.3,1.4
 Astra,2017,10334.0,Manual,17245,Diesel,145,72.4,1.6
 Astra,2017,9755.0,Manual,17000,Petrol,145,52.3,1.4
 Astra,2016,8990.0,Manual,25000,Petrol,125,51.4,1.4
 Astra,2017,8662.0,Manual,47323,Diesel,0,76.3,1.6
 Astra,2018,11879.0,Manual,17000,Petrol,145,51.4,1.4
 Viva,2016,5307.0,Manual,50602,Petrol,20,62.8,1.0
 Viva,2017,5999.0,Manual,23211,Petrol,20,62.8,1.0
 Viva,2017,6299.0,Manual,9661,Petrol,20,62.8,1.0
 Viva,2019,7560.0,Manual,5815,Petrol,145,46.3,1.0
 Viva,2019,6510.0,Manual,6799,Petrol,145,46.3,1.0
 Viva,2019,6420.0,Manual,5880,Petrol,145,46.3,1.0
 Viva,2017,5790.0,Manual,23441,Petrol,20,62.8,1.0
 Viva,2017,6995.0,Manual,37500,Petrol,145,61.4,1.0
 Viva,2018,7995.0,Manual,9121,Petrol,145,46.3,1.0
 Viva,2017,6995.0,Manual,12215,Petrol,150,62.8,1.0
 Viva,2019,8995.0,Manual,8147,Petrol,145,46.3,1.0
 Viva,2016,6995.0,Manual,33133,Petrol,20,62.8,1.0
 Viva,2019,9495.0,Manual,5256,Petrol,145,46.3,1.0
 Viva,2019,9785.0,Manual,250,Petrol,145,60.1,1.0
 Viva,2016,5700.0,Manual,14987,Petrol,20,62.8,1.0
 Viva,2015,5998.0,Manual,22621,Petrol,20,62.8,1.0
 Viva,2016,5298.0,Manual,35745,Petrol,20,62.8,1.0
 Viva,2016,5598.0,Manual,13566,Petrol,20,62.8,1.0
 Viva,2016,5998.0,Manual,31104,Petrol,20,62.8,1.0
 Viva,2018,7998.0,Manual,8325,Petrol,145,60.1,1.0
 Viva,2015,6298.0,Manual,11909,Petrol,20,62.8,1.0
 Viva,2016,5691.0,Manual,29370,Petrol,20,62.8,1.0
 Viva,2018,5998.0,Manual,32716,Petrol,145,61.4,1.0
 Viva,2016,5991.0,Manual,13779,Petrol,20,62.8,1.0
 Viva,2016,6180.0,Manual,22081,Petrol,20,62.8,1.0
 Viva,2016,5591.0,Manual,28490,Petrol,20,62.8,1.0
 Viva,2016,5991.0,Manual,11862,Petrol,20,62.8,1.0
 Viva,2017,5860.0,Manual,26117,Petrol,145,62.8,1.0
 Viva,2016,6520.0,Manual,20292,Petrol,20,62.8,1.0
 Viva,2016,5880.0,Manual,16177,Petrol,20,62.8,1.0
 Viva,2016,6498.0,Manual,19019,Petrol,20,62.8,1.0
 Viva,2017,5998.0,Manual,22459,Petrol,145,61.4,1.0
 Viva,2017,6998.0,Manual,5579,Petrol,145,61.4,1.0
 Viva,2016,5800.0,Manual,19037,Petrol,20,62.8,1.0
 Viva,2017,6240.0,Manual,12669,Petrol,145,61.4,1.0
 Viva,2017,6880.0,Manual,19771,Petrol,145,62.8,1.0
 Viva,2017,6798.0,Manual,17738,Petrol,150,62.8,1.0
 Viva,2016,6091.0,Manual,16214,Petrol,20,62.8,1.0
 Viva,2019,6995.0,Manual,7200,Petrol,145,46.3,1.0
 Viva,2018,6995.0,Manual,5500,Petrol,145,60.1,1.0
 Viva,2017,5995.0,Manual,8242,Petrol,150,62.8,1.0
 Viva,2019,7495.0,Manual,2850,Petrol,145,46.3,1.0
 Viva,2019,7990.0,Manual,6202,Petrol,145,46.3,1.0
 Viva,2019,8495.0,Manual,8,Petrol,145,46.3,1.0
 Viva,2019,7995.0,Manual,43,Petrol,145,46.3,1.0
 Viva,2019,7995.0,Manual,10,Petrol,145,46.3,1.0
 Viva,2017,6000.0,Manual,11135,Petrol,145,62.8,1.0
 Viva,2016,5995.0,Manual,18100,Petrol,20,62.8,1.0
 Viva,2019,7995.0,Manual,6377,Petrol,145,46.3,1.0
 Viva,2016,5495.0,Manual,13500,Petrol,20,62.8,1.0
 Viva,2016,6230.0,Manual,18771,Petrol,20,62.8,1.0
 Viva,2016,6310.0,Manual,5700,Petrol,20,62.8,1.0
 Viva,2016,6790.0,Manual,19185,Petrol,20,62.8,1.0
 Viva,2017,6680.0,Manual,12644,Petrol,20,62.8,1.0
 Viva,2016,5990.0,Manual,21147,Petrol,20,62.8,1.0
 Viva,2016,5990.0,Manual,23112,Petrol,20,62.8,1.0
 Viva,2017,6470.0,Manual,15170,Petrol,145,61.4,1.0
 Viva,2016,6530.0,Manual,32533,Petrol,20,62.8,1.0
 Viva,2018,7700.0,Manual,11000,Petrol,145,46.3,1.0
 Viva,2017,6799.0,Manual,11472,Petrol,20,62.8,1.0
 Viva,2016,5750.0,Manual,27159,Petrol,20,62.8,1.0
 Viva,2017,6500.0,Manual,8383,Petrol,20,62.8,1.0
 Viva,2017,7250.0,Semi-Auto,19083,Petrol,145,62.8,1.0
 Viva,2017,5898.0,Manual,20986,Petrol,20,62.8,1.0
 Viva,2016,6960.0,Manual,7416,Petrol,20,62.8,1.0
 Viva,2016,6090.0,Manual,14799,Petrol,20,62.8,1.0
 Viva,2017,6280.0,Manual,7547,Petrol,20,62.8,1.0
 Viva,2016,6971.0,Manual,17698,Petrol,20,62.8,1.0
 Viva,2017,5999.0,Manual,41340,Petrol,150,62.8,1.0
 Viva,2017,5990.0,Manual,19308,Petrol,20,62.8,1.0
 Viva,2018,6990.0,Manual,10,Petrol,145,61.4,1.0
 Viva,2016,5995.0,Manual,20819,Petrol,20,62.8,1.0
 Viva,2017,6100.0,Manual,32000,Petrol,20,62.8,1.0
 Viva,2016,5600.0,Manual,21359,Petrol,20,62.8,1.0
 Viva,2019,6999.0,Manual,2483,Petrol,145,46.3,1.0
 Viva,2019,7450.0,Manual,45000,Petrol,150,46.3,1.0
 Viva,2017,6530.0,Manual,19481,Petrol,20,62.8,1.0
 Viva,2018,7251.0,Manual,10017,Petrol,145,61.4,1.0
 Viva,2017,6941.0,Manual,15871,Petrol,145,62.8,1.0
 Viva,2018,6790.0,Manual,7979,Petrol,145,46.3,1.0
 Viva,2017,5892.0,Manual,21123,Petrol,20,62.8,1.0
 Viva,2015,5390.0,Manual,23098,Petrol,20,62.8,1.0
 Viva,2018,6490.0,Manual,8645,Petrol,145,46.3,1.0
 Viva,2017,5941.0,Manual,28271,Petrol,150,61.4,1.0
 Viva,2017,5791.0,Manual,22596,Petrol,150,62.8,1.0
 Viva,2017,6241.0,Manual,21321,Petrol,20,62.8,1.0
 Viva,2016,6160.0,Manual,23258,Petrol,20,62.8,1.0
 Viva,2018,6290.0,Manual,13252,Petrol,145,46.3,1.0
 Viva,2018,6290.0,Manual,10909,Petrol,145,46.3,1.0
 Viva,2018,6290.0,Manual,13891,Petrol,145,46.3,1.0
 Viva,2018,6290.0,Manual,11178,Petrol,145,46.3,1.0
 Viva,2017,5825.0,Manual,19923,Petrol,20,62.8,1.0
 Viva,2018,6708.0,Manual,7571,Petrol,145,46.3,1.0
 Viva,2018,6642.0,Manual,11103,Petrol,145,46.3,1.0
 Viva,2017,6298.0,Manual,10873,Petrol,145,62.8,1.0
 Viva,2016,6360.0,Manual,21486,Petrol,20,62.8,1.0
 Viva,2018,6290.0,Manual,11876,Petrol,145,46.3,1.0
 Viva,2015,5080.0,Manual,53660,Petrol,20,62.8,1.0
 Viva,2016,4900.0,Manual,49252,Petrol,20,62.8,1.0
 Viva,2017,5999.0,Manual,34390,Petrol,145,62.8,1.0
 Viva,2016,5899.0,Manual,24294,Petrol,20,62.8,1.0
 Viva,2015,5636.0,Manual,22950,Petrol,20,62.8,1.0
 Viva,2017,6531.0,Manual,2824,Petrol,20,62.8,1.0
 Viva,2016,5397.0,Manual,23938,Petrol,20,62.8,1.0
 Viva,2016,5881.0,Manual,13850,Petrol,20,62.8,1.0
 Viva,2017,6095.0,Manual,25366,Petrol,20,62.8,1.0
 Viva,2018,6281.0,Manual,6670,Petrol,150,61.4,1.0
 Viva,2018,5995.0,Manual,28609,Petrol,150,61.4,1.0
 Viva,2017,7498.0,Manual,13159,Petrol,150,62.8,1.0
 Viva,2017,6074.0,Manual,13623,Petrol,20,62.8,1.0
 Viva,2016,6980.0,Manual,9608,Petrol,20,62.8,1.0
 Viva,2016,5991.0,Manual,11558,Petrol,20,62.8,1.0
 Viva,2017,5520.0,Manual,19923,Petrol,20,62.8,1.0
 Viva,2016,5990.0,Manual,16590,Petrol,20,62.8,1.0
 Viva,2017,5491.0,Manual,20880,Petrol,20,62.8,1.0
 Viva,2017,6300.0,Manual,15976,Petrol,145,62.8,1.0
 Viva,2016,5901.0,Manual,15621,Petrol,20,62.8,1.0
 Viva,2017,6370.0,Manual,9021,Petrol,145,62.8,1.0
 Viva,2016,5740.0,Manual,20900,Petrol,20,62.8,1.0
 Viva,2017,6699.0,Manual,16359,Petrol,20,62.8,1.0
 Viva,2016,6301.0,Manual,22150,Petrol,20,62.8,1.0
 Viva,2016,4900.0,Manual,47675,Petrol,20,62.8,1.0
 Viva,2019,7500.0,Manual,1248,Petrol,145,46.3,1.0
 Viva,2015,5000.0,Manual,36000,Petrol,20,62.8,1.0
 Viva,2018,7392.0,Manual,4048,Petrol,150,62.8,1.0
 Viva,2017,6499.0,Manual,18500,Petrol,145,61.4,1.0
 Viva,2016,5991.0,Manual,20902,Petrol,20,62.8,1.0
 Viva,2015,6199.0,Manual,12918,Petrol,20,62.8,1.0
 Viva,2016,5991.0,Manual,29601,Petrol,20,62.8,1.0
 Viva,2016,6791.0,Manual,13896,Petrol,20,62.8,1.0
 Viva,2017,5991.0,Manual,15480,Petrol,145,62.8,1.0
 Viva,2017,6490.0,Manual,8269,Petrol,20,62.8,1.0
 Viva,2017,6299.0,Manual,32858,Petrol,20,62.8,1.0
 Viva,2018,6995.0,Manual,13675,Petrol,150,61.4,1.0
 Viva,2017,5999.0,Manual,11261,Petrol,150,62.8,1.0
 Viva,2018,7000.0,Manual,4360,Petrol,145,61.4,1.0
 Viva,2018,8290.0,Manual,6280,Petrol,145,60.1,1.0
 Viva,2016,5850.0,Manual,25045,Petrol,20,62.8,1.0
 Viva,2016,5999.0,Manual,14000,Petrol,20,62.8,1.0
 Viva,2016,5291.0,Manual,28544,Petrol,20,62.8,1.0
 Viva,2016,7795.0,Semi-Auto,3614,Petrol,20,62.8,1.0
 Viva,2018,7150.0,Manual,4052,Petrol,145,46.3,1.0
 Viva,2015,5770.0,Manual,14117,Petrol,20,62.8,1.0
 Viva,2018,6990.0,Manual,9983,Petrol,150,46.3,1.0
 Viva,2019,8995.0,Manual,10,Petrol,145,46.3,1.0
 Viva,2018,6860.0,Manual,4570,Petrol,150,46.3,1.0
 Viva,2019,7190.0,Manual,8146,Petrol,150,46.3,1.0
 Viva,2019,6990.0,Manual,8369,Petrol,150,46.3,1.0
 Viva,2019,7090.0,Manual,6749,Petrol,150,46.3,1.0
 Viva,2019,7480.0,Manual,9499,Petrol,145,46.3,1.0
 Viva,2019,7200.0,Manual,8541,Petrol,145,46.3,1.0
 Viva,2019,7580.0,Manual,5248,Petrol,145,46.3,1.0
 Viva,2015,6495.0,Manual,25649,Petrol,20,62.8,1.0
 Viva,2019,6510.0,Manual,6718,Petrol,145,46.3,1.0
 Viva,2016,5720.0,Manual,28708,Petrol,20,62.8,1.0
 Viva,2018,6990.0,Manual,10430,Petrol,145,61.4,1.0
 Viva,2016,5998.0,Manual,30739,Petrol,20,62.8,1.0
 Viva,2015,5891.0,Manual,30500,Petrol,20,62.8,1.0
 Viva,2017,6500.0,Manual,25058,Petrol,20,62.8,1.0
 Viva,2018,8200.0,Manual,4421,Petrol,145,60.1,1.0
 Viva,2016,5725.0,Manual,7000,Petrol,20,62.8,1.0
 Viva,2018,7675.0,Manual,7801,Petrol,145,60.1,1.0
 Viva,2017,5495.0,Manual,17267,Petrol,150,62.8,1.0
 Viva,2019,8349.0,Manual,5,Petrol,145,46.3,1.0
 Viva,2016,5643.0,Manual,30241,Petrol,20,62.8,1.0
 Viva,2019,7555.0,Manual,4500,Petrol,150,46.3,1.0
 Viva,2016,6000.0,Manual,11192,Petrol,20,62.8,1.0
 Viva,2018,6490.0,Manual,12615,Petrol,150,61.4,1.0
 Viva,2016,5995.0,Manual,34403,Petrol,20,62.8,1.0
 Viva,2017,6799.0,Manual,9634,Petrol,145,62.8,1.0
 Viva,2017,6499.0,Manual,23896,Petrol,20,62.8,1.0
 Viva,2019,7460.0,Manual,2000,Petrol,145,46.3,1.0
 Viva,2019,7480.0,Manual,2694,Petrol,145,46.3,1.0
 Viva,2017,6100.0,Manual,16500,Petrol,20,62.8,1.0
 Viva,2017,5981.0,Manual,30665,Petrol,145,62.8,1.0
 Viva,2018,6390.0,Manual,24584,Petrol,145,61.4,1.0
 Viva,2015,5000.0,Manual,26787,Petrol,20,62.8,1.0
 Viva,2016,6000.0,Manual,36210,Petrol,20,62.8,1.0
 Viva,2017,6499.0,Manual,19155,Petrol,20,62.8,1.0
 Viva,2016,6299.0,Manual,16000,Petrol,20,62.8,1.0
 Viva,2017,6000.0,Manual,15700,Petrol,150,62.8,1.0
 Viva,2017,6590.0,Manual,13172,Petrol,145,61.4,1.0
 Viva,2015,5950.0,Manual,14273,Petrol,20,62.8,1.0
 Viva,2017,6500.0,Manual,24654,Petrol,20,62.8,1.0
 Viva,2017,6060.0,Manual,22649,Petrol,20,62.8,1.0
 Viva,2017,6600.0,Manual,5380,Petrol,20,62.8,1.0
 Viva,2017,6090.0,Manual,22335,Petrol,20,62.8,1.0
 Viva,2019,7980.0,Manual,1993,Petrol,145,46.3,1.0
 Viva,2016,5550.0,Manual,29868,Petrol,20,62.8,1.0
 Viva,2017,6350.0,Manual,10410,Petrol,145,61.4,1.0
 Viva,2017,6330.0,Manual,10876,Petrol,145,61.4,1.0
 Viva,2019,7290.0,Manual,8777,Petrol,145,46.3,1.0
 Viva,2016,5400.0,Manual,40407,Petrol,20,62.8,1.0
 Viva,2018,7640.0,Manual,9811,Petrol,145,61.4,1.0
 Viva,2019,7290.0,Manual,10958,Petrol,145,46.3,1.0
 Viva,2019,7290.0,Manual,9562,Petrol,145,46.3,1.0
 Viva,2019,7290.0,Manual,9108,Petrol,145,46.3,1.0
 Viva,2015,5790.0,Manual,15070,Petrol,20,62.8,1.0
 Viva,2017,7250.0,Manual,30460,Petrol,20,62.8,1.0
 Viva,2016,6290.0,Manual,14770,Petrol,20,62.8,1.0
 Viva,2016,5340.0,Manual,52699,Petrol,20,62.8,1.0
 Viva,2016,5950.0,Manual,13939,Petrol,20,62.8,1.0
 Viva,2016,5500.0,Manual,43869,Petrol,20,62.8,1.0
 Viva,2016,5973.0,Manual,19090,Petrol,20,62.8,1.0
 Viva,2017,6599.0,Manual,12594,Petrol,20,62.8,1.0
 Viva,2017,5999.0,Manual,22500,Petrol,145,62.8,1.0
 Viva,2018,7899.0,Manual,13000,Petrol,145,60.1,1.0
 Viva,2017,6295.0,Manual,8500,Petrol,150,62.8,1.0
 Viva,2017,6499.0,Manual,14469,Petrol,20,62.8,1.0
 Viva,2017,6000.0,Manual,16616,Petrol,145,62.8,1.0
 Viva,2017,7000.0,Manual,23481,Petrol,20,62.8,1.0
 Viva,2016,5489.0,Manual,46539,Petrol,20,62.8,1.0
 Viva,2019,7560.0,Manual,1248,Petrol,145,46.3,1.0
 Viva,2019,7530.0,Manual,1919,Petrol,145,46.3,1.0
 Viva,2019,7540.0,Manual,1759,Petrol,145,46.3,1.0
 Viva,2017,6690.0,Manual,9544,Petrol,145,61.4,1.0
 Viva,2017,6270.0,Manual,21210,Petrol,145,62.8,1.0
 Viva,2017,6091.0,Manual,27553,Petrol,150,62.8,1.0
 Viva,2016,6298.0,Manual,10590,Petrol,20,62.8,1.0
 Viva,2019,7600.0,Manual,3636,Petrol,145,46.3,1.0
 Viva,2016,6600.0,Manual,18066,Petrol,20,62.8,1.0
 Viva,2017,5999.0,Manual,15299,Petrol,20,62.8,1.0
 Viva,2015,5699.0,Manual,18170,Petrol,20,62.8,1.0
 Viva,2017,6192.0,Manual,21996,Petrol,20,62.8,1.0
 Viva,2017,5993.0,Manual,8982,Petrol,145,62.8,1.0
 Viva,2017,5683.0,Manual,25291,Petrol,20,62.8,1.0
 Viva,2018,7453.0,Manual,16058,Petrol,145,60.1,1.0
 Viva,2017,5991.0,Manual,10379,Petrol,145,62.8,1.0
 Viva,2019,7994.0,Manual,940,Petrol,145,46.3,1.0
 Viva,2019,6000.0,Manual,4006,Petrol,145,46.3,1.0
 Viva,2018,7920.0,Manual,7508,Petrol,145,46.3,1.0
 Viva,2016,5997.0,Manual,24327,Petrol,20,62.8,1.0
 Viva,2019,7791.0,Manual,7911,Petrol,145,46.3,1.0
 Viva,2016,5499.0,Manual,27527,Petrol,20,62.8,1.0
 Viva,2019,7000.0,Manual,8951,Petrol,145,46.3,1.0
 Viva,2016,5263.0,Manual,45060,Petrol,20,62.8,1.0
 Viva,2016,5700.0,Manual,59486,Petrol,20,62.8,1.0
 Viva,2019,6695.0,Manual,4415,Petrol,150,46.3,1.0
 Viva,2019,6991.0,Manual,4887,Petrol,150,46.3,1.0
 Viva,2019,6695.0,Manual,4187,Petrol,150,46.3,1.0
 Viva,2019,8200.0,Manual,14,Petrol,145,46.3,1.0
 Viva,2019,8000.0,Manual,12,Petrol,150,46.3,1.0
 Viva,2019,8200.0,Manual,10,Petrol,145,46.3,1.0
 Viva,2019,6695.0,Manual,6493,Petrol,150,46.3,1.0
 Viva,2019,6695.0,Manual,4709,Petrol,150,46.3,1.0
 Viva,2019,6695.0,Manual,3637,Petrol,150,46.3,1.0
 Viva,2019,8499.0,Manual,1114,Petrol,145,46.3,1.0
 Viva,2019,8499.0,Manual,1589,Petrol,145,46.3,1.0
 Viva,2019,6391.0,Manual,9517,Petrol,145,46.3,1.0
 Viva,2019,6791.0,Manual,9037,Petrol,145,46.3,1.0
 Viva,2019,6791.0,Manual,5111,Petrol,145,46.3,1.0
 Viva,2019,7500.0,Manual,4907,Petrol,145,46.3,1.0
 Viva,2019,6791.0,Manual,6119,Petrol,145,46.3,1.0
 Viva,2019,6791.0,Manual,5090,Petrol,145,46.3,1.0
 Viva,2019,6791.0,Manual,3445,Petrol,145,46.3,1.0
 Viva,2019,6791.0,Manual,3516,Petrol,145,46.3,1.0
 Viva,2019,6791.0,Manual,5568,Petrol,145,46.3,1.0
 Viva,2019,6791.0,Manual,4523,Petrol,145,46.3,1.0
 Viva,2018,7186.0,Manual,24332,Petrol,150,46.3,1.0
 Viva,2016,5398.0,Manual,33000,Petrol,20,62.8,1.0
 Viva,2017,5949.0,Manual,25213,Petrol,20,62.8,1.0
 Viva,2017,6492.0,Manual,25701,Petrol,20,62.8,1.0
 Viva,2017,6495.0,Manual,15780,Petrol,145,62.8,1.0
 Viva,2016,6100.0,Manual,24285,Petrol,20,62.8,1.0
 Viva,2015,5995.0,Manual,10495,Petrol,20,62.8,1.0
 Viva,2017,5750.0,Manual,34272,Petrol,150,62.8,1.0
 Viva,2016,5995.0,Manual,34304,Petrol,20,62.8,1.0
 Viva,2016,5976.0,Manual,15577,Petrol,20,62.8,1.0
 Viva,2017,6500.0,Manual,29880,Petrol,20,62.8,1.0
 Viva,2015,4995.0,Manual,23198,Petrol,20,62.8,1.0
 Viva,2019,6995.0,Manual,2203,Petrol,145,46.3,1.0
 Viva,2016,7250.0,Semi-Auto,24448,Petrol,20,62.8,1.0
 Viva,2017,6995.0,Manual,6709,Petrol,145,62.8,1.0
 Viva,2018,6907.0,Manual,17771,Petrol,145,62.8,1.0
 Viva,2017,5692.0,Manual,36188,Petrol,145,62.8,1.0
 Viva,2019,7561.0,Manual,4699,Petrol,145,46.3,1.0
 Viva,2017,6600.0,Manual,19750,Petrol,145,62.8,1.0
 Viva,2016,6600.0,Manual,4830,Petrol,20,62.8,1.0
 Viva,2017,5995.0,Manual,31425,Petrol,20,62.8,1.0
 Viva,2017,5990.0,Manual,12470,Petrol,20,62.8,1.0
 Viva,2016,5490.0,Manual,38244,Petrol,20,62.8,1.0
 Viva,2017,5980.0,Manual,22406,Petrol,145,62.8,1.0
 Viva,2016,6495.0,Manual,25599,Petrol,20,62.8,1.0
 Viva,2017,7496.0,Manual,9165,Petrol,145,62.8,1.0
 Viva,2017,6070.0,Manual,18050,Petrol,20,62.8,1.0
 Viva,2019,7795.0,Manual,9832,Petrol,145,46.3,1.0
 Viva,2017,6796.0,Manual,10317,Petrol,145,61.4,1.0
 Viva,2015,4491.0,Manual,45167,Petrol,20,62.8,1.0
 Viva,2017,7295.0,Manual,11500,Petrol,145,61.4,1.0
 Viva,2016,6495.0,Manual,28000,Petrol,20,62.8,1.0
 Viva,2016,8221.0,Semi-Auto,10572,Petrol,20,62.8,1.0
 Viva,2016,6720.0,Manual,10933,Petrol,20,62.8,1.0
 Viva,2015,5499.0,Manual,37962,Petrol,20,62.8,1.0
 Viva,2016,4998.0,Manual,35321,Petrol,20,62.8,1.0
 Viva,2016,6000.0,Manual,37465,Petrol,20,62.8,1.0
 Viva,2016,6599.0,Manual,15499,Petrol,20,62.8,1.0
 Viva,2017,6299.0,Manual,22500,Petrol,150,62.8,1.0
 Viva,2017,6295.0,Manual,13880,Petrol,20,62.8,1.0
 Viva,2019,8995.0,Manual,25,Petrol,145,46.3,1.0
 Viva,2018,7000.0,Manual,40457,Petrol,145,62.8,1.0
 Viva,2016,6995.0,Manual,14000,Petrol,20,62.8,1.0
 Viva,2019,8990.0,Manual,10,Petrol,145,46.3,1.0
 Viva,2019,8990.0,Manual,25,Petrol,145,46.3,1.0
 Viva,2016,8799.0,Semi-Auto,6732,Petrol,20,62.8,1.0
 Viva,2016,7000.0,Manual,11451,Petrol,20,62.8,1.0
 Viva,2016,6599.0,Manual,28052,Petrol,20,62.8,1.0
 Viva,2016,6475.0,Manual,172,Petrol,20,62.8,1.0
 Viva,2019,6500.0,Manual,6968,Petrol,145,46.3,1.0
 Viva,2019,7730.0,Manual,11020,Petrol,145,46.3,1.0
 Viva,2017,6495.0,Manual,31085,Petrol,145,62.8,1.0
 Viva,2016,6495.0,Manual,22169,Petrol,20,62.8,1.0
 Viva,2016,6399.0,Manual,8641,Petrol,20,62.8,1.0
 Viva,2016,6995.0,Manual,30052,Petrol,20,62.8,1.0
 Viva,2016,5995.0,Manual,27352,Petrol,20,62.8,1.0
 Viva,2018,7350.0,Manual,18754,Petrol,145,60.1,1.0
 Viva,2016,5695.0,Manual,24504,Petrol,20,62.8,1.0
 Viva,2017,6250.0,Manual,37295,Petrol,20,62.8,1.0
 Viva,2018,6450.0,Manual,21000,Petrol,150,61.4,1.0
 Viva,2017,5995.0,Manual,37295,Petrol,20,62.8,1.0
 Viva,2018,6991.0,Manual,5600,Petrol,145,46.3,1.0
 Viva,2017,5700.0,Manual,19352,Petrol,20,62.8,1.0
 Viva,2015,5250.0,Manual,23678,Petrol,20,62.8,1.0
 Viva,2018,6990.0,Manual,12421,Petrol,145,62.8,1.0
 Viva,2018,8890.0,Manual,3500,Petrol,145,46.3,1.0
 Viva,2016,5299.0,Manual,46736,Petrol,0,65.7,1.0
 Viva,2016,5290.0,Manual,37316,Petrol,20,62.8,1.0
 Viva,2016,5590.0,Manual,17260,Petrol,20,62.8,1.0
 Viva,2016,5390.0,Manual,20814,Petrol,20,62.8,1.0
 Viva,2016,5490.0,Manual,25154,Petrol,20,62.8,1.0
 Viva,2016,4990.0,Manual,39306,Petrol,20,62.8,1.0
 Viva,2017,5490.0,Manual,10515,Petrol,20,62.8,1.0
 Viva,2019,7990.0,Manual,1936,Petrol,145,46.3,1.0
 Viva,2017,6500.0,Manual,9600,Petrol,20,62.8,1.0
 Viva,2017,6550.0,Manual,8158,Petrol,145,62.8,1.0
 Viva,2015,5660.0,Manual,11653,Petrol,20,62.8,1.0
 Viva,2016,6110.0,Manual,18909,Petrol,20,62.8,1.0
 Viva,2017,6130.0,Manual,54000,Petrol,145,61.4,1.0
 Viva,2018,6730.0,Manual,12623,Petrol,145,61.4,1.0
 Viva,2016,5300.0,Manual,20074,Petrol,20,62.8,1.0
 Viva,2016,5680.0,Manual,19441,Petrol,20,62.8,1.0
 Viva,2016,5440.0,Manual,43072,Petrol,20,62.8,1.0
 Viva,2018,6999.0,Manual,10671,Petrol,145,46.3,1.0
 Viva,2016,6600.0,Manual,7648,Petrol,20,62.8,1.0
 Viva,2019,8750.0,Manual,4200,Petrol,145,46.3,1.0
 Viva,2016,5490.0,Manual,45775,Petrol,20,62.8,1.0
 Viva,2019,7495.0,Manual,3500,Petrol,145,46.3,1.0
 Viva,2019,7495.0,Manual,3000,Petrol,145,46.3,1.0
 Viva,2016,6500.0,Manual,32989,Petrol,20,62.8,1.0
 Viva,2018,8000.0,Manual,16005,Petrol,145,61.4,1.0
 Viva,2018,8500.0,Manual,16409,Petrol,145,60.1,1.0
 Viva,2018,7999.0,Manual,6399,Petrol,145,46.3,1.0
 Viva,2018,7999.0,Manual,12731,Petrol,145,46.3,1.0
 Viva,2017,6500.0,Manual,27039,Petrol,20,62.8,1.0
 Viva,2017,6799.0,Manual,6830,Petrol,20,62.8,1.0
 Viva,2018,7999.0,Manual,11200,Petrol,145,46.3,1.0
 Viva,2019,7995.0,Manual,5000,Petrol,145,46.3,1.0
 Viva,2018,7494.0,Manual,1639,Petrol,145,46.3,1.0
 Viva,2018,6994.0,Manual,1139,Petrol,145,46.3,1.0
 Viva,2017,6500.0,Manual,12000,Petrol,145,61.4,1.0
 Viva,2016,6100.0,Manual,22949,Petrol,20,62.8,1.0
 Viva,2017,6900.0,Manual,12273,Petrol,145,62.8,1.0
 Viva,2017,6550.0,Manual,33000,Petrol,20,62.8,1.0
 Viva,2015,5750.0,Manual,20451,Petrol,20,62.8,1.0
 Viva,2015,5485.0,Manual,47744,Petrol,20,62.8,1.0
 Viva,2017,6390.0,Manual,18170,Petrol,20,62.8,1.0
 Viva,2019,7995.0,Manual,6239,Petrol,145,46.3,1.0
 Viva,2019,7689.0,Manual,7129,Petrol,145,46.3,1.0
 Viva,2017,7662.0,Manual,11041,Petrol,145,61.4,1.0
 Viva,2016,5779.0,Manual,35000,Petrol,20,62.8,1.0
 Viva,2019,7995.0,Manual,5384,Petrol,145,46.3,1.0
 Viva,2019,7495.0,Manual,7249,Petrol,145,46.3,1.0
 Viva,2019,7494.0,Manual,5705,Petrol,145,46.3,1.0
 Viva,2019,7295.0,Manual,7274,Petrol,145,46.3,1.0
 Viva,2019,7995.0,Manual,8289,Petrol,145,46.3,1.0
 Viva,2019,7995.0,Manual,7225,Petrol,145,46.3,1.0
 Viva,2017,6128.0,Manual,15000,Petrol,145,61.4,1.0
 Viva,2019,7494.0,Manual,7294,Petrol,145,46.3,1.0
 Viva,2019,7494.0,Manual,7011,Petrol,145,46.3,1.0
 Viva,2019,7415.0,Manual,6092,Petrol,145,46.3,1.0
 Viva,2019,7494.0,Manual,4944,Petrol,150,46.3,1.0
 Viva,2016,5999.0,Manual,14092,Petrol,20,62.8,1.0
 Viva,2018,7875.0,Manual,3868,Petrol,145,46.3,1.0
 Viva,2018,6995.0,Manual,6250,Petrol,145,46.3,1.0
 Viva,2016,6599.0,Manual,10758,Petrol,20,62.8,1.0
 Viva,2016,5500.0,Manual,25420,Petrol,20,62.8,1.0
 Viva,2016,5799.0,Manual,11680,Petrol,20,62.8,1.0
 Viva,2019,10299.0,Manual,6000,Petrol,145,46.3,1.0
 Viva,2016,5800.0,Manual,22737,Petrol,20,62.8,1.0
 Viva,2018,7195.0,Manual,18818,Petrol,150,46.3,1.0
 Viva,2016,6400.0,Manual,22161,Petrol,0,65.7,1.0
 Viva,2016,6800.0,Manual,7217,Petrol,20,62.8,1.0
 Viva,2019,7600.0,Manual,469,Petrol,150,46.3,1.0
 Viva,2018,7999.0,Manual,6313,Petrol,140,60.1,1.0
 Viva,2017,6000.0,Manual,11662,Petrol,145,61.4,1.0
 Viva,2017,5975.0,Manual,18189,Petrol,20,62.8,1.0
 Viva,2019,7500.0,Manual,2546,Petrol,145,46.3,1.0
 Viva,2016,6500.0,Manual,19880,Petrol,20,62.8,1.0
 Viva,2016,5984.0,Manual,18834,Petrol,20,62.8,1.0
 Viva,2017,6499.0,Manual,23000,Petrol,20,62.8,1.0
 Viva,2017,7000.0,Manual,20100,Petrol,145,61.4,1.0
 Viva,2019,8499.0,Manual,2534,Petrol,140,46.3,1.0
 Viva,2017,6000.0,Manual,13388,Petrol,20,62.8,1.0
 Viva,2018,7999.0,Semi-Auto,6255,Petrol,145,62.8,1.0
 Viva,2018,7999.0,Semi-Auto,9996,Petrol,145,62.8,1.0
 Viva,2018,8000.0,Semi-Auto,7393,Petrol,145,62.8,1.0
 Viva,2018,8000.0,Semi-Auto,5746,Petrol,145,62.8,1.0
 Viva,2018,8000.0,Semi-Auto,7032,Petrol,145,62.8,1.0
 Viva,2018,8000.0,Semi-Auto,9456,Petrol,145,62.8,1.0
 Viva,2016,4991.0,Manual,71011,Petrol,20,62.8,1.0
 Viva,2017,5999.0,Manual,30594,Petrol,145,62.8,1.0
 Viva,2019,7990.0,Manual,3708,Petrol,145,46.3,1.0
 Viva,2019,7990.0,Manual,3251,Petrol,145,46.3,1.0
 Viva,2019,8490.0,Manual,3000,Petrol,145,46.3,1.0
 Viva,2016,5999.0,Manual,30254,Petrol,20,62.8,1.0
 Viva,2018,7999.0,Manual,7800,Petrol,145,46.3,1.0
 Viva,2018,8997.0,Manual,4360,Petrol,145,60.1,1.0
 Viva,2017,6999.0,Manual,14022,Petrol,145,62.8,1.0
 Viva,2016,6679.0,Manual,13234,Petrol,0,65.7,1.0
 Viva,2017,3795.0,Manual,10900,Petrol,20,62.8,1.0
 Viva,2018,7990.0,Manual,7500,Petrol,140,46.3,1.0
 Viva,2019,7990.0,Manual,5000,Petrol,145,46.3,1.0
 Viva,2019,7490.0,Manual,10,Petrol,150,46.3,1.0
 Viva,2017,8990.0,Automatic,3700,Petrol,20,62.8,1.0
 Viva,2017,6490.0,Manual,7500,Petrol,20,62.8,1.0
 Viva,2016,5999.0,Manual,33000,Petrol,20,62.8,1.0
 Viva,2019,8490.0,Manual,12000,Petrol,145,46.3,1.0
 Viva,2019,8499.0,Manual,15000,Petrol,145,46.3,1.0
 Viva,2015,6000.0,Manual,20322,Petrol,20,62.8,1.0
 Viva,2019,8295.0,Manual,2812,Petrol,145,46.3,1.0
 Viva,2016,6000.0,Manual,46297,Petrol,20,62.8,1.0
 Viva,2016,5995.0,Manual,31708,Petrol,20,62.8,1.0
 Viva,2015,5750.0,Manual,20018,Petrol,20,62.8,1.0
 Viva,2016,6295.0,Manual,27923,Petrol,20,62.8,1.0
 Viva,2015,6000.0,Manual,19843,Petrol,20,62.8,1.0
 Viva,2016,5200.0,Manual,21704,Other,0,65.7,1.0
 Viva,2016,5695.0,Manual,12800,Petrol,20,62.8,1.0
 Viva,2016,5990.0,Manual,12387,Petrol,20,62.8,1.0
 Viva,2016,6490.0,Manual,26524,Petrol,20,62.8,1.0
 Viva,2016,5900.0,Manual,23097,Petrol,20,62.8,1.0
 Viva,2015,5400.0,Manual,40972,Petrol,20,62.8,1.0
 Viva,2019,8779.0,Manual,6147,Petrol,145,46.3,1.0
 Viva,2017,6275.0,Manual,15000,Petrol,20,62.8,1.0
 Viva,2019,8495.0,Manual,6849,Petrol,145,46.3,1.0
 Viva,2019,8495.0,Manual,5870,Petrol,145,46.3,1.0
 Viva,2017,6288.0,Manual,5857,Petrol,20,62.8,1.0
 Viva,2018,6971.0,Manual,6859,Petrol,145,61.4,1.0
 Mokka,2014,8527.0,Manual,29327,Petrol,205,43.5,1.6
 Mokka,2016,10990.0,Automatic,16000,Petrol,160,43.5,1.4
 Mokka,2016,8990.0,Manual,39898,Diesel,30,65.7,1.6
 Mokka,2016,10801.0,Manual,17769,Petrol,200,42.2,1.4
 Mokka,2013,7999.0,Manual,39542,Diesel,125,57.6,1.7
 Mokka,2016,9495.0,Manual,16211,Petrol,200,40.9,1.6
 Mokka,2015,8795.0,Automatic,34961,Diesel,150,55.4,1.6
 Mokka,2015,8240.0,Manual,38944,Petrol,200,43.5,1.6
 Mokka,2016,9491.0,Manual,30267,Petrol,160,44.8,1.4
 Mokka,2016,9760.0,Manual,12935,Petrol,160,44.8,1.4
 Mokka,2019,19995.0,Other,1450,Diesel,145,57.7,1.5
 Mokka,2015,8995.0,Manual,15302,Petrol,160,44.8,1.4
 Mokka,2016,8995.0,Manual,38314,Petrol,200,40.9,1.6
 Mokka,2015,8198.0,Manual,28813,Petrol,200,43.5,1.6
 Mokka,2015,7998.0,Manual,41369,Petrol,200,40.9,1.6
 Mokka,2015,7998.0,Manual,31379,Petrol,200,40.9,1.6
 Mokka,2016,9998.0,Manual,18901,Diesel,125,60.1,1.6
 Mokka,2016,9498.0,Manual,16081,Petrol,165,44.8,1.4
 Mokka,2016,8995.0,Manual,26825,Petrol,200,40.9,1.6
 Mokka,2013,5995.0,Manual,58001,Petrol,200,43.5,1.6
 Mokka,2016,10495.0,Manual,14894,Diesel,30,65.7,1.6
 Mokka,2015,7998.0,Manual,42902,Petrol,200,43.5,1.6
 Mokka,2016,8498.0,Manual,42252,Petrol,165,44.8,1.4
 Mokka,2016,7998.0,Manual,48125,Petrol,205,40.9,1.6
 Mokka,2015,7698.0,Manual,51832,Petrol,205,40.9,1.6
 Mokka,2016,9739.0,Manual,17025,Diesel,20,68.9,1.6
 Mokka,2015,7949.0,Manual,67698,Diesel,20,68.9,1.6
 Mokka,2014,7495.0,Manual,42000,Diesel,30,62.8,1.7
 Mokka,2016,9998.0,Manual,6953,Petrol,200,40.9,1.6
 Mokka,2016,7998.0,Manual,56798,Diesel,30,65.7,1.6
 Mokka,2016,7495.0,Manual,50500,Diesel,30,65.7,1.6
 Mokka,2014,6698.0,Manual,46025,Diesel,30,62.8,1.7
 Mokka,2016,9498.0,Manual,26887,Petrol,165,44.8,1.4
 Mokka,2016,8998.0,Manual,32586,Petrol,160,44.8,1.4
 Mokka,2014,7998.0,Manual,22544,Petrol,200,43.5,1.6
 Mokka,2016,8598.0,Manual,36568,Diesel,30,65.7,1.6
 Mokka,2016,8498.0,Manual,28031,Petrol,200,40.9,1.6
 Mokka,2015,8998.0,Manual,34147,Petrol,160,44.8,1.4
 Mokka,2016,8998.0,Manual,36851,Petrol,205,40.9,1.6
 Mokka,2016,8998.0,Manual,33116,Petrol,160,44.8,1.4
 Mokka,2016,7998.0,Manual,43310,Petrol,200,40.9,1.6
 Mokka,2014,7298.0,Manual,49524,Diesel,30,60.1,1.7
 Mokka,2014,7998.0,Manual,18915,Petrol,200,43.5,1.6
 Mokka,2015,8298.0,Manual,37090,Petrol,160,44.8,1.4
 Mokka,2016,9998.0,Manual,19753,Petrol,160,44.8,1.4
 Mokka,2015,8998.0,Manual,25352,Petrol,160,44.8,1.4
 Mokka,2015,9698.0,Manual,26531,Petrol,205,42.2,1.4
 Mokka,2014,7498.0,Manual,36402,Petrol,200,43.5,1.6
 Mokka,2016,10698.0,Manual,17204,Petrol,160,44.8,1.4
 Mokka,2015,7998.0,Manual,40362,Petrol,160,44.8,1.4
 Mokka,2015,8998.0,Manual,36215,Petrol,200,42.2,1.4
 Mokka,2015,8298.0,Manual,39927,Petrol,200,42.2,1.4
 Mokka,2015,8498.0,Manual,44783,Diesel,20,68.9,1.6
 Mokka,2015,7998.0,Manual,46311,Petrol,200,42.2,1.4
 Mokka,2016,9998.0,Manual,19411,Petrol,160,44.8,1.4
 Mokka,2016,9998.0,Manual,18507,Diesel,125,60.1,1.6
 Mokka,2015,7798.0,Manual,34997,Petrol,200,40.9,1.6
 Mokka,2016,9998.0,Manual,24775,Diesel,20,68.9,1.6
 Mokka,2015,8698.0,Manual,30466,Petrol,160,44.8,1.4
 Mokka,2013,7498.0,Manual,24124,Petrol,205,43.5,1.6
 Mokka,2013,7201.0,Manual,49652,Diesel,125,57.6,1.7
 Mokka,2015,8991.0,Automatic,49231,Petrol,160,43.5,1.4
 Mokka,2014,8491.0,Manual,29731,Diesel,30,62.8,1.7
 Mokka,2014,6800.0,Manual,64822,Petrol,200,43.5,1.6
 Mokka,2015,8691.0,Manual,42436,Petrol,165,44.8,1.4
 Mokka,2015,8698.0,Manual,38539,Diesel,30,65.7,1.6
 Mokka,2015,8798.0,Manual,32634,Petrol,160,44.8,1.4
 Mokka,2014,7698.0,Manual,31501,Petrol,200,43.5,1.6
 Mokka,2014,6491.0,Manual,61661,Petrol,200,43.5,1.6
 Mokka,2015,8999.0,Automatic,34076,Petrol,205,40.4,1.4
 Mokka,2014,7855.0,Automatic,40670,Diesel,145,53.3,1.7
 Mokka,2014,7855.0,Automatic,40667,Diesel,150,53.3,1.7
 Mokka,2015,8798.0,Manual,30632,Petrol,205,42.2,1.4
 Mokka,2015,7698.0,Manual,47364,Petrol,200,43.5,1.6
 Mokka,2015,8999.0,Automatic,34076,Petrol,200,40.4,1.4
 Mokka,2015,8498.0,Manual,30503,Petrol,160,44.8,1.4
 Mokka,2016,9210.0,Manual,18348,Petrol,160,44.8,1.4
 Mokka,2015,8998.0,Manual,28849,Petrol,160,44.8,1.4
 Mokka,2016,8998.0,Manual,33850,Petrol,160,44.8,1.4
 Mokka,2014,8120.0,Manual,42675,Diesel,30,60.1,1.7
 Mokka,2016,8995.0,Manual,19003,Diesel,20,68.9,1.6
 Mokka,2014,7498.0,Manual,30824,Petrol,200,43.5,1.6
 Mokka,2015,7998.0,Manual,49633,Diesel,30,60.1,1.7
 Mokka,2015,8698.0,Manual,44845,Diesel,125,60.1,1.6
 Mokka,2016,9298.0,Manual,30596,Petrol,160,44.8,1.4
 Mokka,2014,6495.0,Manual,70733,Diesel,30,60.1,1.7
 Mokka,2016,9898.0,Manual,18556,Petrol,160,44.8,1.4
 Mokka,2015,8498.0,Manual,42923,Petrol,160,44.8,1.4
 Mokka,2015,8498.0,Manual,23820,Diesel,20,68.9,1.6
 Mokka,2016,9498.0,Manual,24022,Diesel,20,68.9,1.6
 Mokka,2015,8991.0,Manual,31048,Petrol,160,44.8,1.4
 Mokka,2015,7491.0,Manual,47695,Diesel,20,68.9,1.6
 Mokka,2016,9000.0,Manual,10524,Petrol,200,40.9,1.6
 Mokka,2015,8991.0,Automatic,29130,Diesel,150,53.3,1.7
 Mokka,2014,6798.0,Manual,63205,Diesel,30,62.8,1.7
 Mokka,2015,8698.0,Manual,30808,Petrol,160,44.8,1.4
 Mokka,2015,9998.0,Automatic,16821,Petrol,205,40.4,1.4
 Mokka,2016,9010.0,Manual,16412,Petrol,160,44.8,1.4
 Mokka,2016,9298.0,Manual,28649,Petrol,165,44.8,1.4
 Mokka,2016,7997.0,Manual,51618,Petrol,200,40.9,1.6
 Mokka,2015,8998.0,Manual,30590,Diesel,20,68.9,1.6
 Mokka,2016,9498.0,Manual,30710,Petrol,200,40.9,1.6
 Mokka,2015,8498.0,Manual,38796,Diesel,20,68.9,1.6
 Mokka,2016,9498.0,Manual,22328,Petrol,160,44.8,1.4
 Mokka,2014,8490.0,Automatic,15336,Petrol,200,41.5,1.4
 Mokka,2015,8290.0,Manual,29200,Petrol,150,47.1,1.4
 Mokka,2016,9298.0,Manual,20668,Petrol,160,44.8,1.4
 Mokka,2014,7498.0,Manual,40128,Petrol,200,43.5,1.6
 Mokka,2016,8795.0,Manual,19987,Petrol,200,40.9,1.6
 Mokka,2016,9250.0,Automatic,39980,Diesel,145,55.4,1.6
 Mokka,2015,8698.0,Manual,45091,Petrol,200,42.2,1.4
 Mokka,2015,7795.0,Manual,33671,Petrol,200,40.9,1.6
 Mokka,2016,9200.0,Manual,11380,Petrol,200,40.9,1.6
 Mokka,2016,9195.0,Manual,19560,Diesel,30,65.7,1.6
 Mokka,2013,6995.0,Manual,37385,Petrol,205,43.5,1.6
 Mokka,2016,8295.0,Manual,31106,Diesel,30,65.7,1.6
 Mokka,2015,8990.0,Manual,12000,Petrol,200,40.9,1.6
 Mokka,2016,7990.0,Manual,39915,Petrol,205,40.9,1.6
 Mokka,2014,6950.0,Manual,43000,Petrol,200,43.5,1.6
 Mokka,2016,7495.0,Manual,43566,Petrol,205,40.9,1.6
 Mokka,2016,8500.0,Manual,34259,Petrol,205,40.9,1.6
 Mokka,2016,8695.0,Manual,33000,Petrol,200,40.9,1.6
 Mokka,2015,7895.0,Manual,61000,Petrol,200,40.9,1.6
 Mokka,2016,6895.0,Manual,90000,Diesel,30,65.7,1.6
 Mokka,2015,8150.0,Manual,48244,Diesel,20,68.9,1.6
 Mokka,2013,6390.0,Manual,48000,Petrol,200,43.5,1.6
 Mokka,2015,8290.0,Manual,39916,Petrol,160,44.8,1.4
 Mokka,2015,7990.0,Manual,22628,Petrol,205,43.5,1.6
 Mokka,2015,10170.0,Automatic,11805,Petrol,200,40.4,1.4
 Mokka,2014,7510.0,Manual,41110,Petrol,200,43.5,1.6
 Mokka,2015,8971.0,Manual,32048,Petrol,205,40.9,1.6
 Mokka,2016,9471.0,Manual,28248,Petrol,205,40.9,1.6
 Mokka,2015,8971.0,Manual,30176,Diesel,30,65.7,1.6
 Mokka,2015,8498.0,Manual,35462,Diesel,125,60.1,1.6
 Mokka,2016,7720.0,Manual,37748,Petrol,160,44.8,1.4
 Mokka,2015,8129.0,Manual,29915,Petrol,200,43.5,1.6
 Mokka,2016,9000.0,Manual,28659,Petrol,160,44.8,1.4
 Mokka,2013,7100.0,Manual,22439,Petrol,200,43.5,1.6
 Mokka,2013,7971.0,Manual,34344,Diesel,125,57.6,1.7
 Mokka,2016,8698.0,Manual,37773,Diesel,30,65.7,1.6
 Mokka,2015,7298.0,Manual,42523,Petrol,205,43.5,1.6
 Mokka,2016,8250.0,Manual,33635,Petrol,200,40.9,1.6
 Mokka,2016,8920.0,Manual,13529,Petrol,160,44.8,1.4
 Mokka,2014,6750.0,Manual,68034,Diesel,30,60.1,1.7
 Mokka,2016,10399.0,Automatic,24042,Petrol,160,43.5,1.4
 Mokka,2016,9290.0,Manual,17982,Petrol,160,44.8,1.4
 Mokka,2016,9554.0,Manual,21050,Diesel,20,68.9,1.6
 Mokka,2015,8600.0,Manual,44471,Petrol,165,44.8,1.4
 Mokka,2014,8750.0,Manual,28635,Petrol,145,47.1,1.4
 Mokka,2013,8151.0,Manual,31746,Diesel,125,57.6,1.7
 Mokka,2015,7640.0,Manual,48047,Diesel,30,62.8,1.7
 Mokka,2016,9991.0,Automatic,19046,Petrol,165,43.5,1.4
 Mokka,2016,8391.0,Manual,23992,Petrol,165,44.8,1.4
 Mokka,2016,8995.0,Manual,32312,Petrol,165,44.8,1.4
 Mokka,2015,8990.0,Automatic,38327,Petrol,200,40.4,1.4
 Mokka,2014,7800.0,Manual,36803,Petrol,150,47.1,1.4
 Mokka,2015,8480.0,Manual,38678,Diesel,20,68.9,1.6
 Mokka,2015,7499.0,Manual,52081,Petrol,205,43.5,1.6
 Mokka,2016,9160.0,Manual,17164,Petrol,200,40.9,1.6
 Mokka,2014,7000.0,Manual,52993,Petrol,200,43.5,1.6
 Mokka,2016,8891.0,Manual,21033,Petrol,200,40.9,1.6
 Mokka,2015,9298.0,Automatic,25321,Petrol,200,40.4,1.4
 Mokka,2016,9360.0,Manual,16518,Diesel,30,65.7,1.6
 Mokka,2014,7990.0,Manual,30786,Petrol,205,43.5,1.6
 Mokka,2013,6417.0,Manual,77127,Diesel,125,57.6,1.7
 Mokka,2016,8999.0,Manual,29840,Petrol,165,44.8,1.4
 Mokka,2015,8720.0,Manual,27395,Petrol,200,42.2,1.4
 Mokka,2015,9200.0,Manual,20434,Petrol,150,47.1,1.4
 Mokka,2016,9298.0,Manual,32239,Diesel,20,68.9,1.6
 Mokka,2016,8000.0,Manual,50556,Diesel,20,68.9,1.6
 Mokka,2016,9930.0,Manual,11500,Petrol,200,40.9,1.6
 Mokka,2015,8290.0,Manual,44516,Petrol,200,42.2,1.4
 Mokka,2016,8990.0,Manual,42814,Diesel,125,60.1,1.6
 Mokka,2016,9110.0,Manual,18617,Petrol,205,40.9,1.6
 Mokka,2016,8690.0,Manual,41581,Diesel,20,68.9,1.6
 Mokka,2015,7640.0,Manual,65421,Diesel,30,65.7,1.6
 Mokka,2015,10955.0,Automatic,41000,Petrol,200,40.4,1.4
 Mokka,2015,9955.0,Manual,45210,Diesel,30,65.7,1.6
 Mokka,2014,8955.0,Manual,53945,Diesel,30,60.1,1.7
 Mokka,2014,7390.0,Manual,45000,Petrol,205,43.5,1.6
 Mokka,2014,5995.0,Automatic,85493,Petrol,205,41.5,1.4
 Mokka,2014,5891.0,Manual,92911,Diesel,30,60.1,1.7
 Mokka,2014,6630.0,Manual,71517,Petrol,200,43.5,1.6
 Mokka,2016,7450.0,Manual,48293,Diesel,30,65.7,1.6
 Mokka,2015,10955.0,Automatic,39500,Petrol,160,43.5,1.4
 Mokka,2015,8498.0,Manual,20135,Petrol,205,43.5,1.6
 Mokka,2015,8498.0,Manual,33104,Diesel,30,65.7,1.6
 Mokka,2015,8481.0,Automatic,34376,Diesel,145,53.3,1.7
 Mokka,2015,7391.0,Manual,45617,Petrol,160,44.8,1.4
 Mokka,2016,8500.0,Manual,29770,Petrol,165,44.8,1.4
 Mokka,2014,7000.0,Manual,50239,Diesel,30,62.8,1.7
 Mokka,2016,9000.0,Manual,66058,Diesel,30,65.7,1.6
 Mokka,2015,7860.0,Manual,51096,Diesel,30,65.7,1.6
 Mokka,2016,8990.0,Manual,27515,Petrol,160,44.8,1.4
 Mokka,2015,7600.0,Manual,56642,Petrol,200,42.2,1.4
 Mokka,2014,6700.0,Manual,69909,Diesel,30,62.8,1.7
 Mokka,2015,8000.0,Manual,53929,Petrol,205,40.9,1.6
 Mokka,2014,7500.0,Manual,50000,Petrol,205,43.5,1.6
 Mokka,2016,7200.0,Manual,63000,Petrol,205,40.9,1.6
 Mokka,2015,9290.0,Manual,18712,Diesel,30,62.8,1.7
 Mokka,2016,9790.0,Manual,12834,Petrol,160,44.8,1.4
 Mokka,2016,8498.0,Manual,55317,Petrol,200,40.9,1.6
 Mokka,2015,7750.0,Manual,37697,Petrol,200,43.5,1.6
 Mokka,2014,7895.0,Manual,36087,Petrol,200,43.5,1.6
 Mokka,2016,8660.0,Manual,32377,Petrol,200,40.9,1.6
 Mokka,2013,6481.0,Manual,47000,Petrol,205,43.5,1.6
 Mokka,2014,8053.0,Manual,36087,Petrol,200,43.5,1.6
 Mokka,2016,9200.0,Manual,20664,Diesel,125,60.1,1.6
 Mokka,2015,8798.0,Manual,22791,Petrol,200,40.9,1.6
 Mokka,2016,7699.0,Manual,40000,Petrol,200,40.9,1.6
 Mokka,2016,10891.0,Manual,11337,Petrol,205,42.2,1.4
 Mokka,2016,8500.0,Manual,39026,Petrol,205,40.9,1.6
 Mokka,2014,7250.0,Manual,27655,Petrol,200,43.5,1.6
 Mokka,2014,8698.0,Manual,43760,Petrol,160,44.1,1.4
 Mokka,2014,7070.0,Manual,53384,Diesel,125,57.6,1.7
 Mokka,2016,10998.0,Automatic,15498,Petrol,165,43.5,1.4
 Mokka,2016,10998.0,Automatic,9437,Petrol,165,43.5,1.4
 Mokka,2016,10495.0,Automatic,11449,Petrol,165,43.5,1.4
 Mokka,2016,8150.0,Manual,58356,Diesel,30,65.7,1.6
 Mokka,2016,8998.0,Manual,28824,Petrol,160,44.8,1.4
 Mokka,2015,7998.0,Manual,51328,Diesel,30,65.7,1.6
 Mokka,2014,7599.0,Manual,46890,Petrol,205,43.5,1.6
 Mokka,2015,9499.0,Automatic,25440,Diesel,150,55.4,1.6
 Mokka,2014,7699.0,Manual,29758,Petrol,200,43.5,1.6
 Mokka,2016,9299.0,Manual,23625,Petrol,160,44.8,1.4
 Mokka,2016,10891.0,Manual,12002,Petrol,200,42.2,1.4
 Mokka,2016,9695.0,Manual,29250,Petrol,160,44.8,1.4
 Mokka,2016,9495.0,Manual,13769,Diesel,30,65.7,1.6
 Mokka,2016,9532.0,Manual,39434,Diesel,30,65.7,1.6
 Mokka,2015,7370.0,Manual,69581,Diesel,125,57.6,1.7
 Mokka,2016,10295.0,Manual,33922,Diesel,20,68.9,1.6
 Mokka,2014,8995.0,Manual,14678,Petrol,200,43.5,1.6
 Mokka,2016,9495.0,Automatic,24617,Petrol,165,43.5,1.4
 Mokka,2015,7998.0,Manual,40834,Petrol,205,42.2,1.4
 Mokka,2015,9998.0,Automatic,19877,Petrol,205,40.4,1.4
 Mokka,2014,7991.0,Manual,37809,Diesel,125,57.6,1.7
 Mokka,2015,8391.0,Manual,42573,Petrol,200,43.5,1.6
 Mokka,2014,7995.0,Manual,39356,Diesel,30,60.1,1.7
 Mokka,2016,8995.0,Manual,33440,Petrol,160,44.8,1.4
 Mokka,2016,10030.0,Manual,6186,Petrol,200,40.9,1.6
 Mokka,2015,7950.0,Manual,47000,Diesel,30,65.7,1.6
 Mokka,2016,9180.0,Manual,22691,Petrol,200,40.9,1.6
 Mokka,2016,8560.0,Manual,39093,Petrol,200,40.9,1.6
 Mokka,2015,7710.0,Manual,39011,Petrol,160,44.8,1.4
 Mokka,2016,10391.0,Automatic,26607,Petrol,160,43.5,1.4
 Mokka,2015,8741.0,Manual,26721,Petrol,165,44.8,1.4
 Mokka,2015,7000.0,Manual,33293,Petrol,200,43.5,1.6
 Mokka,2016,9495.0,Manual,20460,Petrol,200,40.9,1.6
 Mokka,2015,7495.0,Manual,42510,Petrol,200,43.5,1.6
 Mokka,2014,7290.0,Manual,42724,Petrol,145,47.1,1.4
 Mokka,2013,8195.0,Manual,31939,Diesel,30,62.8,1.7
 Mokka,2015,8998.0,Manual,34254,Diesel,20,68.9,1.6
 Mokka,2014,6498.0,Manual,63064,Petrol,205,43.5,1.6
 Mokka,2015,6998.0,Manual,73289,Petrol,160,44.8,1.4
 Mokka,2014,8690.0,Manual,30258,Petrol,200,43.5,1.6
 Mokka,2016,9250.0,Manual,25133,Diesel,20,68.9,1.6
 Mokka,2013,7495.0,Manual,50087,Petrol,165,44.1,1.4
 Mokka,2014,6998.0,Manual,62833,Petrol,145,47.1,1.4
 Mokka,2016,10298.0,Automatic,60570,Petrol,160,43.5,1.4
 Mokka,2014,7295.0,Manual,53150,Diesel,30,62.8,1.7
 Mokka,2016,8410.0,Manual,29506,Petrol,200,40.9,1.6
 Mokka,2016,8390.0,Manual,63216,Petrol,160,44.8,1.4
 Mokka,2015,7790.0,Manual,38214,Petrol,165,44.8,1.4
 Mokka,2016,7795.0,Manual,55492,Diesel,30,65.7,1.6
 Mokka,2016,11996.0,Automatic,11138,Petrol,160,43.5,1.4
 Mokka,2014,7370.0,Manual,47169,Diesel,30,62.8,1.7
 Mokka,2016,11500.0,Manual,5930,Petrol,160,44.8,1.4
 Mokka,2016,10000.0,Manual,9334,Petrol,200,40.9,1.6
 Mokka,2016,10997.0,Manual,8723,Diesel,20,68.9,1.6
 Mokka,2013,7295.0,Automatic,52185,Diesel,145,53.3,1.7
 Mokka,2015,10350.0,Automatic,15091,Petrol,160,43.5,1.4
 Mokka,2015,6495.0,Manual,80522,Petrol,200,43.5,1.6
 Mokka,2016,10790.0,Manual,16952,Petrol,200,42.2,1.4
 Mokka,2016,9450.0,Manual,22062,Petrol,160,44.8,1.4
 Mokka,2016,8991.0,Manual,39988,Diesel,30,65.7,1.6
 Mokka,2013,7690.0,Manual,39110,Diesel,30,62.8,1.7
 Mokka,2015,10108.0,Automatic,16165,Petrol,160,43.5,1.4
 Mokka,2014,7778.0,Manual,43016,Petrol,160,44.1,1.4
 Mokka,2014,6998.0,Manual,42941,Petrol,205,43.5,1.6
 Mokka,2015,8500.0,Manual,24522,Petrol,200,40.9,1.6
 Mokka,2016,8998.0,Manual,22374,Petrol,205,40.9,1.6
 Mokka,2016,8400.0,Manual,29546,Petrol,205,40.9,1.6
 Mokka,2014,7799.0,Manual,39447,Petrol,205,43.5,1.6
 Mokka,2016,9200.0,Manual,37260,Diesel,30,65.7,1.6
 Mokka,2016,7777.0,Manual,69000,Diesel,20,68.9,1.6
 Mokka,2016,7950.0,Manual,20191,Petrol,200,40.9,1.6
 Mokka,2016,9450.0,Manual,20300,Diesel,125,60.1,1.6
 Mokka,2015,9300.0,Manual,26102,Diesel,30,60.1,1.7
 Mokka,2014,6291.0,Manual,74339,Diesel,30,62.8,1.7
 Mokka,2015,6661.0,Manual,74535,Diesel,30,60.1,1.7
 Mokka,2013,6998.0,Manual,57039,Diesel,30,60.1,1.7
 Mokka,2015,8200.0,Manual,41754,Petrol,160,44.8,1.4
 Mokka,2014,7449.0,Manual,56430,Diesel,30,62.8,1.7
 Mokka,2015,8188.0,Manual,49852,Diesel,30,60.1,1.7
 Mokka,2015,8498.0,Manual,26106,Petrol,160,44.8,1.4
 Mokka,2016,9700.0,Manual,18333,Petrol,200,40.9,1.6
 Mokka,2013,5699.0,Manual,78505,Petrol,205,43.5,1.6
 Mokka,2015,8999.0,Manual,27780,Diesel,125,57.6,1.7
 Mokka,2016,8998.0,Manual,28525,Petrol,200,40.9,1.6
 Mokka,2014,7800.0,Manual,51251,Diesel,125,57.6,1.7
 Mokka,2014,7999.0,Manual,36301,Petrol,145,47.1,1.4
 Mokka,2016,10295.0,Automatic,24000,Petrol,160,43.5,1.4
 Mokka,2014,7995.0,Manual,41123,Diesel,125,57.6,1.7
 Mokka,2014,7991.0,Manual,49352,Petrol,150,47.1,1.4
 Mokka,2015,8998.0,Automatic,38803,Diesel,145,55.4,1.6
 Mokka,2014,6899.0,Manual,56093,Petrol,200,43.5,1.6
 Mokka,2014,7069.0,Manual,64593,Petrol,200,43.5,1.6
 Mokka,2016,8641.0,Manual,21744,Petrol,165,44.8,1.4
 Mokka,2014,7131.0,Manual,36528,Diesel,30,62.8,1.7
 Mokka,2016,9000.0,Manual,46650,Petrol,205,42.2,1.4
 Mokka,2013,7499.0,Manual,41370,Petrol,165,44.1,1.4
 Mokka,2016,9591.0,Manual,29707,Petrol,165,44.8,1.4
 Mokka,2013,6191.0,Manual,77011,Diesel,30,62.8,1.7
 Mokka,2014,8798.0,Automatic,28704,Diesel,145,53.3,1.7
 Mokka,2014,7512.0,Manual,43663,Petrol,200,43.5,1.6
 Mokka,2016,9299.0,Manual,38647,Diesel,20,68.9,1.6
 Mokka,2015,7498.0,Manual,44617,Diesel,30,62.8,1.7
 Mokka,2016,8499.0,Manual,24442,Petrol,200,40.9,1.6
 Mokka,2016,7799.0,Manual,74673,Diesel,20,68.9,1.6
 Mokka,2016,9280.0,Manual,13151,Petrol,200,40.9,1.6
 Mokka,2015,7491.0,Manual,48192,Petrol,200,40.9,1.6
 Mokka,2016,8420.0,Manual,36445,Petrol,205,40.9,1.6
 Mokka,2015,8570.0,Manual,38144,Diesel,30,62.8,1.7
 Mokka,2014,6670.0,Manual,57027,Petrol,150,47.1,1.4
 Mokka,2016,8129.0,Manual,39750,Diesel,30,65.7,1.6
 Mokka,2015,7890.0,Manual,55378,Diesel,30,65.7,1.6
 Mokka,2016,8040.0,Manual,36400,Petrol,160,44.8,1.4
 Mokka,2014,7498.0,Manual,38273,Petrol,205,43.5,1.6
 Mokka,2016,8490.0,Manual,37074,Diesel,20,68.9,1.6
 Mokka,2015,8180.0,Manual,53255,Diesel,20,68.9,1.6
 Mokka,2015,8826.0,Manual,28558,Petrol,160,44.8,1.4
 Mokka,2016,7540.0,Manual,65460,Diesel,20,68.9,1.6
 Mokka,2015,9490.0,Manual,22204,Petrol,160,44.8,1.4
 Mokka,2015,8020.0,Manual,29775,Diesel,20,68.9,1.6
 Mokka,2016,10263.0,Automatic,29987,Petrol,165,43.5,1.4
 Mokka,2015,8999.0,Manual,49618,Diesel,125,60.1,1.6
 Mokka,2014,7250.0,Manual,65711,Diesel,30,60.1,1.7
 Mokka,2015,7995.0,Manual,50066,Petrol,205,42.2,1.4
 Mokka,2016,8650.0,Manual,29030,Petrol,200,40.9,1.6
 Mokka,2016,9989.0,Manual,9400,Petrol,160,44.8,1.4
 Mokka,2015,8999.0,Manual,27706,Petrol,200,40.9,1.6
 Mokka,2014,8334.0,Manual,44738,Petrol,200,43.5,1.6
 Mokka,2014,7299.0,Manual,56136,Diesel,30,62.8,1.7
 Mokka,2015,8474.0,Manual,31719,Petrol,200,43.5,1.6
 Mokka,2013,6699.0,Manual,64250,Diesel,30,60.1,1.7
 Mokka,2014,7399.0,Manual,37601,Diesel,30,62.8,1.7
 Mokka,2016,9099.0,Manual,36281,Diesel,20,68.9,1.6
 Mokka,2015,8299.0,Manual,30400,Petrol,200,40.9,1.6
 Mokka,2015,9499.0,Manual,24136,Diesel,30,65.7,1.6
 Mokka,2013,9000.0,Manual,18851,Diesel,30,62.8,1.7
 Mokka,2016,8499.0,Manual,27700,Petrol,200,40.9,1.6
 Mokka,2016,9799.0,Manual,7326,Petrol,200,40.9,1.6
 Mokka,2015,9995.0,Automatic,15237,Petrol,200,40.4,1.4
 Mokka,2015,8459.0,Manual,35828,Petrol,160,44.8,1.4
 Mokka,2014,6990.0,Manual,67002,Diesel,30,62.8,1.7
 Mokka,2015,8490.0,Manual,28349,Diesel,30,62.8,1.7
 Mokka,2015,9491.0,Manual,30464,Petrol,160,44.8,1.4
 Mokka,2015,8495.0,Manual,35401,Petrol,160,44.8,1.4
 Mokka,2016,8495.0,Manual,27000,Petrol,205,40.9,1.6
 Mokka,2016,8495.0,Manual,48845,Petrol,200,42.2,1.4
 Mokka,2016,8493.0,Manual,43254,Diesel,30,65.7,1.6
 Mokka,2014,6500.0,Manual,69898,Diesel,30,62.8,1.7
 Mokka,2015,8500.0,Manual,41157,Petrol,150,47.1,1.4
 Mokka,2016,9863.0,Manual,4680,Petrol,200,40.9,1.6
 Mokka,2015,8210.0,Manual,36000,Petrol,205,43.5,1.6
 Mokka,2014,6191.0,Manual,66251,Petrol,205,43.5,1.6
 Mokka,2016,9291.0,Manual,29605,Petrol,160,44.8,1.4
 Mokka,2016,9491.0,Manual,22460,Petrol,165,44.8,1.4
 Mokka,2015,8691.0,Manual,29990,Diesel,20,68.9,1.6
 Mokka,2013,6490.0,Manual,70671,Diesel,125,57.6,1.7
 Mokka,2014,7492.0,Manual,54165,Petrol,205,43.5,1.6
 Mokka,2014,7391.0,Manual,34789,Petrol,205,43.5,1.6
 Mokka,2016,9500.0,Manual,22640,Petrol,165,44.8,1.4
 Mokka,2016,8489.0,Manual,25140,Petrol,200,40.9,1.6
 Mokka,2016,9995.0,Manual,22231,Diesel,30,65.7,1.6
 Mokka,2015,9495.0,Automatic,29613,Petrol,205,42.8,1.4
 Mokka,2016,11495.0,Automatic,26320,Petrol,160,40.4,1.4
 Mokka,2013,7495.0,Manual,62900,Diesel,125,57.6,1.7
 Mokka,2016,11495.0,Automatic,26415,Petrol,165,40.4,1.4
 Mokka,2015,6995.0,Manual,69281,Petrol,145,47.1,1.4
 Mokka,2015,9000.0,Manual,15834,Petrol,205,40.9,1.6
 Mokka,2013,8495.0,Manual,38139,Diesel,125,57.6,1.7
 Mokka,2016,8700.0,Manual,41100,Petrol,200,42.2,1.4
 Mokka,2015,9490.0,Manual,19562,Petrol,145,47.1,1.4
 Mokka,2016,9979.0,Manual,15150,Petrol,205,40.9,1.6
 Mokka,2014,8679.0,Manual,39819,Petrol,160,44.1,1.4
 Mokka,2015,7450.0,Manual,64674,Diesel,125,57.6,1.7
 Mokka,2016,9440.0,Manual,30905,Diesel,20,68.9,1.6
 Mokka,2016,9070.0,Manual,19966,Petrol,200,40.9,1.6
 Mokka,2016,8321.0,Manual,53033,Diesel,20,68.9,1.6
 Mokka,2016,8999.0,Manual,44989,Diesel,20,68.9,1.6
 Mokka,2016,7799.0,Manual,55779,Diesel,30,65.7,1.6
 Mokka,2015,9999.0,Manual,22039,Diesel,20,68.9,1.6
 Mokka,2017,9299.0,Manual,27423,Petrol,160,44.8,1.4
 Mokka,2016,7499.0,Manual,39741,Diesel,30,65.7,1.6
 Mokka,2016,12495.0,Automatic,14000,Petrol,160,43.5,1.4
 Mokka,2016,9495.0,Manual,38000,Petrol,160,44.8,1.4
 Mokka,2016,9971.0,Manual,20044,Petrol,160,44.8,1.4
 Mokka,2015,8499.0,Manual,31069,Diesel,30,62.8,1.7
 Mokka,2016,10995.0,Manual,12007,Petrol,200,40.9,1.6
 Mokka,2016,9140.0,Manual,37589,Diesel,30,65.7,1.6
 Mokka,2014,7200.0,Manual,41685,Diesel,30,62.8,1.7
 Mokka,2015,8995.0,Automatic,34000,Petrol,205,40.4,1.4
 Mokka,2014,7699.0,Manual,54940,Diesel,125,57.6,1.7
 Mokka,2014,7543.0,Manual,52182,Diesel,30,62.8,1.7
 Mokka,2014,8000.0,Manual,38000,Diesel,30,62.8,1.7
 Mokka,2016,8899.0,Automatic,50253,Petrol,165,43.5,1.4
 Mokka,2015,7799.0,Manual,58086,Diesel,30,62.8,1.7
 Mokka,2015,7982.0,Manual,34349,Petrol,205,40.9,1.6
 Mokka,2014,6990.0,Manual,53200,Petrol,205,43.5,1.6
 Mokka,2014,7990.0,Manual,46500,Petrol,145,47.1,1.4
 Mokka,2015,6995.0,Manual,47500,Petrol,205,40.9,1.6
 Mokka,2016,9395.0,Manual,40495,Petrol,160,44.8,1.4
 Mokka,2015,7799.0,Manual,55247,Diesel,30,65.7,1.6
 Mokka,2014,7650.0,Manual,28774,Petrol,200,43.5,1.6
 Mokka,2015,8299.0,Manual,52684,Diesel,20,68.9,1.6
 Mokka,2015,9000.0,Manual,23272,Diesel,30,65.7,1.6
 Mokka,2014,6895.0,Manual,93520,Diesel,125,57.6,1.7
 Mokka,2014,7990.0,Manual,54000,Petrol,145,47.1,1.4
 Mokka,2015,8495.0,Manual,36198,Petrol,145,47.1,1.4
 Mokka,2015,9990.0,Automatic,35000,Petrol,200,40.4,1.4
 Mokka,2016,9995.0,Manual,12350,Petrol,160,44.8,1.4
 Mokka,2016,8995.0,Manual,25382,Petrol,160,44.8,1.4
 Mokka,2016,9495.0,Manual,19606,Petrol,160,44.8,1.4
 Mokka,2016,8995.0,Manual,36438,Petrol,160,44.8,1.4
 Mokka,2015,8995.0,Manual,29886,Diesel,30,65.7,1.6
 Mokka,2015,8000.0,Manual,61000,Petrol,160,44.8,1.4
 Mokka,2016,9000.0,Manual,53615,Diesel,30,65.7,1.6
 Mokka,2016,9495.0,Manual,29433,Diesel,20,68.9,1.6
 Mokka,2016,9395.0,Manual,28194,Petrol,160,44.8,1.4
 Mokka,2014,8495.0,Manual,33139,Petrol,200,43.5,1.6
 Mokka,2015,8395.0,Manual,34000,Petrol,200,43.5,1.6
 Mokka,2016,9995.0,Manual,16500,Petrol,160,44.8,1.4
 Mokka,2016,9995.0,Manual,33000,Diesel,20,68.9,1.6
 Mokka,2016,10977.0,Automatic,14985,Petrol,160,43.5,1.4
 Mokka,2014,7699.0,Manual,29164,Petrol,205,43.5,1.6
 Mokka,2015,7667.0,Manual,38171,Petrol,200,43.5,1.6
 Mokka,2014,7995.0,Manual,39300,Petrol,150,47.1,1.4
 Mokka,2015,7795.0,Manual,30158,Petrol,200,40.9,1.6
 Mokka,2015,8995.0,Manual,51000,Petrol,160,44.8,1.4
 Mokka,2013,7495.0,Manual,45000,Diesel,30,62.8,1.7
 Mokka,2015,9995.0,Automatic,33000,Petrol,160,43.5,1.4
 Mokka,2013,7995.0,Manual,30000,Diesel,30,62.8,1.7
 Mokka,2014,7550.0,Manual,35825,Petrol,205,43.5,1.6
 Mokka,2016,7590.0,Manual,53228,Petrol,160,44.8,1.4
 Mokka,2016,8390.0,Manual,38366,Petrol,200,40.9,1.6
 Mokka,2014,8290.0,Manual,27300,Diesel,125,57.6,1.7
 Mokka,2016,7990.0,Manual,35410,Petrol,200,40.9,1.6
 Mokka,2015,9975.0,Automatic,21459,Petrol,200,40.4,1.4
 Mokka,2015,8499.0,Manual,29516,Petrol,165,44.8,1.4
 Mokka,2015,9248.0,Automatic,33102,Petrol,200,42.8,1.4
 Mokka,2014,8495.0,Automatic,38563,Petrol,205,41.5,1.4
 Mokka,2014,7500.0,Manual,39066,Diesel,30,62.8,1.7
 Mokka,2015,7900.0,Manual,52713,Petrol,160,44.8,1.4
 Mokka,2015,9500.0,Manual,17385,Diesel,20,68.9,1.6
 Mokka,2016,8995.0,Manual,25798,Diesel,20,68.9,1.6
 Mokka,2016,10480.0,Automatic,9792,Petrol,165,43.5,1.4
 Mokka,2016,8999.0,Manual,38610,Petrol,160,44.8,1.4
 Mokka,2016,9299.0,Manual,21286,Petrol,160,44.8,1.4
 Mokka,2015,8699.0,Manual,43481,Petrol,160,44.8,1.4
 Mokka,2014,9495.0,Automatic,30889,Petrol,205,41.5,1.4
 Mokka,2013,7499.0,Manual,44427,Petrol,200,43.5,1.6
 Mokka,2016,9695.0,Manual,23526,Petrol,160,44.8,1.4
 Mokka,2016,9995.0,Manual,13946,Petrol,160,44.8,1.4
 Mokka,2015,8495.0,Manual,41396,Diesel,30,65.7,1.6
 Mokka,2016,10991.0,Automatic,13324,Petrol,165,43.5,1.4
 Mokka,2014,6355.0,Manual,87834,Diesel,125,57.6,1.7
 Mokka,2014,7250.0,Manual,48200,Diesel,125,57.6,1.7
 Mokka,2016,9495.0,Manual,21286,Petrol,160,44.8,1.4
 Mokka,2015,8995.0,Automatic,46000,Diesel,150,53.3,1.7
 Mokka,2015,7495.0,Manual,54000,Diesel,30,65.7,1.6
 Mokka,2016,9499.0,Manual,26903,Petrol,205,40.9,1.6
 Mokka,2016,8750.0,Manual,43423,Diesel,30,65.7,1.6
 Mokka,2016,8899.0,Manual,59544,Diesel,30,65.7,1.6
 Mokka,2016,9995.0,Manual,20462,Diesel,30,65.7,1.6
 Mokka,2016,9995.0,Manual,31000,Diesel,165,43.5,1.6
 Mokka,2015,7499.0,Manual,52684,Petrol,145,47.1,1.4
 Mokka,2015,8500.0,Manual,22005,Petrol,200,40.9,1.6
 Mokka,2014,6499.0,Manual,62864,Diesel,30,62.8,1.7
 Mokka,2016,8499.0,Manual,34579,Petrol,200,40.9,1.6
 Mokka,2015,8999.0,Manual,27614,Petrol,160,44.8,1.4
 Mokka,2016,9500.0,Manual,32593,Petrol,165,44.8,1.4
 Mokka,2015,7795.0,Manual,32476,Petrol,200,40.9,1.6
 Mokka,2014,7499.0,Manual,49126,Diesel,30,62.8,1.7
 Mokka,2013,6500.0,Manual,64800,Petrol,160,44.1,1.4
 Mokka,2016,8500.0,Manual,30300,Diesel,20,68.9,1.6
 Mokka,2015,8995.0,Automatic,44600,Petrol,160,43.5,1.4
 Mokka,2016,9993.0,Manual,18100,Diesel,20,68.9,1.6
 Mokka,2013,7290.0,Manual,42105,Diesel,125,57.6,1.7
 Mokka,2016,8295.0,Manual,52034,Diesel,20,68.9,1.6
 Mokka,2016,10490.0,Manual,10700,Petrol,160,44.8,1.4
 Mokka,2013,6790.0,Manual,44000,Diesel,30,62.8,1.7
 Mokka,2015,7977.0,Manual,59000,Diesel,125,57.6,1.7
 Mokka,2014,7995.0,Automatic,55000,Diesel,150,53.3,1.7
 Mokka,2016,9650.0,Manual,22009,Diesel,20,68.9,1.6
 Mokka,2016,9650.0,Manual,31871,Diesel,30,65.7,1.6
 Mokka,2016,8450.0,Manual,44945,Petrol,160,44.8,1.4
 Mokka,2014,6995.0,Manual,49535,Diesel,30,62.8,1.7
 Mokka,2016,8695.0,Manual,29317,Petrol,200,40.9,1.6
 Mokka,2017,11000.0,Manual,28321,Petrol,145,47.1,1.4
 Mokka,2019,15000.0,Manual,8342,Petrol,145,39.2,1.4
 Mokka,2017,11300.0,Manual,12195,Diesel,145,68.9,1.6
 Mokka,2016,10300.0,Automatic,32031,Petrol,160,43.5,1.4
 Mokka,2016,10300.0,Manual,13918,Petrol,200,40.9,1.6
 Mokka,2016,10300.0,Manual,14946,Petrol,200,40.9,1.6
 Mokka,2017,10000.0,Manual,34227,Petrol,200,42.2,1.6
 Mokka,2017,12800.0,Manual,14205,Petrol,145,47.1,1.4
 Mokka,2017,13000.0,Manual,11922,Petrol,145,47.1,1.4
 Mokka,2017,12000.0,Manual,15056,Petrol,145,47.1,1.4
 Mokka,2018,14900.0,Automatic,17464,Petrol,145,43.5,1.4
 Mokka,2018,12700.0,Manual,7375,Petrol,145,39.2,1.4
 Mokka,2016,10100.0,Manual,25740,Petrol,160,44.8,1.4
 Mokka,2016,9200.0,Manual,34664,Diesel,20,68.9,1.6
 Mokka,2017,12200.0,Manual,10031,Petrol,145,47.1,1.4
 Mokka,2018,12000.0,Manual,20356,Petrol,145,47.1,1.4
 Mokka,2017,11900.0,Manual,15934,Petrol,145,47.1,1.4
 Mokka,2018,13400.0,Manual,10813,Petrol,145,47.1,1.4
 Mokka,2016,10400.0,Manual,27441,Diesel,125,60.1,1.6
 Mokka,2016,9700.0,Manual,29640,Petrol,160,44.8,1.4
 Mokka,2016,10900.0,Manual,22769,Petrol,200,42.2,1.6
 Mokka,2018,11700.0,Manual,35078,Petrol,145,39.2,1.4
 Mokka,2017,10500.0,Manual,21789,Petrol,200,42.2,1.6
 Mokka,2018,12400.0,Manual,10695,Petrol,145,47.1,1.4
 Mokka,2018,11500.0,Manual,32218,Petrol,145,39.2,1.4
 Mokka,2018,13000.0,Manual,31312,Petrol,145,39.2,1.4
 Mokka,2015,8300.0,Manual,44533,Petrol,200,40.9,1.6
 Mokka,2015,8000.0,Manual,52017,Diesel,30,60.1,1.7
 Mokka,2016,9900.0,Manual,28063,Petrol,160,44.8,1.4
 Mokka,2017,12500.0,Manual,11288,Petrol,145,47.1,1.4
 Mokka,2015,9600.0,Manual,29226,Diesel,30,65.7,1.6
 Mokka,2016,10700.0,Manual,8869,Petrol,200,42.2,1.6
 Mokka,2016,10500.0,Manual,10502,Petrol,160,44.8,1.4
 Mokka,2016,9800.0,Manual,26416,Petrol,200,40.9,1.6
 Mokka,2015,7490.0,Manual,41000,Petrol,160,44.8,1.4
 Mokka,2016,8490.0,Manual,32000,Diesel,20,68.9,1.6
 Mokka,2017,8490.0,Manual,44000,Petrol,160,44.8,1.4
 Mokka,2016,8490.0,Manual,24000,Diesel,20,68.9,1.6
 Mokka,2016,9999.0,Manual,8638,Petrol,200,40.9,1.6
 Mokka,2016,7990.0,Manual,31000,Petrol,160,44.8,1.4
 Mokka,2016,8585.0,Manual,30054,Petrol,160,44.8,1.4
 Mokka,2016,8499.0,Manual,22635,Petrol,160,44.8,1.4
 Mokka,2014,6500.0,Manual,79951,Diesel,30,60.1,1.7
 Mokka,2016,11000.0,Manual,11768,Diesel,125,60.1,1.6
 Mokka,2016,9399.0,Manual,15120,Petrol,160,44.8,1.4
 Mokka,2016,8999.0,Manual,42230,Diesel,20,68.9,1.6
 Mokka,2014,6999.0,Manual,80000,Diesel,30,62.8,1.7
 Mokka,2014,7687.0,Manual,37356,Diesel,30,60.1,1.7
 Mokka,2015,7999.0,Manual,53807,Petrol,200,40.9,1.6
 Mokka,2016,9299.0,Manual,9983,Petrol,200,40.9,1.6
 Mokka,2016,9999.0,Manual,27105,Diesel,20,68.9,1.6
 Mokka,2015,9534.0,Manual,24771,Diesel,30,65.7,1.6
 Mokka,2015,8618.0,Automatic,44200,Diesel,145,53.3,1.7
 Mokka,2016,8655.0,Manual,25114,Petrol,200,40.9,1.6
 Mokka,2013,7300.0,Manual,38579,Petrol,205,43.5,1.6
 Mokka,2016,9965.0,Manual,23185,Diesel,20,68.9,1.6
 Mokka,2014,9295.0,Automatic,13464,Diesel,150,53.3,1.7
 Mokka,2015,8500.0,Manual,25500,Petrol,205,40.9,1.6
 Mokka,2015,8333.0,Manual,49505,Diesel,30,65.7,1.6
 Mokka,2016,9888.0,Manual,20020,Petrol,165,44.8,1.4
 Mokka,2016,7930.0,Manual,58569,Diesel,20,68.9,1.6
 Mokka,2016,9785.0,Manual,17854,Petrol,200,40.9,1.6
 Mokka,2016,8444.0,Manual,49000,Petrol,165,44.8,1.4
 Mokka,2016,9999.0,Manual,29147,Diesel,20,68.9,1.6
 Mokka,2016,6794.0,Manual,97000,Diesel,20,68.9,1.6
 Mokka,2015,5993.0,Manual,115000,Diesel,20,68.9,1.6
 Mokka,2015,7649.0,Manual,64000,Diesel,125,57.6,1.7
 Mokka,2015,8492.0,Manual,33000,Diesel,30,65.7,1.6
 Mokka,2015,8199.0,Manual,52792,Petrol,200,42.2,1.4
 Mokka,2015,8499.0,Manual,48870,Diesel,125,60.1,1.6
 Mokka,2016,8799.0,Manual,29558,Petrol,160,44.8,1.4
 Mokka,2015,7495.0,Manual,47815,Petrol,205,43.5,1.6
 Mokka,2015,8199.0,Manual,48874,Diesel,30,60.1,1.7
 Mokka,2015,7995.0,Manual,59213,Diesel,30,65.7,1.6
 Mokka,2015,9495.0,Manual,19232,Petrol,165,44.8,1.4
 Mokka,2016,9299.0,Manual,24795,Diesel,30,65.7,1.6
 Mokka,2015,8432.0,Manual,41163,Petrol,160,44.8,1.4
 Mokka,2016,9199.0,Manual,24092,Diesel,125,60.1,1.6
 Mokka,2016,10506.0,Manual,7660,Petrol,160,44.8,1.4
 Mokka,2013,6755.0,Manual,52250,Petrol,200,43.5,1.6
 Mokka,2016,9999.0,Manual,7506,Diesel,20,68.9,1.6
 Mokka,2016,9999.0,Manual,18537,Diesel,20,68.9,1.6
 Mokka,2015,8057.0,Manual,40539,Petrol,160,44.8,1.4
 Mokka,2016,9764.0,Manual,9506,Diesel,30,65.7,1.6
 Mokka,2014,7499.0,Manual,25911,Petrol,200,43.5,1.6
 Mokka,2013,7799.0,Manual,30817,Petrol,200,43.5,1.6
 Mokka,2016,8999.0,Manual,45062,Diesel,20,68.9,1.6
 Mokka,2016,9599.0,Manual,28792,Diesel,20,68.9,1.6
 Mokka,2015,9896.0,Automatic,26644,Petrol,160,43.5,1.4
 Mokka,2016,9299.0,Manual,18109,Diesel,20,68.9,1.6
 Mokka,2015,8999.0,Manual,22323,Diesel,30,62.8,1.7
 Mokka,2014,6999.0,Manual,40465,Diesel,30,62.8,1.7
 Mokka,2015,6795.0,Manual,83680,Diesel,30,65.7,1.6
 Mokka,2015,5695.0,Manual,125854,Diesel,20,68.9,1.6
 Mokka,2015,8400.0,Manual,41047,Diesel,30,62.8,1.7
 Mokka,2016,8500.0,Manual,53984,Diesel,20,68.9,1.6
 Mokka,2019,15000.0,Manual,8961,Petrol,145,39.2,1.4
 Mokka,2016,12500.0,Automatic,24381,Petrol,160,43.5,1.4
 Mokka,2018,11700.0,Manual,31024,Petrol,145,39.2,1.4
 Mokka,2018,11600.0,Manual,31795,Petrol,145,47.1,1.4
 Mokka,2017,10700.0,Manual,27934,Diesel,20,68.9,1.6
 Mokka,2017,11700.0,Manual,19103,Petrol,145,47.1,1.4
 Mokka,2017,11500.0,Manual,23784,Petrol,145,47.1,1.4
 Mokka,2016,10400.0,Manual,15978,Petrol,160,44.8,1.4
 Mokka,2017,10800.0,Manual,21480,Petrol,145,42.2,1.6
 Mokka,2016,9500.0,Manual,26481,Diesel,20,68.9,1.6
 Mokka,2018,11700.0,Manual,35647,Petrol,145,39.2,1.4
 Mokka,2016,10000.0,Automatic,26555,Petrol,165,43.5,1.4
 Mokka,2015,8500.0,Manual,35929,Diesel,30,60.1,1.7
 Mokka,2015,7700.0,Manual,58291,Diesel,20,68.9,1.6
 Mokka,2016,9400.0,Manual,19362,Diesel,20,68.9,1.6
 Mokka,2016,9500.0,Manual,22526,Diesel,125,60.1,1.6
 Mokka,2016,9150.0,Manual,25597,Diesel,20,68.9,1.6
 Mokka,2018,15000.0,Automatic,11804,Petrol,150,43.5,1.4
 Mokka,2016,9800.0,Manual,28775,Petrol,165,44.8,1.4
 Mokka,2016,8989.0,Manual,22750,Petrol,200,40.9,1.6
 Mokka,2014,8500.0,Manual,29810,Petrol,200,43.5,1.6
 Mokka,2014,6489.0,Manual,61500,Petrol,160,44.1,1.4
 Mokka,2018,13000.0,Manual,11207,Petrol,150,47.1,1.4
 Mokka,2019,13499.0,Other,3000,Petrol,145,44.8,1.4
 Mokka,2016,9295.0,Manual,35817,Diesel,30,65.7,1.6
 Mokka,2016,9800.0,Manual,29375,Diesel,20,68.9,1.6
 Mokka,2017,14200.0,Automatic,4851,Petrol,150,43.5,1.4
 Mokka,2018,13500.0,Manual,20961,Petrol,145,36.7,1.4
 Mokka,2019,15100.0,Manual,7457,Petrol,145,39.2,1.4
 Mokka,2016,9000.0,Manual,47939,Diesel,30,65.7,1.6
 Mokka,2017,11000.0,Manual,10226,Petrol,145,47.1,1.4
 Mokka,2017,10500.0,Manual,24389,Diesel,20,68.9,1.6
 Mokka,2017,12000.0,Manual,2797,Petrol,150,47.1,1.4
 Mokka,2016,11500.0,Manual,37801,Petrol,145,47.1,1.4
 Mokka,2017,10800.0,Manual,17781,Petrol,200,42.2,1.6
 Mokka,2018,12000.0,Manual,16609,Petrol,145,39.2,1.4
 Mokka,2016,10100.0,Manual,18908,Petrol,200,40.9,1.6
 Mokka,2017,10000.0,Manual,36707,Petrol,200,42.2,1.6
 Mokka,2017,12900.0,Manual,14215,Petrol,145,47.1,1.4
 Mokka,2016,10800.0,Manual,10525,Diesel,125,60.1,1.6
 Mokka,2016,9700.0,Manual,18221,Petrol,165,44.8,1.4
 Mokka,2014,7700.0,Manual,37038,Petrol,200,43.5,1.6
 Mokka,2016,9900.0,Manual,18828,Petrol,160,44.8,1.4
 Mokka,2016,10500.0,Manual,10481,Petrol,200,40.9,1.6
 Mokka,2016,10800.0,Manual,10611,Petrol,160,44.8,1.4
 Mokka,2015,8700.0,Manual,41941,Petrol,200,42.2,1.4
 Mokka,2017,12500.0,Manual,21083,Petrol,145,47.1,1.4
 Mokka,2019,14000.0,Manual,18548,Diesel,150,47.1,0.0
 Mokka,2014,8600.0,Manual,28935,Diesel,125,57.6,1.7
 Mokka,2016,10300.0,Manual,20709,Diesel,20,68.9,1.6
 Mokka,2018,13000.0,Manual,31604,Petrol,145,39.2,1.4
 Mokka,2019,15000.0,Manual,8498,Petrol,150,39.2,1.4
 Mokka,2017,11300.0,Manual,21955,Petrol,145,47.1,1.4
 Mokka,2015,9600.0,Manual,37524,Petrol,160,44.8,1.4
 Mokka,2017,10200.0,Manual,41621,Petrol,205,42.2,1.6
 Mokka,2017,12000.0,Manual,13276,Diesel,145,68.9,1.6
 Mokka,2016,10700.0,Manual,28062,Petrol,200,42.2,1.6
 Mokka,2016,10800.0,Manual,6843,Petrol,200,42.2,1.6
 Mokka,2016,10500.0,Manual,9666,Petrol,160,44.8,1.4
 Mokka,2017,12000.0,Manual,25134,Petrol,145,47.1,1.4
 Mokka,2018,13000.0,Manual,28630,Petrol,145,36.7,1.4
 Mokka,2017,10000.0,Manual,32400,Petrol,145,42.2,1.6
 Mokka,2017,13800.0,Automatic,13341,Petrol,160,43.5,1.4
 Mokka,2017,11000.0,Manual,27258,Petrol,200,42.2,1.6
 Mokka,2014,8499.0,Automatic,30922,Petrol,200,41.5,1.4
 Mokka,2018,11900.0,Manual,31290,Petrol,145,39.2,1.4
 Mokka,2016,9000.0,Manual,24966,Petrol,200,40.9,1.6
 Mokka,2017,12000.0,Manual,32882,Petrol,145,47.1,1.4
 Mokka,2017,13000.0,Automatic,19798,Petrol,160,43.5,1.4
 Mokka,2016,9500.0,Manual,34926,Diesel,20,68.9,1.6
 Mokka,2017,12800.0,Manual,16876,Petrol,145,47.1,1.4
 Mokka,2017,11500.0,Manual,22007,Petrol,200,43.5,1.4
 Mokka,2016,10300.0,Manual,21454,Petrol,160,44.8,1.4
 Mokka,2016,8495.0,Manual,59454,Diesel,20,68.9,1.6
 Mokka,2018,13000.0,Manual,32315,Petrol,145,39.2,1.4
 Mokka,2017,12996.0,Manual,19520,Petrol,145,47.1,1.4
 Mokka,2017,9995.0,Manual,32821,Petrol,200,42.2,1.6
 Mokka,2017,14995.0,Manual,5592,Petrol,145,47.1,1.4
 Mokka,2018,12495.0,Manual,17934,Petrol,145,47.1,1.4
 Mokka,2015,9995.0,Manual,20936,Diesel,30,65.7,1.6
 Mokka,2014,7489.0,Manual,41002,Petrol,200,43.5,1.6
 Mokka,2016,10100.0,Manual,19770,Petrol,200,40.9,1.6
 Mokka,2017,13500.0,Automatic,23596,Diesel,145,56.5,1.6
 Mokka,2016,11300.0,Manual,11038,Petrol,200,42.2,1.4
 Mokka,2017,12500.0,Manual,27202,Petrol,145,47.1,1.4
 Mokka,2015,8000.0,Manual,49000,Diesel,30,62.8,1.7
 Mokka,2016,11995.0,Manual,11764,Diesel,20,68.9,1.6
 Mokka,2017,11995.0,Manual,43730,Petrol,145,47.1,1.4
 Mokka,2017,12999.0,Manual,26881,Petrol,145,47.1,1.4
 Mokka,2019,14995.0,Manual,9852,Petrol,145,39.2,1.4
 Mokka,2013,5000.0,Manual,86879,Petrol,200,43.5,1.6
 Mokka,2015,8000.0,Automatic,54379,Diesel,145,55.4,1.6
 Mokka,2017,12995.0,Manual,7879,Petrol,145,47.1,1.4
 Mokka,2018,12995.0,Manual,31076,Petrol,145,39.2,1.4
 Mokka,2017,10495.0,Manual,16827,Petrol,200,42.2,1.6
 Mokka,2017,11495.0,Manual,24369,Diesel,145,70.6,1.6
 Mokka,2015,8299.0,Manual,43000,Petrol,165,44.8,1.4
 Mokka,2016,11000.0,Manual,11379,Petrol,160,44.8,1.4
 Mokka,2014,7375.0,Manual,44320,Petrol,205,43.5,1.6
 Mokka,2015,9295.0,Manual,41382,Diesel,125,60.1,1.6
 Mokka,2014,7799.0,Manual,45245,Diesel,30,62.8,1.7
 Mokka,2015,9899.0,Automatic,17670,Petrol,160,43.5,1.4
 Mokka,2016,9695.0,Manual,23466,Petrol,160,44.8,1.4
 Mokka,2015,8699.0,Manual,40518,Petrol,160,44.8,1.4
 Mokka,2016,8060.0,Manual,57370,Diesel,20,68.9,1.6
 Mokka,2016,8699.0,Manual,31188,Diesel,20,68.9,1.6
 Mokka,2016,9999.0,Manual,19758,Diesel,20,68.9,1.6
 Mokka,2016,8948.0,Manual,38445,Diesel,30,65.7,1.6
 Mokka,2013,6450.0,Manual,61725,Diesel,125,57.6,1.7
 Mokka,2013,7199.0,Manual,44380,Diesel,30,62.8,1.7
 Mokka,2016,9499.0,Manual,14659,Diesel,20,68.9,1.6
 Mokka,2016,9499.0,Manual,15831,Diesel,20,68.9,1.6
 Mokka,2013,7099.0,Manual,36782,Petrol,200,43.5,1.6
 Mokka,2016,8199.0,Manual,26147,Petrol,200,40.9,1.6
 Mokka,2016,9999.0,Manual,23586,Diesel,20,68.9,1.6
 Mokka,2015,8199.0,Manual,26433,Petrol,200,40.9,1.6
 Mokka,2014,9000.0,Manual,30370,Petrol,145,47.1,1.4
 Mokka,2013,7499.0,Automatic,54000,Diesel,150,53.3,1.7
 Mokka,2014,8000.0,Automatic,44010,Diesel,150,53.3,1.7
 Mokka,2014,8495.0,Automatic,66683,Diesel,145,53.3,1.7
 Mokka,2017,11995.0,Manual,33848,Diesel,145,68.9,1.6
 Mokka,2018,11995.0,Manual,35058,Petrol,145,47.1,1.4
 Mokka,2014,8000.0,Manual,38695,Petrol,200,43.5,1.6
 Mokka,2015,8999.0,Manual,14000,Petrol,200,40.9,1.6
 Mokka,2016,7499.0,Manual,66000,Petrol,165,44.8,1.4
 Mokka,2015,7700.0,Manual,29629,Petrol,200,40.9,1.6
 Mokka,2015,7391.0,Manual,61645,Petrol,200,43.5,1.6
 Mokka,2016,8195.0,Manual,31570,Petrol,205,40.9,1.6
 Mokka,2015,6895.0,Manual,74150,Diesel,30,60.1,1.7
 Mokka,2014,7390.0,Manual,46755,Petrol,200,43.5,1.6
 Mokka,2015,7990.0,Manual,32993,Petrol,200,43.5,1.6
 Mokka,2015,5295.0,Manual,119140,Diesel,125,57.6,1.7
 Mokka,2013,6499.0,Manual,60424,Diesel,30,62.8,1.7
 Mokka,2016,9699.0,Manual,12597,Petrol,160,44.8,1.4
 Mokka,2017,9799.0,Manual,19791,Petrol,160,44.8,1.4
 Mokka,2016,10995.0,Manual,36000,Petrol,200,42.2,1.6
 Mokka,2015,8990.0,Manual,33079,Diesel,30,65.7,1.6
 Mokka,2015,6499.0,Manual,67182,Diesel,30,65.7,1.6
 Mokka,2015,7599.0,Manual,76916,Diesel,20,68.9,1.6
 Mokka,2016,8999.0,Manual,40056,Diesel,30,65.7,1.6
 Mokka,2017,9499.0,Manual,17294,Petrol,200,40.9,1.6
 Mokka,2016,9399.0,Manual,23854,Petrol,160,44.8,1.4
 Mokka,2016,9299.0,Manual,31048,Petrol,200,40.9,1.6
 Mokka,2014,7299.0,Manual,52824,Diesel,30,62.8,1.7
 Mokka,2016,9490.0,Automatic,33000,Petrol,165,43.5,1.4
 Mokka,2014,9690.0,Automatic,12422,Petrol,200,41.5,1.4
 Mokka,2016,7899.0,Manual,50668,Petrol,200,40.9,1.6
 Mokka,2014,7579.0,Manual,57847,Diesel,30,62.8,1.7
 Mokka,2014,8224.0,Manual,35982,Petrol,160,44.1,1.4
 Mokka,2016,9899.0,Manual,20711,Diesel,20,68.9,1.6
 Mokka,2016,9699.0,Manual,28192,Diesel,20,68.9,1.6
 Mokka,2014,8295.0,Automatic,41000,Petrol,205,41.5,1.4
 Mokka,2014,8195.0,Manual,38000,Petrol,150,47.1,1.4
 Mokka,2016,9499.0,Manual,34434,Diesel,30,65.7,1.6
 Mokka,2015,7677.0,Manual,55121,Petrol,205,40.9,1.6
 Mokka,2013,7995.0,Manual,33000,Petrol,190,43.5,1.6
 Mokka,2015,8995.0,Manual,39450,Petrol,160,44.8,1.4
 Mokka,2015,8990.0,Automatic,39995,Petrol,205,41.5,1.4
 Mokka,2015,7738.0,Manual,52173,Diesel,30,65.7,1.6
 Mokka,2015,9183.0,Manual,21658,Petrol,165,44.8,1.4
 Mokka,2015,9490.0,Automatic,28000,Petrol,200,40.4,1.4
 Mokka,2015,7999.0,Automatic,54825,Petrol,200,40.4,1.4
 Mokka,2015,6898.0,Manual,58885,Diesel,125,57.6,1.7
 Mokka,2015,7998.0,Manual,49880,Diesel,30,65.7,1.6
 Mokka,2015,7498.0,Manual,51146,Diesel,20,68.9,1.6
 Mokka,2015,10000.0,Manual,19034,Petrol,160,44.8,1.4
 Mokka,2015,9500.0,Manual,22113,Diesel,20,68.9,1.6
 Mokka,2014,7000.0,Manual,52888,Petrol,205,43.5,1.6
 Mokka,2012,7000.0,Manual,51748,Diesel,30,62.8,1.7
 Mokka,2016,8995.0,Manual,42438,Diesel,20,68.9,1.6
 Mokka,2015,8495.0,Manual,48964,Petrol,205,43.5,1.6
 Mokka,2015,8995.0,Manual,51971,Petrol,165,44.8,1.4
 Mokka,2016,10750.0,Automatic,28077,Petrol,165,43.5,1.4
 Mokka,2016,9999.0,Manual,38350,Petrol,165,44.8,1.4
 Mokka,2016,9999.0,Manual,54700,Diesel,30,65.7,1.6
 Mokka,2015,8495.0,Manual,32000,Petrol,155,44.8,1.4
 Mokka,2015,9995.0,Automatic,19000,Petrol,160,43.5,1.4
 Mokka,2013,5985.0,Manual,76984,Petrol,160,44.1,1.4
 Mokka,2016,9495.0,Manual,28926,Petrol,160,44.8,1.4
 Mokka,2016,8500.0,Manual,35165,Diesel,20,68.9,1.6
 Mokka,2016,9229.0,Manual,41458,Petrol,160,44.8,1.4
 Mokka,2016,10895.0,Manual,20850,Petrol,160,44.8,1.4
 Mokka,2015,9490.0,Manual,24688,Diesel,20,68.9,1.6
 Mokka,2016,9990.0,Manual,24407,Diesel,20,68.9,1.6
 Mokka,2015,8990.0,Automatic,49276,Diesel,150,53.3,1.7
 Mokka,2016,9380.0,Manual,30782,Petrol,160,44.8,1.4
 Mokka,2015,8695.0,Manual,54000,Diesel,125,60.1,1.6
 Mokka,2016,9995.0,Manual,10378,Petrol,160,44.8,1.4
 Mokka,2015,8600.0,Manual,22063,Diesel,30,65.7,1.6
 Mokka,2015,10100.0,Automatic,17711,Petrol,160,43.5,1.4
 Mokka,2015,7400.0,Manual,57060,Diesel,125,60.1,1.6
 Mokka,2016,7750.0,Manual,66571,Diesel,20,68.9,1.6
 Mokka,2016,9250.0,Manual,29596,Diesel,30,65.7,1.6
 Mokka,2015,8400.0,Manual,28006,Petrol,200,42.2,1.4
 Mokka,2015,8100.0,Manual,26409,Diesel,30,65.7,1.6
 Mokka,2015,10000.0,Automatic,27207,Diesel,150,55.4,1.6
 Mokka,2016,8200.0,Manual,40192,Petrol,160,44.8,1.4
 Mokka,2015,8600.0,Manual,26842,Diesel,20,68.9,1.6
 Mokka,2016,9477.0,Manual,28657,Petrol,160,44.8,1.4
 Mokka,2014,5450.0,Manual,86318,Diesel,30,62.8,1.7
 Mokka,2016,9950.0,Automatic,39708,Petrol,160,43.5,1.4
 Mokka,2015,7775.0,Manual,51817,Petrol,200,40.9,1.6
 Mokka,2015,8995.0,Manual,22860,Petrol,165,44.8,1.4
 Mokka,2015,9250.0,Automatic,33719,Petrol,200,40.4,1.4
 Mokka,2013,7495.0,Manual,56000,Petrol,200,43.5,1.6
 Mokka,2016,9490.0,Manual,20916,Petrol,160,44.8,1.4
 Mokka,2014,10000.0,Automatic,33000,Petrol,200,41.5,1.4
 Mokka,2016,9499.0,Manual,26066,Petrol,165,44.8,1.4
 Mokka,2013,6950.0,Manual,49300,Diesel,125,57.6,1.7
 Mokka,2016,7500.0,Manual,63052,Diesel,125,60.1,1.6
 Mokka,2016,8407.0,Manual,43550,Petrol,160,44.8,1.4
 Mokka,2014,7599.0,Manual,49216,Petrol,160,44.1,1.4
 Mokka X,2019,12900.0,Manual,7898,Petrol,145,39.2,1.4
 Mokka X,2019,14200.0,Automatic,19917,Petrol,145,37.2,1.4
 Mokka X,2019,13200.0,Manual,11682,Petrol,145,39.2,1.4
 Mokka X,2017,9490.0,Manual,28000,Petrol,145,47.1,1.4
 Mokka X,2019,14400.0,Manual,50,Petrol,150,39.2,1.4
 Mokka X,2017,10900.0,Manual,11287,Petrol,145,47.1,1.4
 Mokka X,2018,13222.0,Manual,14005,Petrol,145,43.5,1.4
 Mokka X,2019,13800.0,Automatic,16854,Petrol,145,37.2,1.4
 Mokka X,2019,14647.0,Automatic,13358,Petrol,145,37.2,1.4
 Mokka X,2018,12672.0,Automatic,16945,Petrol,145,43.5,1.4
 Mokka X,2018,11192.0,Manual,38639,Petrol,145,47.1,1.4
 Mokka X,2017,10830.0,Manual,17006,Petrol,145,47.1,1.4
 Mokka X,2019,13699.0,Manual,10892,Petrol,145,39.2,1.4
 Mokka X,2019,13100.0,Manual,13202,Petrol,145,39.2,1.4
 Mokka X,2017,10491.0,Manual,8363,Petrol,205,42.2,1.6
 Mokka X,2018,11295.0,Manual,13221,Petrol,145,39.2,1.4
 Mokka X,2018,15999.0,Manual,26000,Diesel,145,50.4,1.6
 Mokka X,2017,10950.0,Manual,12785,Petrol,145,47.1,1.4
 Mokka X,2017,12500.0,Manual,26444,Petrol,145,47.1,1.4
 Mokka X,2018,11500.0,Manual,17444,Petrol,145,47.1,1.4
 Mokka X,2017,12698.0,Manual,3173,Petrol,145,47.1,1.4
 Mokka X,2019,12684.0,Manual,10731,Petrol,145,39.2,1.4
 Mokka X,2019,14069.0,Manual,7717,Petrol,145,39.2,1.4
 Mokka X,2019,14377.0,Automatic,13936,Petrol,145,37.2,1.4
 Mokka X,2017,9998.0,Manual,26702,Petrol,200,42.2,1.6
 Mokka X,2019,13498.0,Manual,9606,Petrol,150,39.2,1.4
 Mokka X,2019,14009.0,Automatic,14601,Petrol,145,37.2,1.4
 Mokka X,2019,15498.0,Manual,3833,Petrol,145,47.1,1.4
 Mokka X,2019,13178.0,Manual,2986,Petrol,145,39.2,1.4
 Mokka X,2019,12182.0,Manual,18538,Petrol,145,39.2,1.4
 Mokka X,2017,10423.0,Manual,12321,Petrol,200,42.2,1.6
 Mokka X,2019,13327.0,Manual,14224,Petrol,145,39.2,1.4
 Mokka X,2019,13998.0,Manual,10,Petrol,150,39.2,1.4
 Mokka X,2019,13998.0,Manual,3644,Petrol,150,39.2,1.4
 Mokka X,2017,10998.0,Manual,30801,Petrol,200,43.5,1.4
 Mokka X,2017,10498.0,Manual,12687,Petrol,145,47.1,1.4
 Mokka X,2017,10995.0,Manual,11395,Petrol,205,42.2,1.6
 Mokka X,2017,11498.0,Manual,10773,Petrol,145,47.1,1.4
 Mokka X,2019,14995.0,Manual,12669,Petrol,145,39.2,1.4
 Mokka X,2018,13795.0,Manual,14959,Petrol,145,39.2,1.4
 Mokka X,2019,14995.0,Manual,13416,Petrol,145,39.2,1.4
 Mokka X,2017,11495.0,Manual,33031,Diesel,20,68.9,1.6
 Mokka X,2016,9698.0,Manual,30841,Petrol,200,42.2,1.6
 Mokka X,2017,11698.0,Manual,18812,Petrol,145,47.1,1.4
 Mokka X,2017,11498.0,Semi-Auto,23097,Petrol,150,43.5,1.4
 Mokka X,2019,14995.0,Manual,5749,Petrol,145,39.2,1.4
 Mokka X,2019,14995.0,Manual,8336,Petrol,145,39.2,1.4
 Mokka X,2017,9998.0,Manual,28384,Petrol,200,42.2,1.6
 Mokka X,2017,9798.0,Manual,33196,Petrol,200,42.2,1.6
 Mokka X,2019,13498.0,Manual,6593,Petrol,150,39.2,1.4
 Mokka X,2017,10795.0,Manual,27500,Petrol,200,42.2,1.6
 Mokka X,2017,11495.0,Manual,20880,Diesel,20,68.9,1.6
 Mokka X,2018,12198.0,Manual,12353,Petrol,145,39.2,1.4
 Mokka X,2018,12698.0,Manual,10985,Petrol,145,39.2,1.4
 Mokka X,2018,13795.0,Manual,8461,Petrol,150,39.2,1.4
 Mokka X,2019,15795.0,Manual,8194,Petrol,145,39.2,1.4
 Mokka X,2019,15495.0,Manual,7599,Petrol,145,39.2,1.4
 Mokka X,2017,11595.0,Manual,20970,Petrol,200,42.2,1.6
 Mokka X,2017,10995.0,Manual,20307,Petrol,145,47.1,1.4
 Mokka X,2017,12298.0,Semi-Auto,29267,Petrol,160,43.5,1.4
 Mokka X,2017,10998.0,Manual,12502,Petrol,145,47.1,1.4
 Mokka X,2016,11650.0,Manual,19150,Petrol,200,42.2,1.6
 Mokka X,2018,12495.0,Semi-Auto,38000,Petrol,150,43.5,1.4
 Mokka X,2019,14995.0,Manual,7210,Petrol,145,39.2,1.4
 Mokka X,2017,13995.0,Semi-Auto,18497,Petrol,160,43.5,1.4
 Mokka X,2017,12498.0,Semi-Auto,7191,Petrol,160,43.5,1.4
 Mokka X,2018,11498.0,Manual,25859,Petrol,145,47.1,1.4
 Mokka X,2017,11698.0,Manual,7569,Petrol,200,42.2,1.6
 Mokka X,2017,12998.0,Semi-Auto,11868,Petrol,145,43.5,1.4
 Mokka X,2018,15498.0,Manual,3984,Petrol,145,39.2,1.4
 Mokka X,2017,12998.0,Semi-Auto,12579,Petrol,160,43.5,1.4
 Mokka X,2017,10298.0,Manual,32037,Petrol,200,42.2,1.6
 Mokka X,2017,12998.0,Semi-Auto,5683,Petrol,165,43.5,1.4
 Mokka X,2017,11498.0,Manual,15592,Petrol,145,42.2,1.6
 Mokka X,2017,10998.0,Manual,14081,Petrol,145,47.1,1.4
 Mokka X,2018,12998.0,Manual,10628,Petrol,145,39.2,1.4
 Mokka X,2019,13298.0,Manual,13760,Petrol,145,39.2,1.4
 Mokka X,2019,13998.0,Manual,6741,Petrol,145,39.2,1.4
 Mokka X,2016,10298.0,Manual,14751,Petrol,200,42.2,1.6
 Mokka X,2016,10698.0,Manual,10058,Petrol,200,42.2,1.6
 Mokka X,2017,13298.0,Semi-Auto,8588,Petrol,160,43.5,1.4
 Mokka X,2017,12498.0,Manual,7614,Petrol,145,47.1,1.4
 Mokka X,2017,10998.0,Manual,3789,Petrol,145,47.1,1.4
 Mokka X,2019,12998.0,Manual,10233,Petrol,145,39.2,1.4
 Mokka X,2018,12298.0,Manual,16398,Petrol,145,47.1,1.4
 Mokka X,2019,12998.0,Manual,10291,Petrol,145,39.2,1.4
 Mokka X,2019,12998.0,Manual,10274,Petrol,145,39.2,1.4
 Mokka X,2019,12998.0,Manual,12051,Petrol,145,39.2,1.4
 Mokka X,2019,12498.0,Manual,13237,Petrol,145,39.2,1.4
 Mokka X,2017,10998.0,Manual,24248,Petrol,200,42.2,1.6
 Mokka X,2019,12498.0,Manual,7574,Petrol,145,39.2,1.4
 Mokka X,2019,12998.0,Manual,10144,Petrol,145,39.2,1.4
 Mokka X,2019,12998.0,Manual,9411,Petrol,145,39.2,1.4
 Mokka X,2018,11998.0,Manual,14611,Petrol,145,47.1,1.4
 Mokka X,2017,12998.0,Manual,14378,Petrol,145,47.1,1.4
 Mokka X,2016,10998.0,Manual,17988,Petrol,205,42.2,1.6
 Mokka X,2017,10998.0,Manual,32603,Petrol,145,47.1,1.4
 Mokka X,2017,13498.0,Semi-Auto,4188,Petrol,160,43.5,1.4
 Mokka X,2019,13498.0,Manual,5044,Petrol,150,39.2,1.4
 Mokka X,2017,11498.0,Semi-Auto,20476,Petrol,145,43.5,1.4
 Mokka X,2017,13498.0,Semi-Auto,9467,Petrol,160,43.5,1.4
 Mokka X,2019,12298.0,Manual,11347,Petrol,145,39.2,1.4
 Mokka X,2019,12298.0,Manual,10273,Petrol,145,39.2,1.4
 Mokka X,2019,12298.0,Manual,10710,Petrol,145,39.2,1.4
 Mokka X,2019,12498.0,Manual,11363,Petrol,145,39.2,1.4
 Mokka X,2017,11498.0,Semi-Auto,15016,Petrol,160,43.5,1.4
 Mokka X,2019,12498.0,Manual,18426,Petrol,145,39.2,1.4
 Mokka X,2019,12498.0,Manual,9500,Petrol,145,39.2,1.4
 Mokka X,2017,13998.0,Manual,11001,Petrol,145,47.1,1.4
 Mokka X,2017,12498.0,Manual,27752,Petrol,145,47.1,1.4
 Mokka X,2018,11500.0,Manual,17438,Petrol,145,47.1,1.4
 Mokka X,2017,9995.0,Manual,39795,Diesel,145,65.7,1.6
 Mokka X,2019,12298.0,Manual,11454,Petrol,145,39.2,1.4
 Mokka X,2019,12498.0,Manual,18410,Petrol,145,39.2,1.4
 Mokka X,2019,13698.0,Manual,12674,Petrol,145,39.2,1.4
 Mokka X,2017,11298.0,Manual,8627,Petrol,145,47.1,1.4
 Mokka X,2019,12998.0,Manual,7758,Petrol,145,39.2,1.4
 Mokka X,2017,11498.0,Manual,21949,Diesel,145,68.9,1.6
 Mokka X,2017,12498.0,Manual,18408,Petrol,145,47.1,1.4
 Mokka X,2016,9998.0,Manual,31972,Petrol,145,47.1,1.4
 Mokka X,2017,11098.0,Manual,47868,Petrol,145,47.1,1.4
 Mokka X,2018,12798.0,Manual,13668,Petrol,145,39.2,1.4
 Mokka X,2019,14998.0,Semi-Auto,12000,Petrol,145,37.2,1.4
 Mokka X,2018,12698.0,Manual,16220,Petrol,150,47.1,1.4
 Mokka X,2017,12698.0,Semi-Auto,4395,Petrol,150,43.5,1.4
 Mokka X,2017,11998.0,Semi-Auto,17839,Petrol,160,43.5,1.4
 Mokka X,2018,13995.0,Manual,15265,Petrol,145,39.2,1.4
 Mokka X,2018,12295.0,Manual,12257,Petrol,145,47.1,1.4
 Mokka X,2018,11795.0,Manual,8934,Petrol,145,39.2,1.4
 Mokka X,2017,10790.0,Manual,12279,Petrol,145,42.2,1.6
 Mokka X,2017,9998.0,Manual,32190,Petrol,200,42.2,1.6
 Mokka X,2017,10998.0,Manual,15465,Petrol,200,42.2,1.6
 Mokka X,2018,12498.0,Manual,5636,Petrol,145,39.2,1.4
 Mokka X,2017,12998.0,Manual,8436,Petrol,145,47.1,1.4
 Mokka X,2019,12998.0,Manual,11741,Petrol,145,39.2,1.4
 Mokka X,2019,15298.0,Manual,1960,Petrol,145,39.2,1.4
 Mokka X,2017,12998.0,Manual,15791,Petrol,145,47.1,1.4
 Mokka X,2019,13498.0,Manual,5908,Petrol,145,39.2,1.4
 Mokka X,2017,11498.0,Manual,38663,Petrol,145,47.1,1.4
 Mokka X,2019,12698.0,Manual,12643,Petrol,145,39.2,1.4
 Mokka X,2019,12398.0,Manual,12540,Petrol,145,39.2,1.4
 Mokka X,2019,12498.0,Manual,15262,Petrol,145,39.2,1.4
 Mokka X,2019,12998.0,Manual,11313,Petrol,145,39.2,1.4
 Mokka X,2017,12998.0,Manual,17022,Petrol,145,47.1,1.4
 Mokka X,2019,12798.0,Manual,8233,Petrol,145,39.2,1.4
 Mokka X,2018,12698.0,Manual,20016,Petrol,145,47.1,1.4
 Mokka X,2017,11498.0,Manual,18559,Petrol,145,47.1,1.4
 Mokka X,2017,11998.0,Manual,22589,Petrol,145,47.1,1.4
 Mokka X,2019,12398.0,Manual,12421,Petrol,145,39.2,1.4
 Mokka X,2019,12998.0,Manual,12197,Petrol,150,39.2,1.4
 Mokka X,2019,12998.0,Manual,11350,Petrol,150,39.2,1.4
 Mokka X,2019,12998.0,Manual,5647,Petrol,150,39.2,1.4
 Mokka X,2019,12998.0,Manual,7617,Petrol,150,39.2,1.4
 Mokka X,2017,10498.0,Manual,32123,Petrol,145,47.1,1.4
 Mokka X,2016,11498.0,Manual,16712,Petrol,145,47.1,1.4
 Mokka X,2016,9998.0,Manual,21276,Petrol,200,42.2,1.6
 Mokka X,2018,11998.0,Manual,21500,Petrol,145,47.1,1.4
 Mokka X,2017,13698.0,Semi-Auto,12441,Petrol,160,43.5,1.4
 Mokka X,2017,10998.0,Manual,22313,Petrol,145,47.1,1.4
 Mokka X,2017,11498.0,Manual,11072,Petrol,145,47.1,1.4
 Mokka X,2017,10998.0,Manual,13996,Petrol,145,47.1,1.4
 Mokka X,2019,15698.0,Manual,4883,Petrol,145,47.1,1.4
 Mokka X,2019,11998.0,Manual,19349,Petrol,145,39.2,1.4
 Mokka X,2019,13498.0,Manual,5132,Petrol,145,39.2,1.4
 Mokka X,2017,12498.0,Manual,2601,Petrol,145,47.1,1.4
 Mokka X,2018,12798.0,Manual,19162,Petrol,145,47.1,1.4
 Mokka X,2017,12498.0,Manual,11534,Petrol,145,47.1,1.4
 Mokka X,2017,11698.0,Manual,18919,Diesel,145,68.9,1.6
 Mokka X,2019,12298.0,Manual,8125,Petrol,145,39.2,1.4
 Mokka X,2019,15698.0,Manual,6736,Petrol,145,47.1,1.4
 Mokka X,2019,15698.0,Manual,4250,Petrol,145,47.1,1.4
 Mokka X,2017,12498.0,Manual,17367,Petrol,145,47.1,1.4
 Mokka X,2018,11998.0,Manual,15602,Petrol,145,47.1,1.4
 Mokka X,2016,9698.0,Manual,22212,Petrol,200,42.2,1.6
 Mokka X,2018,12298.0,Manual,16848,Petrol,145,39.2,1.4
 Mokka X,2017,10998.0,Manual,20325,Petrol,145,47.1,1.4
 Mokka X,2017,11498.0,Manual,19980,Diesel,145,68.9,1.6
 Mokka X,2019,12698.0,Manual,13623,Petrol,145,39.2,1.4
 Mokka X,2019,12298.0,Manual,10877,Petrol,145,39.2,1.4
 Mokka X,2019,12998.0,Manual,11132,Petrol,145,39.2,1.4
 Mokka X,2019,12998.0,Manual,12654,Petrol,145,39.2,1.4
 Mokka X,2017,13998.0,Semi-Auto,17035,Petrol,145,43.5,1.4
 Mokka X,2019,13498.0,Manual,5895,Petrol,145,39.2,1.4
 Mokka X,2017,11491.0,Manual,11201,Petrol,145,47.1,1.4
 Mokka X,2017,12157.0,Manual,10302,Petrol,145,47.1,1.4
 Mokka X,2017,12498.0,Semi-Auto,11486,Petrol,160,43.5,1.4
 Mokka X,2016,9400.0,Manual,23536,Petrol,200,42.2,1.6
 Mokka X,2017,11498.0,Manual,11121,Petrol,145,47.1,1.4
 Mokka X,2017,12298.0,Manual,10813,Petrol,145,47.1,1.4
 Mokka X,2017,10998.0,Manual,19002,Petrol,150,47.1,1.4
 Mokka X,2019,13990.0,Manual,452,Petrol,145,39.2,1.4
 Mokka X,2017,10290.0,Manual,23395,Petrol,200,42.2,1.6
 Mokka X,2017,12998.0,Manual,18264,Diesel,145,60.1,1.6
 Mokka X,2019,12998.0,Manual,11529,Petrol,145,39.2,1.4
 Mokka X,2019,13698.0,Manual,14876,Petrol,145,39.2,1.4
 Mokka X,2019,12998.0,Manual,11158,Petrol,145,39.2,1.4
 Mokka X,2017,11698.0,Manual,19869,Petrol,205,42.2,1.6
 Mokka X,2017,11686.0,Manual,10180,Petrol,200,42.2,1.6
 Mokka X,2019,12998.0,Manual,7808,Petrol,145,39.2,1.4
 Mokka X,2019,12798.0,Manual,10155,Petrol,145,39.2,1.4
 Mokka X,2019,13998.0,Manual,2986,Petrol,145,39.2,1.4
 Mokka X,2017,13298.0,Semi-Auto,16389,Petrol,145,43.5,1.4
 Mokka X,2017,10998.0,Manual,15057,Petrol,145,42.2,1.6
 Mokka X,2019,12998.0,Manual,11527,Petrol,145,39.2,1.4
 Mokka X,2019,12600.0,Manual,9858,Petrol,145,39.2,1.4
 Mokka X,2019,13560.0,Manual,8818,Petrol,145,39.2,1.4
 Mokka X,2019,12580.0,Manual,8802,Petrol,145,39.2,1.4
 Mokka X,2017,11998.0,Semi-Auto,19123,Petrol,160,43.5,1.4
 Mokka X,2019,13550.0,Manual,11738,Petrol,145,39.2,1.4
 Mokka X,2017,13994.0,Semi-Auto,8588,Petrol,150,43.5,1.4
 Mokka X,2019,13498.0,Manual,4464,Petrol,150,47.1,1.4
 Mokka X,2017,9998.0,Manual,25837,Petrol,200,42.2,1.6
 Mokka X,2018,12397.0,Manual,17168,Petrol,145,47.1,1.4
 Mokka X,2019,13970.0,Manual,6811,Petrol,145,39.2,1.4
 Mokka X,2019,12400.0,Manual,10372,Petrol,145,39.2,1.4
 Mokka X,2017,9698.0,Manual,32545,Petrol,200,42.2,1.6
 Mokka X,2019,15398.0,Manual,8227,Petrol,145,47.1,1.4
 Mokka X,2019,15398.0,Manual,8227,Petrol,145,39.2,1.4
 Mokka X,2017,12798.0,Manual,18278,Petrol,145,47.1,1.4
 Mokka X,2018,12500.0,Manual,2223,Petrol,145,39.2,1.4
 Mokka X,2017,10498.0,Manual,20157,Petrol,150,42.2,1.6
 Mokka X,2017,13994.0,Semi-Auto,8588,Petrol,145,43.5,1.4
 Mokka X,2018,14100.0,Manual,3917,Petrol,145,47.1,1.4
 Mokka X,2018,13600.0,Manual,9630,Petrol,145,39.2,1.4
 Mokka X,2018,11157.0,Manual,11401,Petrol,145,47.1,1.4
 Mokka X,2019,13498.0,Manual,5595,Petrol,150,39.2,1.4
 Mokka X,2017,13498.0,Manual,8072,Petrol,145,47.1,1.4
 Mokka X,2017,10998.0,Manual,25614,Petrol,145,47.1,1.4
 Mokka X,2019,13498.0,Manual,5900,Petrol,145,39.2,1.4
 Mokka X,2017,12498.0,Manual,18430,Petrol,145,47.1,1.4
 Mokka X,2016,9546.0,Manual,23000,Petrol,145,47.1,1.4
 Mokka X,2017,9700.0,Manual,17017,Petrol,200,42.2,1.6
 Mokka X,2018,11998.0,Manual,16376,Petrol,145,39.2,1.4
 Mokka X,2016,9998.0,Manual,20320,Petrol,145,47.1,1.4
 Mokka X,2019,15998.0,Semi-Auto,3000,Petrol,145,37.2,1.4
 Mokka X,2017,10998.0,Manual,13542,Petrol,205,42.2,1.6
 Mokka X,2019,12398.0,Manual,11346,Petrol,145,39.2,1.4
 Mokka X,2019,12598.0,Manual,16246,Petrol,145,39.2,1.4
 Mokka X,2019,12498.0,Manual,10291,Petrol,145,39.2,1.4
 Mokka X,2019,12598.0,Manual,6388,Petrol,145,39.2,1.4
 Mokka X,2019,11998.0,Manual,11595,Petrol,145,39.2,1.4
 Mokka X,2017,9998.0,Manual,29065,Petrol,200,42.2,1.6
 Mokka X,2016,9998.0,Manual,43695,Diesel,30,65.7,1.6
 Mokka X,2017,11991.0,Manual,11690,Petrol,200,42.2,1.6
 Mokka X,2017,12998.0,Manual,15844,Petrol,145,47.1,1.4
 Mokka X,2017,11498.0,Manual,33179,Petrol,145,47.1,1.4
 Mokka X,2017,10298.0,Manual,20814,Petrol,145,47.1,1.4
 Mokka X,2019,12998.0,Manual,12012,Petrol,145,39.2,1.4
 Mokka X,2019,12298.0,Manual,10269,Petrol,145,39.2,1.4
 Mokka X,2017,9798.0,Manual,33105,Petrol,200,42.2,1.6
 Mokka X,2017,10298.0,Manual,33930,Petrol,145,47.1,1.4
 Mokka X,2019,12998.0,Manual,10924,Petrol,150,39.2,1.4
 Mokka X,2019,12298.0,Manual,6469,Petrol,150,39.2,1.4
 Mokka X,2019,12998.0,Manual,10875,Petrol,150,39.2,1.4
 Mokka X,2017,9998.0,Manual,24181,Petrol,200,42.2,1.6
 Mokka X,2019,12998.0,Manual,9367,Petrol,145,39.2,1.4
 Mokka X,2019,12998.0,Manual,12666,Petrol,145,39.2,1.4
 Mokka X,2019,12498.0,Manual,6437,Petrol,145,39.2,1.4
 Mokka X,2017,12498.0,Manual,19195,Petrol,145,47.1,1.4
 Mokka X,2018,12891.0,Manual,19458,Petrol,145,47.1,1.4
 Mokka X,2017,10295.0,Manual,18517,Diesel,30,65.7,1.6
 Mokka X,2018,12985.0,Manual,31906,Diesel,145,50.4,1.6
 Mokka X,2016,9898.0,Manual,10139,Petrol,205,42.2,1.6
 Mokka X,2018,11495.0,Manual,4393,Petrol,145,39.2,1.4
 Mokka X,2016,11498.0,Manual,18725,Petrol,145,47.1,1.4
 Mokka X,2017,11798.0,Manual,21555,Petrol,145,47.1,1.4
 Mokka X,2017,11798.0,Manual,24098,Petrol,145,47.1,1.4
 Mokka X,2019,14985.0,Manual,10765,Petrol,145,39.2,1.4
 Mokka X,2019,13985.0,Manual,22679,Diesel,145,50.4,1.6
 Mokka X,2019,14995.0,Manual,16378,Petrol,145,39.2,1.4
 Mokka X,2017,10990.0,Manual,34875,Diesel,20,68.9,1.6
 Mokka X,2019,14995.0,Manual,19098,Diesel,145,50.4,1.6
 Mokka X,2017,10195.0,Manual,29841,Diesel,30,65.7,1.6
 Mokka X,2017,11498.0,Manual,9425,Petrol,145,47.1,1.4
 Mokka X,2019,12998.0,Manual,16462,Petrol,145,39.2,1.4
 Mokka X,2017,10498.0,Manual,16159,Petrol,200,42.2,1.6
 Mokka X,2018,11498.0,Manual,11836,Petrol,145,39.2,1.4
 Mokka X,2018,11698.0,Manual,12382,Petrol,145,39.2,1.4
 Mokka X,2019,11998.0,Manual,19398,Petrol,145,39.2,1.4
 Mokka X,2016,9498.0,Manual,24643,Petrol,205,42.2,1.6
 Mokka X,2017,14998.0,Semi-Auto,7873,Petrol,145,43.5,1.4
 Mokka X,2018,11060.0,Manual,17471,Petrol,145,39.2,1.4
 Mokka X,2019,12998.0,Manual,8343,Petrol,145,39.2,1.4
 Mokka X,2017,11990.0,Manual,14205,Petrol,145,47.1,1.4
 Mokka X,2017,9300.0,Manual,32517,Petrol,145,42.2,1.6
 Mokka X,2019,11698.0,Manual,20381,Petrol,150,39.2,1.4
 Mokka X,2019,13598.0,Manual,15809,Petrol,145,39.2,1.4
 Mokka X,2018,11998.0,Manual,14319,Petrol,145,47.1,1.4
 Mokka X,2017,11680.0,Manual,8052,Petrol,200,42.2,1.6
 Mokka X,2018,12498.0,Manual,11505,Petrol,145,39.2,1.4
 Mokka X,2018,11998.0,Manual,11958,Petrol,145,47.1,1.4
 Mokka X,2019,12798.0,Manual,10261,Petrol,145,39.2,1.4
 Mokka X,2019,12998.0,Manual,9994,Petrol,145,39.2,1.4
 Mokka X,2019,11998.0,Manual,19407,Petrol,145,39.2,1.4
 Mokka X,2019,11998.0,Manual,10917,Petrol,145,39.2,1.4
 Mokka X,2017,10998.0,Manual,14719,Petrol,200,42.2,1.6
 Mokka X,2017,10898.0,Manual,18154,Petrol,145,47.1,1.4
 Mokka X,2017,9498.0,Manual,49871,Petrol,145,42.2,1.6
 Mokka X,2019,13498.0,Manual,6031,Petrol,150,47.1,1.4
 Mokka X,2018,12498.0,Manual,1659,Petrol,145,47.1,1.4
 Mokka X,2017,11260.0,Manual,24815,Petrol,200,42.2,1.6
 Mokka X,2017,12995.0,Manual,44235,Diesel,30,65.7,1.6
 Mokka X,2019,12298.0,Manual,11258,Petrol,145,39.2,1.4
 Mokka X,2019,12998.0,Manual,12592,Petrol,145,39.2,1.4
 Mokka X,2017,13298.0,Semi-Auto,23102,Petrol,145,43.5,1.4
 Mokka X,2017,10998.0,Manual,17182,Petrol,145,47.1,1.4
 Mokka X,2019,14998.0,Semi-Auto,3101,Petrol,145,37.2,1.4
 Mokka X,2017,9798.0,Manual,36123,Petrol,150,47.1,1.4
 Mokka X,2018,13798.0,Semi-Auto,14292,Petrol,145,37.2,1.4
 Mokka X,2017,12780.0,Semi-Auto,20916,Petrol,145,43.5,1.4
 Mokka X,2019,14470.0,Manual,15748,Petrol,145,39.2,1.4
 Mokka X,2017,9990.0,Manual,23938,Petrol,200,42.2,1.6
 Mokka X,2018,10390.0,Manual,18689,Petrol,145,47.1,1.4
 Mokka X,2017,12298.0,Manual,13568,Petrol,145,47.1,1.4
 Mokka X,2017,10498.0,Manual,48708,Petrol,150,47.1,1.4
 Mokka X,2019,12787.0,Manual,15076,Petrol,145,39.2,1.4
 Mokka X,2019,12517.0,Manual,12517,Petrol,145,39.2,1.4
 Mokka X,2019,13290.0,Manual,9791,Petrol,145,39.2,1.4
 Mokka X,2018,10097.0,Manual,29790,Petrol,145,47.1,1.4
 Mokka X,2017,12290.0,Semi-Auto,23677,Petrol,160,43.5,1.4
 Mokka X,2017,11298.0,Manual,20390,Petrol,145,47.1,1.4
 Mokka X,2017,12890.0,Manual,6826,Petrol,145,47.1,1.4
 Mokka X,2018,10147.0,Manual,33450,Petrol,145,47.1,1.4
 Mokka X,2019,13150.0,Manual,13431,Petrol,145,39.2,1.4
 Mokka X,2017,11998.0,Manual,19998,Diesel,145,60.1,1.6
 Mokka X,2019,13998.0,Manual,10,Petrol,145,39.2,1.4
 Mokka X,2016,9498.0,Manual,32586,Petrol,200,42.2,1.6
 Mokka X,2019,12198.0,Manual,13768,Petrol,145,39.2,1.4
 Mokka X,2018,11498.0,Manual,19865,Petrol,145,39.2,1.4
 Mokka X,2017,10998.0,Manual,16248,Petrol,145,47.1,1.4
 Mokka X,2018,12498.0,Manual,2199,Petrol,145,47.1,1.4
 Mokka X,2019,14995.0,Manual,1,Petrol,145,39.2,1.4
 Mokka X,2019,12995.0,Manual,6500,Petrol,145,39.2,1.4
 Mokka X,2017,11798.0,Manual,8339,Petrol,145,47.1,1.4
 Mokka X,2019,13490.0,Manual,9072,Petrol,145,39.2,1.4
 Mokka X,2019,13490.0,Manual,8173,Petrol,145,39.2,1.4
 Mokka X,2018,10990.0,Manual,5210,Petrol,145,39.2,1.4
 Mokka X,2017,10340.0,Manual,14942,Petrol,200,42.2,1.6
 Mokka X,2017,12398.0,Manual,16780,Petrol,145,47.1,1.4
 Mokka X,2017,8995.0,Manual,28635,Petrol,205,42.2,1.6
 Mokka X,2019,13995.0,Manual,3069,Petrol,145,39.2,1.4
 Mokka X,2016,11000.0,Automatic,16850,Petrol,160,43.5,1.4
 Mokka X,2017,10450.0,Manual,15787,Petrol,145,42.2,1.6
 Mokka X,2017,12490.0,Semi-Auto,9791,Petrol,160,43.5,1.4
 Mokka X,2019,17495.0,Semi-Auto,1612,Petrol,145,37.2,1.4
 Mokka X,2017,9995.0,Manual,27983,Petrol,205,42.2,1.6
 Mokka X,2017,11000.0,Manual,23139,Petrol,150,42.2,1.6
 Mokka X,2017,10795.0,Manual,16010,Petrol,145,47.1,1.4
 Mokka X,2019,13895.0,Manual,1000,Petrol,145,39.2,1.4
 Mokka X,2019,13995.0,Manual,6500,Petrol,150,39.2,1.4
 Mokka X,2017,10990.0,Manual,17000,Petrol,145,47.1,1.4
 Mokka X,2018,10095.0,Manual,38617,Petrol,145,47.1,1.4
 Mokka X,2017,13250.0,Semi-Auto,2863,Petrol,160,43.5,1.4
 Mokka X,2017,10495.0,Manual,14584,Petrol,200,42.2,1.6
 Mokka X,2017,11995.0,Semi-Auto,28531,Petrol,160,43.5,1.4
 Mokka X,2017,10990.0,Manual,31930,Diesel,145,60.1,1.6
 Mokka X,2017,9890.0,Manual,32024,Diesel,30,65.7,1.6
 Mokka X,2017,11495.0,Semi-Auto,30908,Petrol,160,43.5,1.4
 Mokka X,2019,14490.0,Manual,9487,Petrol,145,39.2,1.4
 Mokka X,2019,14495.0,Manual,11769,Petrol,145,39.2,1.4
 Mokka X,2019,14495.0,Manual,10416,Petrol,145,39.2,1.4
 Mokka X,2019,14495.0,Manual,8911,Petrol,145,39.2,1.4
 Mokka X,2019,13995.0,Manual,9702,Petrol,145,39.2,1.4
 Mokka X,2019,14495.0,Manual,7040,Petrol,145,39.2,1.4
 Mokka X,2017,11250.0,Manual,34658,Petrol,145,47.1,1.4
 Mokka X,2019,13495.0,Manual,7176,Petrol,145,39.2,1.4
 Mokka X,2018,13795.0,Manual,3132,Petrol,145,47.1,1.4
 Mokka X,2017,10295.0,Manual,30141,Petrol,200,42.2,1.6
 Mokka X,2018,13395.0,Manual,10,Petrol,145,39.2,1.4
 Mokka X,2019,13995.0,Manual,619,Petrol,145,39.2,1.4
 Mokka X,2018,12995.0,Manual,16128,Petrol,145,39.2,1.4
 Mokka X,2019,13950.0,Manual,11334,Petrol,150,39.2,1.4
 Mokka X,2018,10745.0,Manual,18075,Petrol,145,42.2,1.6
 Mokka X,2016,9995.0,Manual,26320,Petrol,145,47.1,1.4
 Mokka X,2017,9995.0,Manual,11000,Petrol,150,42.2,1.6
 Mokka X,2019,13495.0,Manual,21334,Petrol,145,39.2,1.4
 Mokka X,2019,13495.0,Manual,10530,Petrol,145,39.2,1.4
 Mokka X,2019,13495.0,Manual,9390,Petrol,145,39.2,1.4
 Mokka X,2018,11999.0,Manual,12500,Petrol,145,42.2,1.6
 Mokka X,2018,13799.0,Semi-Auto,15869,Petrol,145,43.5,1.4
 Mokka X,2016,9250.0,Manual,43710,Diesel,30,65.7,1.6
 Mokka X,2018,13495.0,Manual,16000,Diesel,145,60.1,1.6
 Mokka X,2017,10999.0,Manual,23840,Diesel,145,68.9,1.6
 Mokka X,2018,11500.0,Manual,21600,Petrol,145,39.2,1.4
 Mokka X,2017,10999.0,Manual,31840,Petrol,150,47.1,1.4
 Mokka X,2017,12010.0,Automatic,13938,Petrol,145,43.5,1.4
 Mokka X,2017,10780.0,Manual,9012,Petrol,145,47.1,1.4
 Mokka X,2019,13698.0,Manual,9455,Petrol,145,39.2,1.4
 Mokka X,2017,11398.0,Manual,18002,Petrol,145,47.1,1.4
 Mokka X,2017,11700.0,Automatic,15914,Petrol,145,43.5,1.4
 Mokka X,2018,13490.0,Manual,9318,Petrol,150,47.1,1.4
 Mokka X,2017,9990.0,Manual,23831,Petrol,145,47.1,1.4
 Mokka X,2019,13498.0,Manual,9917,Petrol,150,39.2,1.4
 Mokka X,2017,10998.0,Manual,17268,Petrol,145,47.1,1.4
 Mokka X,2017,10698.0,Manual,18771,Petrol,145,42.2,1.6
 Mokka X,2019,12998.0,Manual,11019,Petrol,145,39.2,1.4
 Mokka X,2017,10390.0,Manual,19946,Petrol,145,47.1,1.4
 Mokka X,2016,9298.0,Manual,37956,Petrol,200,42.2,1.6
 Mokka X,2017,10998.0,Manual,36179,Petrol,145,47.1,1.4
 Mokka X,2019,14698.0,Semi-Auto,12103,Petrol,150,37.2,1.4
 Mokka X,2017,10295.0,Manual,31015,Diesel,30,65.7,1.6
 Mokka X,2017,12740.0,Manual,2882,Petrol,145,47.1,1.4
 Mokka X,2017,12498.0,Manual,22020,Petrol,145,47.1,1.4
 Mokka X,2017,10998.0,Manual,19032,Petrol,150,42.2,1.6
 Mokka X,2018,11770.0,Manual,22444,Diesel,145,50.4,1.6
 Mokka X,2018,11990.0,Manual,15981,Diesel,145,50.4,1.6
 Mokka X,2019,12998.0,Manual,5267,Petrol,150,47.1,1.4
 Mokka X,2018,11990.0,Manual,17650,Petrol,145,39.2,1.4
 Mokka X,2017,10550.0,Manual,16201,Petrol,145,47.1,1.4
 Mokka X,2017,12080.0,Semi-Auto,20079,Petrol,145,43.5,1.4
 Mokka X,2018,12770.0,Manual,6838,Petrol,145,39.2,1.4
 Mokka X,2019,14291.0,Manual,10620,Petrol,145,39.2,1.4
 Mokka X,2018,12471.0,Manual,11928,Petrol,145,47.1,1.4
 Mokka X,2017,10485.0,Manual,28064,Petrol,145,47.1,1.4
 Mokka X,2018,11570.0,Manual,18995,Diesel,145,68.9,1.6
 Mokka X,2018,13471.0,Manual,5760,Petrol,145,47.1,1.4
 Mokka X,2019,12550.0,Manual,14629,Petrol,145,39.2,1.4
 Mokka X,2017,9967.0,Manual,32751,Petrol,145,47.1,1.4
 Mokka X,2017,10471.0,Manual,32476,Diesel,30,65.7,1.6
 Mokka X,2017,11498.0,Manual,27760,Petrol,145,47.1,1.4
 Mokka X,2016,12698.0,Automatic,15865,Petrol,160,43.5,1.4
 Mokka X,2017,11990.0,Manual,22688,Petrol,145,47.1,1.4
 Mokka X,2018,10998.0,Manual,37584,Petrol,150,39.2,1.4
 Mokka X,2019,15790.0,Manual,8623,Diesel,145,50.4,1.6
 Mokka X,2018,11920.0,Manual,9892,Petrol,145,39.2,1.4
 Mokka X,2019,14750.0,Manual,7931,Petrol,145,39.2,1.4
 Mokka X,2019,14595.0,Manual,9830,Petrol,145,39.2,1.4
 Mokka X,2019,13750.0,Automatic,6728,Petrol,145,37.2,1.4
 Mokka X,2017,11630.0,Manual,24027,Petrol,145,47.1,1.4
 Mokka X,2017,11471.0,Manual,16047,Petrol,150,47.1,1.4
 Mokka X,2019,15771.0,Semi-Auto,4201,Petrol,145,37.2,1.4
 Mokka X,2019,14971.0,Manual,11616,Petrol,145,39.2,1.4
 Mokka X,2018,11999.0,Manual,7639,Petrol,150,39.2,1.4
 Mokka X,2017,10750.0,Manual,10000,Petrol,200,42.2,1.6
 Mokka X,2017,9370.0,Manual,15714,Petrol,200,42.2,1.6
 Mokka X,2016,10999.0,Manual,23000,Petrol,145,47.1,1.4
 Mokka X,2017,10498.0,Manual,27902,Petrol,150,47.1,1.4
 Mokka X,2018,10397.0,Manual,21117,Petrol,145,47.1,1.4
 Mokka X,2017,10850.0,Manual,35323,Petrol,145,47.1,1.4
 Mokka X,2017,12500.0,Automatic,16940,Petrol,145,43.5,1.4
 Mokka X,2018,12990.0,Manual,17245,Petrol,145,47.1,1.4
 Mokka X,2017,9899.0,Manual,28594,Petrol,150,42.2,1.6
 Mokka X,2017,9755.0,Manual,27967,Petrol,145,47.1,1.4
 Mokka X,2018,13995.0,Semi-Auto,9000,Petrol,145,37.2,1.4
 Mokka X,2018,12991.0,Manual,16842,Petrol,145,39.2,1.4
 Mokka X,2018,10650.0,Manual,17901,Petrol,145,47.1,1.4
 Mokka X,2019,14575.0,Manual,12261,Petrol,145,39.2,1.4
 Mokka X,2016,10179.0,Manual,13971,Petrol,200,42.2,1.6
 Mokka X,2019,15999.0,Manual,4,Petrol,145,39.2,1.4
 Mokka X,2017,10075.0,Manual,25617,Petrol,145,47.1,1.4
 Mokka X,2018,11308.0,Manual,14900,Petrol,145,47.1,1.4
 Mokka X,2018,11999.0,Manual,13653,Petrol,145,47.1,1.4
 Mokka X,2018,11298.0,Manual,28993,Petrol,145,47.1,1.4
 Mokka X,2017,12655.0,Semi-Auto,26916,Petrol,160,43.5,1.4
 Mokka X,2016,13500.0,Semi-Auto,8254,Petrol,160,43.5,1.4
 Mokka X,2018,12500.0,Manual,12172,Petrol,145,47.1,1.4
 Mokka X,2019,14255.0,Manual,10914,Petrol,145,39.2,1.4
 Mokka X,2019,12680.0,Manual,18372,Petrol,145,39.2,1.4
 Mokka X,2017,9920.0,Manual,64442,Petrol,200,43.5,1.4
 Mokka X,2017,9000.0,Manual,69642,Petrol,145,47.1,1.4
 Mokka X,2017,11951.0,Manual,8533,Petrol,145,47.1,1.4
 Mokka X,2017,10221.0,Manual,34495,Diesel,20,68.9,1.6
 Mokka X,2019,13140.0,Manual,15237,Petrol,145,39.2,1.4
 Mokka X,2017,10691.0,Manual,14678,Petrol,145,47.1,1.4
 Mokka X,2017,9650.0,Manual,23483,Petrol,200,42.2,1.6
 Mokka X,2017,10610.0,Manual,22848,Petrol,200,42.2,1.6
 Mokka X,2017,10170.0,Manual,38750,Petrol,145,47.1,1.4
 Mokka X,2016,9291.0,Manual,26855,Petrol,145,47.1,1.4
 Mokka X,2018,12850.0,Manual,4382,Petrol,145,39.2,1.4
 Mokka X,2019,12890.0,Manual,8520,Diesel,145,50.4,1.6
 Mokka X,2017,11498.0,Manual,35399,Petrol,150,47.1,1.4
 Mokka X,2019,13140.0,Manual,15119,Petrol,145,39.2,1.4
 Mokka X,2017,10890.0,Manual,30143,Petrol,200,42.2,1.6
 Mokka X,2017,9999.0,Manual,26756,Petrol,145,47.1,1.4
 Mokka X,2018,11441.0,Manual,18105,Petrol,145,47.1,1.4
 Mokka X,2018,11386.0,Manual,17113,Petrol,145,47.1,1.4
 Mokka X,2019,13990.0,Manual,14417,Petrol,145,39.2,1.4
 Mokka X,2017,10995.0,Manual,9988,Petrol,205,42.2,1.6
 Mokka X,2017,12499.0,Semi-Auto,19420,Petrol,160,43.5,1.4
 Mokka X,2019,14995.0,Manual,11387,Petrol,145,39.2,1.4
 Mokka X,2017,11490.0,Manual,3547,Petrol,145,47.1,1.4
 Mokka X,2017,9667.0,Manual,22966,Petrol,145,47.1,1.4
 Mokka X,2018,10941.0,Manual,22074,Petrol,145,47.1,1.4
 Mokka X,2019,12200.0,Manual,16137,Petrol,145,39.2,1.4
 Mokka X,2017,11398.0,Manual,10861,Petrol,145,47.1,1.4
 Mokka X,2017,10850.0,Manual,33939,Petrol,145,47.1,1.4
 Mokka X,2019,12999.0,Automatic,18977,Petrol,145,37.2,1.4
 Mokka X,2019,11999.0,Manual,19133,Petrol,145,39.2,1.4
 Mokka X,2017,10499.0,Manual,27969,Petrol,145,42.2,1.6
 Mokka X,2017,11498.0,Manual,22832,Petrol,145,47.1,1.4
 Mokka X,2018,11498.0,Manual,19488,Petrol,145,39.2,1.4
 Mokka X,2018,12498.0,Manual,14354,Petrol,145,39.2,1.4
 Mokka X,2017,10498.0,Manual,31382,Diesel,125,60.1,1.6
 Mokka X,2018,12391.0,Manual,22063,Diesel,145,60.1,1.6
 Mokka X,2019,12507.0,Manual,16221,Petrol,145,39.2,1.4
 Mokka X,2019,12435.0,Manual,17413,Petrol,145,39.2,1.4
 Mokka X,2017,9990.0,Manual,24396,Petrol,205,42.2,1.6
 Mokka X,2017,10995.0,Manual,19579,Petrol,200,42.2,1.6
 Mokka X,2019,13498.0,Manual,3785,Petrol,150,47.1,1.4
 Mokka X,2019,12398.0,Manual,11519,Petrol,145,39.2,1.4
 Mokka X,2019,12698.0,Manual,12412,Petrol,150,39.2,1.4
 Mokka X,2018,11999.0,Manual,10825,Petrol,145,47.1,1.4
 Mokka X,2019,15291.0,Manual,2266,Petrol,145,39.2,1.4
 Mokka X,2016,9999.0,Manual,22333,Petrol,200,42.2,1.6
 Mokka X,2017,12995.0,Manual,27092,Diesel,30,65.7,1.6
 Mokka X,2017,11000.0,Manual,29292,Petrol,150,47.1,1.4
 Mokka X,2019,14998.0,Manual,5496,Petrol,150,39.2,1.4
 Mokka X,2019,11998.0,Manual,8869,Petrol,145,39.2,1.4
 Mokka X,2019,14898.0,Manual,14000,Petrol,145,39.2,1.4
 Mokka X,2016,8995.0,Manual,46340,Petrol,150,47.1,1.4
 Mokka X,2016,11998.0,Semi-Auto,23514,Petrol,160,43.5,1.4
 Mokka X,2018,11381.0,Manual,19948,Petrol,145,47.1,1.4
 Mokka X,2018,12498.0,Manual,13436,Petrol,145,47.1,1.4
 Mokka X,2016,12991.0,Semi-Auto,3531,Petrol,160,43.5,1.4
 Mokka X,2019,12990.0,Manual,9375,Petrol,145,39.2,1.4
 Mokka X,2017,12298.0,Manual,23143,Petrol,145,47.1,1.4
 Mokka X,2017,11998.0,Manual,10864,Petrol,150,42.2,1.6
 Mokka X,2017,12990.0,Manual,9304,Diesel,145,72.4,1.6
 Mokka X,2017,13995.0,Semi-Auto,12000,Petrol,145,43.5,1.4
 Mokka X,2018,13750.0,Manual,18000,Petrol,145,47.1,1.4
 Mokka X,2017,11955.0,Semi-Auto,38217,Petrol,160,43.5,1.4
 Mokka X,2017,12998.0,Semi-Auto,10285,Petrol,165,43.5,1.4
 Mokka X,2017,8998.0,Manual,61032,Diesel,145,72.4,1.6
 Mokka X,2018,13995.0,Manual,13500,Petrol,145,39.2,1.4
 Mokka X,2018,13298.0,Automatic,5456,Petrol,145,43.5,1.4
 Mokka X,2017,11495.0,Manual,25188,Diesel,30,65.7,1.6
 Mokka X,2019,13498.0,Manual,5223,Petrol,150,47.1,1.4
 Mokka X,2017,12842.0,Manual,19900,Petrol,145,47.1,1.4
 Mokka X,2019,12998.0,Manual,6279,Petrol,145,39.2,1.4
 Mokka X,2017,12298.0,Manual,15447,Petrol,200,43.5,1.4
 Mokka X,2019,12498.0,Manual,20641,Petrol,145,39.2,1.4
 Mokka X,2018,12995.0,Manual,18000,Petrol,150,47.1,1.4
 Mokka X,2017,13995.0,Manual,13679,Petrol,150,47.1,1.4
 Mokka X,2017,12998.0,Semi-Auto,15589,Petrol,145,43.5,1.4
 Mokka X,2017,12298.0,Semi-Auto,8418,Petrol,160,43.5,1.4
 Mokka X,2019,12298.0,Manual,11780,Petrol,150,39.2,1.4
 Mokka X,2019,12998.0,Manual,14072,Petrol,145,39.2,1.4
 Mokka X,2019,12998.0,Manual,15095,Petrol,145,39.2,1.4
 Mokka X,2018,12995.0,Manual,5572,Petrol,145,47.1,1.4
 Mokka X,2019,17995.0,Semi-Auto,867,Diesel,145,47.1,1.6
 Mokka X,2019,14698.0,Manual,8456,Petrol,150,39.2,1.4
 Mokka X,2019,14730.0,Manual,7470,Petrol,145,39.2,1.4
 Mokka X,2019,14240.0,Automatic,8611,Petrol,145,37.2,1.4
 Mokka X,2017,15000.0,Semi-Auto,5900,Petrol,150,43.5,1.4
 Mokka X,2016,9495.0,Manual,35976,Diesel,30,65.7,1.6
 Mokka X,2019,14980.0,Manual,8122,Diesel,145,50.4,1.6
 Mokka X,2019,14291.0,Manual,2872,Petrol,150,39.2,1.4
 Mokka X,2017,9591.0,Manual,20958,Petrol,205,42.2,1.6
 Mokka X,2019,12998.0,Manual,13539,Petrol,145,39.2,1.4
 Mokka X,2019,12298.0,Manual,13525,Petrol,145,39.2,1.4
 Mokka X,2017,8998.0,Manual,48756,Petrol,200,42.2,1.6
 Mokka X,2019,11998.0,Manual,20195,Petrol,145,39.2,1.4
 Mokka X,2017,10992.0,Manual,14987,Petrol,200,42.2,1.6
 Mokka X,2016,11285.0,Manual,21599,Petrol,145,47.1,1.4
 Mokka X,2017,11999.0,Manual,35512,Diesel,30,65.7,1.6
 Mokka X,2017,13290.0,Semi-Auto,9464,Petrol,145,43.5,1.4
 Mokka X,2017,11999.0,Manual,22686,Petrol,145,47.1,1.4
 Mokka X,2016,12498.0,Semi-Auto,10248,Petrol,160,43.5,1.4
 Mokka X,2017,12298.0,Manual,7269,Petrol,145,47.1,1.4
 Mokka X,2018,12547.0,Automatic,13089,Diesel,145,47.1,1.6
 Mokka X,2017,10490.0,Manual,21019,Petrol,145,47.1,1.4
 Mokka X,2016,10117.0,Manual,22341,Petrol,200,43.5,1.4
 Mokka X,2017,10495.0,Manual,27463,Petrol,145,47.1,1.4
 Mokka X,2017,11620.0,Manual,24647,Petrol,145,42.2,1.6
 Mokka X,2018,10674.0,Manual,32063,Petrol,145,47.1,1.4
 Mokka X,2019,13400.0,Manual,9713,Petrol,145,39.2,1.4
 Mokka X,2018,10295.0,Manual,37993,Petrol,145,47.1,1.4
 Mokka X,2018,11999.0,Manual,15011,Petrol,145,39.2,1.4
 Mokka X,2018,11850.0,Manual,14989,Petrol,145,39.2,1.4
 Mokka X,2017,10424.0,Manual,35320,Petrol,145,47.1,1.4
 Mokka X,2019,13200.0,Manual,16517,Petrol,145,39.2,1.4
 Mokka X,2019,14000.0,Manual,11912,Petrol,145,39.2,1.4
 Mokka X,2019,12200.0,Manual,18926,Petrol,145,39.2,1.4
 Mokka X,2017,12491.0,Manual,16172,Petrol,145,47.1,1.4
 Mokka X,2018,10990.0,Manual,29785,Petrol,150,42.2,1.6
 Mokka X,2017,9540.0,Manual,30563,Petrol,200,42.2,1.6
 Mokka X,2017,10800.0,Semi-Auto,38682,Petrol,160,43.5,1.4
 Mokka X,2018,14700.0,Automatic,17056,Petrol,145,37.2,1.4
 Mokka X,2019,14470.0,Manual,14098,Petrol,145,39.2,1.4
 Mokka X,2017,12895.0,Semi-Auto,10616,Petrol,160,43.5,1.4
 Mokka X,2017,11000.0,Manual,18236,Petrol,200,42.2,1.6
 Mokka X,2017,10000.0,Manual,18822,Petrol,200,42.2,1.6
 Mokka X,2018,14530.0,Semi-Auto,3345,Petrol,145,37.2,1.4
 Mokka X,2019,14340.0,Manual,100,Petrol,145,39.2,1.4
 Mokka X,2019,12998.0,Manual,14568,Petrol,145,39.2,1.4
 Mokka X,2019,12698.0,Manual,19195,Petrol,145,39.2,1.4
 Mokka X,2017,10670.0,Manual,30226,Diesel,145,68.9,1.6
 Mokka X,2017,12995.0,Manual,14635,Petrol,145,47.1,1.4
 Mokka X,2019,13099.0,Manual,9251,Petrol,145,39.2,1.4
 Mokka X,2017,10999.0,Manual,13723,Petrol,200,42.2,1.6
 Mokka X,2016,9698.0,Manual,25103,Petrol,205,42.2,1.6
 Mokka X,2019,14500.0,Manual,9495,Petrol,145,39.2,1.4
 Mokka X,2017,13200.0,Semi-Auto,10221,Petrol,160,43.5,1.4
 Mokka X,2017,12498.0,Semi-Auto,17131,Petrol,150,43.5,1.4
 Mokka X,2019,12998.0,Manual,14932,Petrol,145,39.2,1.4
 Mokka X,2017,12298.0,Semi-Auto,20435,Petrol,150,43.5,1.4
 Mokka X,2019,14550.0,Manual,5730,Petrol,145,39.2,1.4
 Mokka X,2018,12499.0,Manual,10770,Petrol,145,39.2,1.4
 Mokka X,2019,12899.0,Manual,7911,Petrol,145,39.2,1.4
 Mokka X,2019,12699.0,Manual,15466,Petrol,145,39.2,1.4
 Mokka X,2019,13499.0,Manual,20061,Petrol,145,39.2,1.4
 Mokka X,2019,12999.0,Manual,18358,Petrol,145,39.2,1.4
 Mokka X,2019,12699.0,Manual,15734,Petrol,145,39.2,1.4
 Mokka X,2019,12999.0,Manual,5978,Petrol,145,39.2,1.4
 Mokka X,2019,16299.0,Manual,1784,Petrol,145,39.2,1.4
 Mokka X,2017,13300.0,Semi-Auto,20081,Petrol,145,43.5,1.4
 Mokka X,2017,9701.0,Manual,25603,Petrol,150,47.1,1.4
 Mokka X,2019,12600.0,Manual,9138,Petrol,145,39.2,1.4
 Mokka X,2017,11650.0,Manual,16654,Diesel,145,68.9,1.6
 Mokka X,2017,10970.0,Manual,26457,Diesel,30,65.7,1.6
 Mokka X,2019,12298.0,Manual,16188,Petrol,145,39.2,1.4
 Mokka X,2017,11799.0,Manual,4859,Petrol,200,42.2,1.6
 Mokka X,2019,12698.0,Manual,18784,Petrol,145,39.2,1.4
 Mokka X,2018,11999.0,Manual,12896,Petrol,145,47.1,1.4
 Mokka X,2018,12799.0,Manual,8307,Diesel,145,50.4,1.6
 Mokka X,2017,11399.0,Semi-Auto,36000,Petrol,150,43.5,1.4
 Mokka X,2017,10799.0,Manual,23306,Petrol,145,47.1,1.4
 Mokka X,2017,10998.0,Manual,17785,Petrol,205,42.2,1.6
 Mokka X,2017,10150.0,Manual,38483,Diesel,145,72.4,1.6
 Mokka X,2019,14250.0,Manual,11418,Petrol,145,39.2,1.4
 Mokka X,2019,15260.0,Manual,9529,Petrol,145,39.2,1.4
 Mokka X,2016,9599.0,Manual,27000,Diesel,30,65.7,1.6
 Mokka X,2019,12699.0,Manual,20070,Petrol,145,39.2,1.4
 Mokka X,2017,10299.0,Manual,24861,Petrol,200,42.2,1.6
 Mokka X,2017,10499.0,Manual,25130,Petrol,200,42.2,1.6
 Mokka X,2019,13699.0,Manual,19420,Petrol,145,39.2,1.4
 Mokka X,2019,12899.0,Manual,19094,Petrol,145,39.2,1.4
 Mokka X,2018,14895.0,Semi-Auto,1851,Petrol,145,37.2,1.4
 Mokka X,2018,11000.0,Manual,33888,Petrol,145,39.2,1.4
 Mokka X,2018,12699.0,Semi-Auto,31614,Petrol,145,37.2,1.4
 Mokka X,2019,12799.0,Manual,20536,Petrol,145,39.2,1.4
 Mokka X,2019,12999.0,Manual,19028,Petrol,145,39.2,1.4
 Mokka X,2018,11194.0,Manual,32457,Petrol,145,39.2,1.4
 Mokka X,2017,11000.0,Semi-Auto,35562,Diesel,150,56.5,1.6
 Mokka X,2017,12891.0,Manual,6379,Petrol,150,47.1,1.4
 Mokka X,2019,12199.0,Manual,16139,Petrol,145,39.2,1.4
 Mokka X,2018,12294.0,Manual,32664,Petrol,145,39.2,1.4
 Mokka X,2019,13991.0,Manual,2667,Petrol,145,39.2,1.4
 Mokka X,2019,16000.0,Automatic,5,Petrol,145,37.2,1.4
 Mokka X,2017,10000.0,Manual,30029,Petrol,145,47.1,1.4
 Mokka X,2018,14995.0,Semi-Auto,3000,Petrol,150,37.2,1.4
 Mokka X,2017,9894.0,Manual,24938,Petrol,200,42.2,1.6
 Mokka X,2016,12650.0,Semi-Auto,16220,Petrol,160,43.5,1.4
 Mokka X,2017,9950.0,Manual,28595,Petrol,200,42.2,1.6
 Mokka X,2017,9791.0,Manual,24748,Petrol,200,42.2,1.6
 Mokka X,2017,11000.0,Manual,14995,Petrol,200,42.2,1.6
 Mokka X,2018,11495.0,Manual,34781,Petrol,145,39.2,1.4
 Mokka X,2017,10000.0,Manual,19365,Petrol,145,42.2,1.6
 Mokka X,2019,13500.0,Manual,19925,Petrol,145,39.2,1.4
 Mokka X,2019,12000.0,Manual,17871,Petrol,145,39.2,1.4
 Mokka X,2019,12000.0,Manual,19103,Petrol,145,39.2,1.4
 Mokka X,2017,10000.0,Manual,20843,Petrol,145,47.1,1.4
 Mokka X,2017,10300.0,Manual,13501,Petrol,145,47.1,1.4
 Mokka X,2017,10998.0,Manual,16391,Petrol,150,47.1,1.4
 Mokka X,2017,12698.0,Semi-Auto,14750,Petrol,165,43.5,1.4
 Mokka X,2018,11998.0,Manual,3045,Petrol,145,47.1,1.4
 Mokka X,2019,13047.0,Manual,8596,Diesel,145,50.4,1.6
 Mokka X,2017,11000.0,Manual,30921,Petrol,145,47.1,1.4
 Mokka X,2019,14890.0,Manual,10,Petrol,145,39.2,1.4
 Mokka X,2017,12998.0,Semi-Auto,15055,Petrol,165,43.5,1.4
 Mokka X,2017,11790.0,Automatic,17183,Petrol,160,43.5,1.4
 Mokka X,2018,13490.0,Manual,7522,Petrol,145,39.2,1.4
 Mokka X,2017,8990.0,Manual,42571,Petrol,145,42.2,1.6
 Mokka X,2018,10995.0,Manual,35995,Petrol,145,47.1,1.4
 Mokka X,2018,12450.0,Semi-Auto,8000,Petrol,145,37.2,1.4
 Mokka X,2019,12998.0,Manual,12791,Petrol,145,39.2,1.4
 Mokka X,2017,11500.0,Manual,8732,Petrol,145,47.1,1.4
 Mokka X,2018,11798.0,Manual,26342,Petrol,145,47.1,1.4
 Mokka X,2018,11498.0,Manual,33847,Petrol,145,47.1,1.4
 Mokka X,2019,13698.0,Manual,14550,Petrol,145,39.2,1.4
 Mokka X,2019,12698.0,Manual,19258,Petrol,145,47.1,1.4
 Mokka X,2019,14590.0,Manual,8722,Petrol,145,39.2,1.4
 Mokka X,2017,10999.0,Manual,16147,Diesel,145,65.7,1.6
 Mokka X,2019,12998.0,Manual,11089,Petrol,145,39.2,1.4
 Mokka X,2017,13698.0,Semi-Auto,13302,Petrol,145,43.5,1.4
 Mokka X,2017,11698.0,Manual,14111,Petrol,145,47.1,1.4
 Mokka X,2018,11250.0,Manual,18764,Petrol,145,47.1,1.4
 Mokka X,2017,10500.0,Manual,5578,Petrol,200,42.2,1.6
 Mokka X,2017,14391.0,Semi-Auto,10935,Petrol,160,43.5,1.4
 Mokka X,2016,10000.0,Manual,14203,Diesel,30,65.7,1.6
 Mokka X,2018,11900.0,Manual,13347,Petrol,145,42.2,1.6
 Mokka X,2017,9799.0,Manual,38827,Petrol,150,47.1,1.4
 Mokka X,2017,12999.0,Semi-Auto,13082,Petrol,150,43.5,1.4
 Mokka X,2019,12499.0,Manual,16644,Petrol,145,39.2,1.4
 Mokka X,2018,11499.0,Manual,20907,Petrol,145,39.2,1.4
 Mokka X,2019,12600.0,Manual,9797,Petrol,145,39.2,1.4
 Mokka X,2017,9491.0,Manual,42474,Petrol,145,47.1,1.4
 Mokka X,2019,14794.0,Manual,6710,Petrol,145,39.2,1.4
 Mokka X,2019,14995.0,Manual,9745,Petrol,145,39.2,1.4
 Mokka X,2019,14094.0,Manual,19271,Petrol,145,39.2,1.4
 Mokka X,2018,13992.0,Manual,3494,Petrol,150,39.2,1.4
 Mokka X,2017,11794.0,Manual,28554,Diesel,150,68.9,1.6
 Mokka X,2019,16295.0,Manual,9225,Petrol,145,39.2,1.4
 Mokka X,2019,14395.0,Manual,15413,Petrol,145,39.2,1.4
 Mokka X,2019,12198.0,Manual,8577,Petrol,145,39.2,1.4
 Mokka X,2017,12998.0,Semi-Auto,24545,Petrol,145,43.5,1.4
 Mokka X,2017,11498.0,Manual,13836,Petrol,200,42.2,1.6
 Mokka X,2017,11298.0,Manual,16391,Petrol,145,47.1,1.4
 Mokka X,2017,11890.0,Manual,11976,Petrol,145,47.1,1.4
 Mokka X,2017,9995.0,Manual,30577,Petrol,145,47.1,1.4
 Mokka X,2017,12291.0,Manual,5336,Petrol,145,47.1,1.4
 Mokka X,2017,11998.0,Manual,24343,Petrol,145,47.1,1.4
 Mokka X,2019,12998.0,Manual,9159,Petrol,145,39.2,1.4
 Mokka X,2019,12998.0,Manual,6995,Petrol,145,39.2,1.4
 Mokka X,2017,11998.0,Manual,18800,Petrol,145,47.1,1.4
 Mokka X,2019,12400.0,Manual,13375,Petrol,145,39.2,1.4
 Mokka X,2019,12200.0,Manual,17372,Petrol,145,39.2,1.4
 Mokka X,2017,12272.0,Semi-Auto,34721,Diesel,145,56.5,1.6
 Mokka X,2018,10870.0,Manual,33422,Petrol,145,39.2,1.4
 Mokka X,2019,12200.0,Manual,18803,Petrol,145,39.2,1.4
 Mokka X,2018,11060.0,Manual,20012,Petrol,145,39.2,1.4
 Mokka X,2018,11947.0,Manual,13522,Diesel,145,50.4,1.6
 Mokka X,2016,9720.0,Manual,20039,Petrol,145,47.1,1.4
 Mokka X,2019,12698.0,Manual,16258,Petrol,145,39.2,1.4
 Mokka X,2019,12698.0,Manual,19137,Petrol,145,39.2,1.4
 Mokka X,2019,13998.0,Manual,15927,Petrol,145,39.2,1.4
 Mokka X,2019,13991.0,Manual,10702,Petrol,145,39.2,1.4
 Mokka X,2019,12200.0,Manual,19459,Petrol,145,39.2,1.4
 Mokka X,2019,12200.0,Manual,17109,Petrol,145,39.2,1.4
 Mokka X,2018,12499.0,Manual,13328,Petrol,145,47.1,1.4
 Mokka X,2019,14999.0,Manual,5152,Petrol,145,39.2,1.4
 Mokka X,2019,14000.0,Semi-Auto,17624,Petrol,145,37.2,1.4
 Mokka X,2019,13499.0,Manual,9814,Diesel,145,50.4,1.6
 Mokka X,2018,12999.0,Manual,19593,Petrol,145,39.2,1.4
 Mokka X,2018,12000.0,Manual,15911,Petrol,145,47.1,1.4
 Mokka X,2019,13999.0,Manual,12000,Petrol,145,39.2,1.4
 Mokka X,2017,10699.0,Manual,23366,Diesel,30,65.7,1.6
 Mokka X,2018,11250.0,Manual,29269,Petrol,145,47.1,1.4
 Mokka X,2016,12995.0,Semi-Auto,11023,Petrol,165,43.5,1.4
 Mokka X,2018,11499.0,Manual,15219,Petrol,145,47.1,1.4
 Mokka X,2019,13699.0,Manual,16609,Petrol,145,39.2,1.4
 Mokka X,2019,12999.0,Manual,20507,Petrol,145,39.2,1.4
 Mokka X,2019,12499.0,Manual,19364,Petrol,145,39.2,1.4
 Mokka X,2019,14000.0,Manual,5585,Petrol,145,39.2,1.4
 Mokka X,2016,10899.0,Manual,22181,Diesel,30,65.7,1.6
 Mokka X,2017,9700.0,Manual,17255,Petrol,200,42.2,1.6
 Mokka X,2019,12899.0,Manual,19709,Petrol,145,39.2,1.4
 Mokka X,2017,12740.0,Manual,10418,Petrol,145,47.1,1.4
 Mokka X,2019,12995.0,Manual,14443,Petrol,145,39.2,1.4
 Mokka X,2018,13590.0,Manual,9623,Petrol,145,47.1,1.4
 Mokka X,2017,12160.0,Semi-Auto,19588,Petrol,145,43.5,1.4
 Mokka X,2017,11191.0,Manual,20143,Petrol,150,47.1,1.4
 Mokka X,2019,16291.0,Semi-Auto,6054,Petrol,150,37.2,1.4
 Mokka X,2018,11030.0,Manual,20230,Petrol,145,39.2,1.4
 Mokka X,2017,10500.0,Manual,7115,Petrol,200,42.2,1.6
 Mokka X,2018,11030.0,Manual,14764,Petrol,145,39.2,1.4
 Mokka X,2016,9700.0,Manual,13063,Petrol,200,42.2,1.6
 Mokka X,2017,11050.0,Manual,25766,Petrol,145,47.1,1.4
 Mokka X,2016,11160.0,Manual,7728,Petrol,200,42.2,1.6
 Mokka X,2018,13780.0,Manual,6145,Petrol,145,47.1,1.4
 Mokka X,2019,13830.0,Manual,9571,Diesel,145,50.4,1.6
 Mokka X,2017,12060.0,Manual,6755,Petrol,200,42.2,1.6
 Mokka X,2019,13800.0,Manual,5028,Petrol,145,39.2,1.4
 Mokka X,2018,11999.0,Manual,13597,Petrol,145,47.1,1.4
 Mokka X,2019,15900.0,Manual,15000,Diesel,145,50.4,1.6
 Mokka X,2017,10750.0,Manual,7204,Petrol,200,42.2,1.6
 Mokka X,2019,11998.0,Manual,9903,Petrol,145,39.2,1.4
 Mokka X,2017,11998.0,Semi-Auto,6070,Petrol,160,43.5,1.4
 Mokka X,2016,12298.0,Semi-Auto,10680,Petrol,160,43.5,1.4
 Mokka X,2019,15010.0,Manual,11568,Petrol,145,39.2,1.4
 Mokka X,2016,12495.0,Manual,16354,Diesel,125,60.1,1.6
 Mokka X,2017,12298.0,Manual,10197,Diesel,145,72.4,1.6
 Mokka X,2017,10495.0,Manual,27494,Petrol,145,47.1,1.4
 Mokka X,2018,12298.0,Semi-Auto,10637,Petrol,145,43.5,1.4
 Mokka X,2017,12498.0,Semi-Auto,10420,Petrol,165,43.5,1.4
 Mokka X,2018,11498.0,Manual,19967,Petrol,145,39.2,1.4
 Mokka X,2019,13298.0,Manual,7614,Petrol,145,39.2,1.4
 Mokka X,2016,10998.0,Manual,18994,Petrol,205,42.2,1.6
 Mokka X,2019,12998.0,Manual,6446,Petrol,145,39.2,1.4
 Mokka X,2018,11998.0,Manual,10044,Petrol,145,39.2,1.4
 Mokka X,2019,12998.0,Manual,4457,Petrol,145,39.2,1.4
 Mokka X,2017,9998.0,Manual,34249,Petrol,145,47.1,1.4
 Mokka X,2019,12698.0,Manual,7952,Petrol,145,39.2,1.4
 Mokka X,2017,10995.0,Manual,11110,Petrol,200,42.2,1.6
 Mokka X,2019,12498.0,Manual,12616,Petrol,145,39.2,1.4
 Mokka X,2018,11998.0,Manual,27682,Petrol,145,47.1,1.4
 Mokka X,2019,15198.0,Manual,8007,Petrol,145,39.2,1.4
 Mokka X,2017,10295.0,Manual,11039,Petrol,200,42.2,1.6
 Mokka X,2017,12595.0,Manual,28554,Diesel,145,68.9,1.6
 Mokka X,2019,14240.0,Manual,14417,Petrol,150,39.2,1.4
 Mokka X,2019,14794.0,Manual,9699,Petrol,145,39.2,1.4
 Mokka X,2019,13393.0,Manual,10796,Petrol,145,39.2,1.4
 Mokka X,2018,12092.0,Manual,16041,Petrol,145,39.2,1.4
 Mokka X,2019,15395.0,Manual,13898,Petrol,145,39.2,1.4
 Mokka X,2019,14370.0,Automatic,9337,Petrol,145,37.2,1.4
 Mokka X,2019,14499.0,Semi-Auto,9000,Petrol,145,37.2,1.4
 Mokka X,2017,11200.0,Manual,14220,Diesel,145,68.9,1.6
 Mokka X,2017,11841.0,Manual,25527,Diesel,145,68.9,1.6
 Mokka X,2017,11490.0,Manual,3547,Petrol,150,47.1,1.4
 Mokka X,2018,10941.0,Manual,22074,Petrol,150,47.1,1.4
 Mokka X,2018,11720.0,Manual,15437,Petrol,145,47.1,1.4
 Mokka X,2017,11602.0,Manual,12500,Petrol,150,47.1,1.4
 Mokka X,2019,14250.0,Manual,9144,Petrol,145,39.2,1.4
 Mokka X,2019,14390.0,Manual,8307,Petrol,145,39.2,1.4
 Mokka X,2018,13150.0,Manual,31475,Diesel,145,50.4,1.6
 Mokka X,2018,10640.0,Manual,23648,Petrol,145,47.1,1.4
 Mokka X,2018,11800.0,Manual,7143,Petrol,145,47.1,1.4
 Mokka X,2019,14043.0,Manual,20928,Petrol,145,39.2,1.4
 Mokka X,2017,11594.0,Manual,6049,Petrol,145,47.1,1.4
 Mokka X,2019,11998.0,Manual,12833,Petrol,145,39.2,1.4
 Mokka X,2019,12398.0,Manual,19279,Petrol,145,39.2,1.4
 Mokka X,2019,12798.0,Manual,14162,Petrol,145,39.2,1.4
 Mokka X,2018,10350.0,Manual,36201,Petrol,150,47.1,1.4
 Mokka X,2016,10499.0,Manual,29051,Petrol,145,47.1,1.4
 Mokka X,2017,10695.0,Manual,32063,Diesel,30,65.7,1.6
 Mokka X,2019,12695.0,Manual,19483,Petrol,145,39.2,1.4
 Mokka X,2017,10190.0,Manual,14042,Petrol,205,42.2,1.6
 Mokka X,2017,10995.0,Manual,8449,Petrol,200,42.2,1.6
 Mokka X,2016,11495.0,Manual,30345,Diesel,30,65.7,1.6
 Mokka X,2018,13295.0,Manual,6139,Petrol,145,39.2,1.4
 Mokka X,2017,12495.0,Semi-Auto,31650,Petrol,145,43.5,1.4
 Mokka X,2017,8550.0,Manual,56399,Diesel,30,65.7,1.6
 Mokka X,2019,13845.0,Manual,9953,Petrol,145,39.2,1.4
 Mokka X,2019,13764.0,Semi-Auto,15502,Petrol,145,37.2,1.4
 Mokka X,2019,13894.0,Manual,10061,Petrol,145,39.2,1.4
 Mokka X,2018,12995.0,Manual,9306,Petrol,145,47.1,1.4
 Mokka X,2016,9951.0,Manual,33000,Diesel,30,65.7,1.6
 Mokka X,2018,11090.0,Manual,15483,Petrol,145,47.1,1.4
 Mokka X,2019,13892.0,Manual,4254,Petrol,150,39.2,1.4
 Mokka X,2019,14495.0,Manual,12755,Petrol,145,39.2,1.4
 Mokka X,2019,18995.0,Manual,4705,Petrol,145,39.2,1.4
 Mokka X,2018,11849.0,Manual,10610,Petrol,150,47.1,1.4
 Mokka X,2018,11195.0,Manual,15545,Petrol,145,47.1,1.4
 Mokka X,2017,11650.0,Manual,28495,Diesel,150,68.9,1.6
 Mokka X,2018,12295.0,Manual,15500,Petrol,150,47.1,1.4
 Mokka X,2017,9400.0,Manual,22111,Petrol,200,42.2,1.6
 Mokka X,2019,14094.0,Manual,10354,Petrol,145,39.2,1.4
 Mokka X,2017,11795.0,Manual,12588,Petrol,145,47.1,1.4
 Mokka X,2019,16495.0,Manual,4185,Petrol,145,39.2,1.4
 Mokka X,2019,14093.0,Semi-Auto,8331,Petrol,145,37.2,1.4
 Mokka X,2018,13500.0,Manual,13965,Petrol,145,47.1,1.4
 Mokka X,2017,11500.0,Manual,24317,Petrol,145,47.1,1.4
 Mokka X,2017,11000.0,Manual,20085,Petrol,200,42.2,1.6
 Mokka X,2017,11500.0,Manual,24003,Petrol,145,47.1,1.4
 Mokka X,2017,12500.0,Manual,845,Petrol,145,47.1,1.4
 Mokka X,2018,14500.0,Semi-Auto,5834,Petrol,145,43.5,1.4
 Mokka X,2019,14890.0,Manual,3616,Petrol,145,39.2,1.4
 Mokka X,2019,13959.0,Manual,7927,Diesel,145,50.4,1.6
 Mokka X,2019,16477.0,Semi-Auto,2135,Petrol,150,37.2,1.4
 Mokka X,2019,14759.0,Manual,13781,Petrol,145,39.2,1.4
 Mokka X,2017,11997.0,Manual,14739,Petrol,145,47.1,1.4
 Mokka X,2019,15395.0,Manual,5772,Petrol,145,39.2,1.4
 Mokka X,2018,11800.0,Manual,11970,Petrol,145,39.2,1.4
 Mokka X,2017,10495.0,Manual,27402,Petrol,145,47.1,1.4
 Mokka X,2018,11990.0,Manual,13076,Petrol,145,39.2,1.4
 Mokka X,2016,10000.0,Manual,26024,Petrol,200,42.2,1.6
 Mokka X,2017,9400.0,Manual,24124,Petrol,200,42.2,1.6
 Mokka X,2017,11495.0,Manual,21500,Petrol,200,42.2,1.6
 Mokka X,2018,11600.0,Manual,22957,Petrol,145,39.2,1.4
 Mokka X,2017,11220.0,Manual,17667,Petrol,145,47.1,1.4
 Mokka X,2018,13992.0,Manual,3494,Petrol,145,39.2,1.4
 Mokka X,2018,12294.0,Manual,26180,Petrol,145,47.1,1.4
 Mokka X,2019,15895.0,Manual,10052,Petrol,145,39.2,1.4
 Mokka X,2017,10690.0,Manual,17152,Petrol,145,47.1,1.4
 Mokka X,2017,10670.0,Manual,15843,Petrol,145,47.1,1.4
 Mokka X,2018,10940.0,Manual,21616,Petrol,145,47.1,1.4
 Mokka X,2017,10750.0,Manual,8173,Petrol,200,42.2,1.6
 Mokka X,2017,9400.0,Manual,30353,Petrol,200,42.2,1.6
 Mokka X,2019,15290.0,Manual,2908,Petrol,145,39.2,1.4
 Mokka X,2019,12200.0,Manual,16703,Petrol,145,39.2,1.4
 Mokka X,2019,12190.0,Manual,12321,Petrol,145,39.2,1.4
 Mokka X,2019,12300.0,Manual,14705,Petrol,145,39.2,1.4
 Mokka X,2019,13750.0,Manual,13035,Petrol,145,39.2,1.4
 Mokka X,2018,12297.0,Manual,20655,Petrol,145,39.2,1.4
 Mokka X,2017,8660.0,Manual,67234,Diesel,145,68.9,1.6
 Mokka X,2018,12907.0,Manual,19772,Petrol,145,39.2,1.4
 Mokka X,2017,9547.0,Manual,28416,Diesel,20,68.9,1.6
 Mokka X,2019,13460.0,Manual,1751,Petrol,145,39.2,1.4
 Mokka X,2018,11800.0,Manual,5547,Petrol,145,39.2,1.4
 Mokka X,2017,10660.0,Semi-Auto,40944,Petrol,160,43.5,1.4
 Mokka X,2019,15300.0,Manual,3234,Petrol,150,39.2,1.4
 Mokka X,2019,12998.0,Manual,12768,Petrol,145,39.2,1.4
 Mokka X,2017,10498.0,Manual,36120,Diesel,145,68.9,1.6
 Mokka X,2019,12798.0,Manual,8128,Petrol,145,39.2,1.4
 Mokka X,2018,11491.0,Manual,29074,Diesel,145,68.9,1.6
 Mokka X,2017,13791.0,Semi-Auto,10674,Diesel,145,56.5,1.6
 Mokka X,2017,11995.0,Manual,22279,Diesel,125,60.1,1.6
 Mokka X,2017,10495.0,Manual,27155,Petrol,145,47.1,1.4
 Mokka X,2018,10890.0,Manual,32062,Petrol,145,47.1,1.4
 Mokka X,2019,14948.0,Manual,10,Petrol,145,39.2,1.4
 Mokka X,2017,11950.0,Manual,17263,Petrol,145,47.1,1.4
 Mokka X,2016,11558.0,Manual,7169,Petrol,145,47.1,1.4
 Mokka X,2017,11289.0,Manual,2536,Petrol,200,42.2,1.6
 Mokka X,2019,12839.0,Manual,3189,Petrol,145,39.2,1.4
 Mokka X,2019,13925.0,Manual,8722,Petrol,145,39.2,1.4
 Mokka X,2017,11000.0,Manual,12911,Petrol,145,47.1,1.4
 Mokka X,2019,12795.0,Manual,13723,Petrol,145,39.2,1.4
 Mokka X,2017,11000.0,Manual,10087,Petrol,145,42.2,1.6
 Mokka X,2019,15298.0,Manual,4384,Petrol,145,39.2,1.4
 Mokka X,2017,10798.0,Manual,33427,Petrol,145,47.1,1.4
 Mokka X,2019,15532.0,Automatic,15330,Petrol,145,37.2,1.4
 Mokka X,2017,10500.0,Manual,37792,Diesel,30,65.7,1.6
 Mokka X,2016,11000.0,Manual,40499,Petrol,145,47.1,1.4
 Mokka X,2018,10000.0,Manual,44205,Diesel,150,68.9,1.6
 Mokka X,2018,10900.0,Manual,33535,Petrol,145,47.1,1.4
 Mokka X,2018,13400.0,Manual,28475,Petrol,145,39.2,1.4
 Mokka X,2017,10798.0,Manual,21182,Petrol,205,42.2,1.6
 Mokka X,2016,9499.0,Manual,28201,Petrol,145,47.1,1.4
 Mokka X,2017,9999.0,Manual,32435,Petrol,145,47.1,1.4
 Mokka X,2017,11295.0,Manual,35388,Diesel,150,65.7,1.6
 Mokka X,2017,13700.0,Semi-Auto,7373,Petrol,145,43.5,1.4
 Mokka X,2016,14000.0,Semi-Auto,6124,Petrol,160,43.5,1.4
 Mokka X,2017,12000.0,Manual,14886,Petrol,145,47.1,1.4
 Mokka X,2017,13000.0,Manual,18329,Petrol,145,47.1,1.4
 Mokka X,2017,14000.0,Semi-Auto,11420,Petrol,145,43.5,1.4
 Mokka X,2016,12900.0,Semi-Auto,13429,Petrol,160,43.5,1.4
 Mokka X,2017,12600.0,Semi-Auto,30423,Diesel,150,56.5,1.6
 Mokka X,2017,14200.0,Semi-Auto,4973,Petrol,165,43.5,1.4
 Mokka X,2017,10991.0,Manual,31000,Diesel,145,72.4,1.6
 Mokka X,2017,10900.0,Manual,32101,Diesel,145,72.4,1.6
 Mokka X,2017,10495.0,Manual,18803,Petrol,150,47.1,1.4
 Mokka X,2017,12200.0,Manual,29132,Petrol,145,47.1,1.4
 Mokka X,2019,14490.0,Manual,1,Petrol,145,39.2,1.4
 Mokka X,2017,10410.0,Manual,20193,Petrol,200,42.2,1.6
 Mokka X,2017,10700.0,Manual,31745,Petrol,145,47.1,1.4
 Mokka X,2017,11491.0,Manual,16355,Petrol,145,47.1,1.4
 Mokka X,2016,8991.0,Manual,47256,Diesel,20,68.9,1.6
 Mokka X,2018,12490.0,Manual,9000,Petrol,145,39.2,1.4
 Mokka X,2017,13700.0,Semi-Auto,2356,Petrol,145,43.5,1.4
 Mokka X,2017,10930.0,Manual,13215,Petrol,200,42.2,1.6
 Mokka X,2018,11250.0,Manual,32638,Petrol,145,39.2,1.4
 Mokka X,2017,9260.0,Manual,40678,Petrol,145,47.1,1.4
 Mokka X,2017,9590.0,Manual,30916,Diesel,30,65.7,1.6
 Mokka X,2018,13495.0,Manual,7459,Petrol,145,39.2,1.4
 Mokka X,2017,10990.0,Manual,23360,Petrol,145,42.2,1.6
 Mokka X,2016,12720.0,Semi-Auto,20045,Petrol,160,43.5,1.4
 Mokka X,2017,11400.0,Manual,17494,Petrol,145,47.1,1.4
 Mokka X,2017,12900.0,Semi-Auto,17153,Petrol,145,43.5,1.4
 Mokka X,2017,10698.0,Manual,19440,Petrol,150,47.1,1.4
 Mokka X,2019,13450.0,Manual,8601,Petrol,145,39.2,1.4
 Mokka X,2018,12995.0,Manual,10305,Petrol,145,47.1,1.4
 Mokka X,2019,14495.0,Manual,10620,Petrol,145,39.2,1.4
 Mokka X,2019,14517.0,Manual,10881,Petrol,145,39.2,1.4
 Mokka X,2019,14780.0,Manual,12453,Petrol,145,39.2,1.4
 Mokka X,2019,14311.0,Manual,10877,Petrol,145,39.2,1.4
 Mokka X,2017,10995.0,Manual,19463,Petrol,200,42.2,1.6
 Mokka X,2019,14517.0,Manual,10827,Petrol,145,39.2,1.4
 Mokka X,2019,14826.0,Manual,11430,Petrol,145,39.2,1.4
 Mokka X,2019,14265.0,Manual,13554,Petrol,145,39.2,1.4
 Mokka X,2019,14208.0,Manual,14466,Petrol,145,39.2,1.4
 Mokka X,2017,10350.0,Manual,17406,Petrol,200,42.2,1.6
 Mokka X,2017,12600.0,Manual,5423,Petrol,200,42.2,1.6
 Mokka X,2019,13498.0,Manual,3604,Petrol,150,47.1,1.4
 Mokka X,2018,14998.0,Semi-Auto,4174,Petrol,150,37.2,1.4
 Mokka X,2018,12798.0,Manual,5360,Petrol,150,39.2,1.4
 Mokka X,2017,10925.0,Manual,45653,Petrol,145,47.1,1.4
 Mokka X,2017,11172.0,Manual,17731,Petrol,145,47.1,1.4
 Mokka X,2017,14000.0,Semi-Auto,8182,Petrol,145,43.5,1.4
 Mokka X,2017,12698.0,Manual,8054,Petrol,150,47.1,1.4
 Mokka X,2017,12698.0,Manual,5447,Petrol,200,42.2,1.6
 Mokka X,2017,12990.0,Semi-Auto,21691,Petrol,150,43.5,1.4
 Mokka X,2016,10295.0,Manual,29237,Petrol,200,42.2,1.6
 Mokka X,2019,16900.0,Semi-Auto,801,Petrol,145,37.2,1.4
 Mokka X,2018,12700.0,Manual,13498,Petrol,145,47.1,1.4
 Mokka X,2017,12498.0,Semi-Auto,11503,Petrol,145,43.5,1.4
 Mokka X,2016,10495.0,Semi-Auto,52502,Diesel,145,56.5,1.6
 Mokka X,2017,10295.0,Manual,27800,Petrol,145,47.1,1.4
 Mokka X,2016,9399.0,Manual,27250,Petrol,145,47.1,1.4
 Mokka X,2017,11195.0,Manual,22694,Diesel,20,68.9,1.6
 Mokka X,2017,10495.0,Manual,33892,Diesel,20,68.9,1.6
 Mokka X,2019,13295.0,Manual,16700,Petrol,145,39.2,1.4
 Mokka X,2016,11499.0,Manual,24556,Diesel,125,60.1,1.6
 Mokka X,2017,11995.0,Manual,10488,Petrol,145,47.1,1.4
 Mokka X,2017,9699.0,Manual,33152,Petrol,205,42.2,1.6
 Mokka X,2018,12749.0,Manual,37807,Petrol,145,47.1,1.4
 Mokka X,2016,8641.0,Manual,29218,Petrol,205,42.2,1.6
 Mokka X,2017,13390.0,Semi-Auto,8630,Diesel,145,56.5,1.6
 Mokka X,2017,12666.0,Manual,10637,Petrol,145,47.1,1.4
 Mokka X,2018,12181.0,Manual,10927,Petrol,145,47.1,1.4
 Mokka X,2017,10700.0,Manual,28540,Diesel,145,65.7,1.6
 Mokka X,2018,11320.0,Manual,18282,Petrol,145,47.1,1.4
 Mokka X,2019,13890.0,Automatic,14441,Petrol,145,37.2,1.4
 Mokka X,2018,13090.0,Manual,13132,Petrol,145,39.2,1.4
 Mokka X,2017,10491.0,Manual,24256,Petrol,145,47.1,1.4
 Mokka X,2018,11131.0,Manual,36566,Petrol,145,39.2,1.4
 Mokka X,2017,8991.0,Manual,45980,Petrol,145,47.1,1.4
 Mokka X,2017,11280.0,Manual,14800,Petrol,145,47.1,1.4
 Mokka X,2017,11000.0,Manual,3277,Petrol,200,42.2,1.6
 Mokka X,2019,13498.0,Manual,7352,Diesel,145,50.4,1.6
 Mokka X,2019,12298.0,Manual,11645,Petrol,145,39.2,1.4
 Mokka X,2017,10490.0,Manual,6294,Petrol,205,42.2,1.6
 Mokka X,2016,9799.0,Manual,49888,Petrol,200,42.2,1.6
 Mokka X,2017,9899.0,Manual,36652,Petrol,145,42.2,1.6
 Mokka X,2017,10498.0,Manual,26360,Petrol,145,42.2,1.6
 Mokka X,2019,12998.0,Manual,15725,Petrol,145,39.2,1.4
 Mokka X,2016,10498.0,Manual,11866,Petrol,200,42.2,1.6
 Mokka X,2017,9920.0,Manual,26506,Petrol,145,47.1,1.4
 Mokka X,2018,11390.0,Manual,10549,Diesel,145,68.9,1.6
 Mokka X,2019,14500.0,Manual,8331,Petrol,145,39.2,1.4
 Mokka X,2017,11810.0,Semi-Auto,18200,Petrol,160,43.5,1.4
 Mokka X,2017,10998.0,Manual,17358,Petrol,200,42.2,1.6
 Mokka X,2017,10998.0,Manual,10399,Petrol,205,42.2,1.6
 Mokka X,2019,12698.0,Manual,16806,Petrol,145,39.2,1.4
 Mokka X,2018,12900.0,Semi-Auto,26712,Petrol,145,37.2,1.4
 Mokka X,2017,10500.0,Manual,5947,Petrol,200,42.2,1.6
 Mokka X,2017,9170.0,Manual,20799,Petrol,200,42.2,1.6
 Mokka X,2018,10370.0,Manual,36493,Petrol,145,47.1,1.4
 Mokka X,2017,10297.0,Manual,20315,Diesel,30,65.7,1.6
 Mokka X,2017,9390.0,Manual,20132,Petrol,200,42.2,1.6
 Mokka X,2017,10317.0,Manual,13511,Petrol,145,47.1,1.4
 Mokka X,2017,8920.0,Manual,52148,Diesel,145,65.7,1.6
 Mokka X,2017,11000.0,Manual,3273,Petrol,200,42.2,1.6
 Mokka X,2017,10590.0,Manual,16030,Petrol,145,47.1,1.4
 Mokka X,2019,12890.0,Manual,10366,Petrol,150,39.2,1.4
 Mokka X,2018,11197.0,Manual,16900,Petrol,145,47.1,1.4
 Mokka X,2019,14995.0,Manual,10732,Petrol,145,39.2,1.4
 Mokka X,2018,12500.0,Manual,32091,Petrol,145,39.2,1.4
 Mokka X,2017,11299.0,Manual,39888,Petrol,150,47.1,1.4
 Mokka X,2017,10930.0,Manual,19691,Petrol,145,47.1,1.4
 Mokka X,2017,10790.0,Manual,15148,Petrol,145,47.1,1.4
 Mokka X,2018,11707.0,Manual,18205,Petrol,145,39.2,1.4
 Mokka X,2017,10000.0,Manual,30089,Diesel,145,72.4,1.6
 Mokka X,2017,10700.0,Manual,35335,Petrol,150,42.2,1.6
 Mokka X,2017,9747.0,Manual,27440,Petrol,145,47.1,1.4
 Mokka X,2017,11798.0,Manual,22225,Petrol,150,47.1,1.4
 Mokka X,2019,13498.0,Manual,9753,Petrol,150,39.2,1.4
 Mokka X,2018,13790.0,Semi-Auto,4882,Petrol,150,43.5,1.4
 Mokka X,2019,13998.0,Manual,9571,Petrol,150,39.2,1.4
 Mokka X,2019,12498.0,Manual,17202,Petrol,150,39.2,1.4
 Mokka X,2019,12798.0,Manual,13404,Petrol,145,39.2,1.4
 Mokka X,2017,9450.0,Manual,24706,Petrol,200,42.2,1.6
 Mokka X,2017,11795.0,Manual,8768,Petrol,145,42.2,1.6
 Mokka X,2017,9900.0,Manual,24476,Petrol,150,47.1,1.4
 Mokka X,2018,9926.0,Manual,37099,Petrol,145,47.1,1.4
 Mokka X,2018,12530.0,Manual,21300,Petrol,145,39.2,1.4
 Mokka X,2019,19145.0,Semi-Auto,80,Petrol,145,37.2,1.4
 Mokka X,2019,13237.0,Manual,8764,Diesel,145,50.4,1.6
 Mokka X,2017,11999.0,Manual,19879,Petrol,150,42.2,1.6
 Mokka X,2017,11250.0,Manual,7749,Petrol,145,47.1,1.4
 Mokka X,2017,11991.0,Semi-Auto,41717,Diesel,145,56.5,1.6
 Mokka X,2018,11897.0,Manual,15226,Petrol,145,47.1,1.4
 Mokka X,2017,14817.0,Semi-Auto,8102,Petrol,160,43.5,1.4
 Mokka X,2019,13839.0,Manual,11683,Petrol,145,39.2,1.4
 Mokka X,2018,12167.0,Manual,11537,Petrol,145,47.1,1.4
 Mokka X,2019,15120.0,Automatic,3047,Petrol,145,37.2,1.4
 Mokka X,2017,12499.0,Manual,16627,Petrol,150,47.1,1.4
 Mokka X,2017,12999.0,Semi-Auto,14433,Petrol,145,43.5,1.4
 Mokka X,2019,14960.0,Manual,10181,Petrol,145,39.2,1.4
 Mokka X,2019,14710.0,Manual,12676,Petrol,145,39.2,1.4
 Mokka X,2019,12000.0,Manual,6859,Petrol,145,39.2,1.4
 Mokka X,2019,12070.0,Manual,12847,Petrol,145,39.2,1.4
 Mokka X,2018,12250.0,Manual,34046,Petrol,145,39.2,1.4
 Mokka X,2017,10991.0,Manual,28520,Petrol,145,47.1,1.4
 Mokka X,2017,11989.0,Manual,25321,Petrol,145,47.1,1.4
 Mokka X,2017,11988.0,Semi-Auto,38300,Petrol,160,43.5,1.4
 Mokka X,2019,14160.0,Manual,11537,Petrol,145,39.2,1.4
 Mokka X,2019,14515.0,Manual,6417,Petrol,145,39.2,1.4
 Mokka X,2017,10740.0,Manual,16035,Petrol,145,42.2,1.6
 Mokka X,2019,14000.0,Manual,10553,Petrol,145,39.2,1.4
 Mokka X,2019,13688.0,Manual,12659,Petrol,145,39.2,1.4
 Mokka X,2019,13500.0,Semi-Auto,19243,Petrol,145,37.2,1.4
 Mokka X,2017,12898.0,Manual,8557,Petrol,145,47.1,1.4
 Mokka X,2019,15494.0,Manual,8735,Petrol,145,39.2,1.4
 Mokka X,2018,14999.0,Semi-Auto,19192,Petrol,150,43.5,1.4
 Mokka X,2017,12434.0,Semi-Auto,34870,Petrol,165,43.5,1.4
 Mokka X,2017,11494.0,Manual,25368,Petrol,150,47.1,1.4
 Mokka X,2018,13799.0,Automatic,7440,Petrol,145,43.5,1.4
 Mokka X,2018,12499.0,Manual,12472,Petrol,150,39.2,1.4
 Mokka X,2019,14399.0,Automatic,16030,Petrol,145,37.2,1.4
 Mokka X,2019,12699.0,Manual,20900,Petrol,145,39.2,1.4
 Mokka X,2019,12699.0,Manual,14237,Petrol,145,39.2,1.4
 Mokka X,2019,15099.0,Manual,1416,Petrol,145,39.2,1.4
 Mokka X,2017,10999.0,Manual,24000,Petrol,145,47.1,1.4
 Mokka X,2017,10099.0,Manual,33000,Petrol,145,47.1,1.4
 Mokka X,2019,13199.0,Manual,13821,Petrol,145,39.2,1.4
 Mokka X,2019,13199.0,Manual,13440,Petrol,145,39.2,1.4
 Mokka X,2017,10999.0,Manual,21403,Petrol,145,47.1,1.4
 Mokka X,2017,10499.0,Manual,17332,Petrol,145,47.1,1.4
 Mokka X,2017,12199.0,Semi-Auto,11719,Petrol,160,43.5,1.4
 Mokka X,2017,10299.0,Manual,21500,Petrol,200,42.2,1.6
 Mokka X,2017,13199.0,Semi-Auto,18118,Petrol,145,43.5,1.4
 Mokka X,2017,10199.0,Manual,30800,Petrol,145,47.1,1.4
 Mokka X,2017,14399.0,Semi-Auto,13401,Petrol,160,43.5,1.4
 Mokka X,2017,11599.0,Manual,12657,Petrol,145,47.1,1.4
 Mokka X,2016,9299.0,Manual,27740,Petrol,200,42.2,1.6
 Mokka X,2019,14699.0,Manual,11493,Petrol,145,39.2,1.4
 Mokka X,2018,14200.0,Automatic,35352,Petrol,145,43.5,1.4
 Mokka X,2019,14299.0,Manual,13397,Petrol,145,39.2,1.4
 Mokka X,2019,13299.0,Manual,12049,Petrol,145,39.2,1.4
 Mokka X,2017,11295.0,Manual,46201,Petrol,145,47.1,1.4
 Mokka X,2017,13499.0,Automatic,3174,Petrol,145,43.5,1.4
 Mokka X,2019,15999.0,Semi-Auto,5352,Petrol,145,37.2,1.4
 Mokka X,2018,13199.0,Manual,15853,Petrol,145,39.2,1.4
 Mokka X,2019,14399.0,Semi-Auto,19672,Petrol,145,37.2,1.4
 Mokka X,2017,9699.0,Manual,42981,Diesel,30,65.7,1.6
 Mokka X,2019,12499.0,Manual,16998,Petrol,145,39.2,1.4
 Mokka X,2019,12499.0,Manual,16583,Petrol,145,39.2,1.4
 Mokka X,2017,9899.0,Manual,29875,Petrol,145,47.1,1.4
 Mokka X,2017,12399.0,Semi-Auto,22269,Petrol,160,43.5,1.4
 Mokka X,2017,10199.0,Manual,17736,Petrol,200,42.2,1.6
 Mokka X,2017,10299.0,Manual,33788,Petrol,145,47.1,1.4
 Mokka X,2017,10999.0,Manual,22200,Petrol,145,47.1,1.4
 Mokka X,2016,10981.0,Manual,15236,Petrol,200,42.2,1.6
 Mokka X,2019,13280.0,Manual,20225,Petrol,145,39.2,1.4
 Mokka X,2017,11299.0,Manual,18136,Petrol,145,42.2,1.6
 Mokka X,2019,14789.0,Manual,4694,Petrol,145,39.2,1.4
 Mokka X,2018,12560.0,Semi-Auto,11285,Petrol,145,43.5,1.4
 Mokka X,2019,15500.0,Semi-Auto,5537,Petrol,145,37.2,1.4
 Mokka X,2019,12600.0,Manual,9451,Petrol,145,39.2,1.4
 Mokka X,2018,11620.0,Manual,16092,Petrol,145,47.1,1.4
 Mokka X,2018,11460.0,Manual,17073,Petrol,145,47.1,1.4
 Mokka X,2017,10870.0,Manual,15061,Petrol,145,47.1,1.4
 Mokka X,2019,14690.0,Manual,11549,Petrol,145,39.2,1.4
 Mokka X,2017,9499.0,Manual,31488,Petrol,145,42.2,1.6
 Mokka X,2018,13500.0,Semi-Auto,20349,Petrol,145,43.5,1.4
 Mokka X,2019,12400.0,Manual,12863,Petrol,145,39.2,1.4
 Mokka X,2019,13620.0,Manual,15586,Petrol,145,39.2,1.4
 Mokka X,2017,9250.0,Manual,40123,Petrol,145,47.1,1.4
 Mokka X,2018,11800.0,Manual,8367,Petrol,145,47.1,1.4
 Mokka X,2017,11210.0,Manual,10867,Petrol,145,47.1,1.4
 Mokka X,2017,11724.0,Manual,19256,Petrol,200,42.2,1.6
 Mokka X,2019,12600.0,Manual,9300,Petrol,145,39.2,1.4
 Mokka X,2019,15700.0,Manual,6546,Petrol,145,36.7,1.4
 Mokka X,2016,10991.0,Semi-Auto,20108,Diesel,145,56.5,1.6
 Mokka X,2019,13940.0,Manual,3568,Diesel,145,50.4,1.6
 Mokka X,2017,11391.0,Manual,18282,Petrol,150,42.2,1.6
 Mokka X,2019,13691.0,Manual,12925,Petrol,145,39.2,1.4
 Mokka X,2019,13997.0,Manual,8145,Petrol,145,39.2,1.4
 Mokka X,2019,13691.0,Manual,17550,Petrol,145,39.2,1.4
 Mokka X,2017,9991.0,Manual,34857,Diesel,20,68.9,1.6
 Mokka X,2018,12891.0,Manual,13331,Petrol,150,39.2,1.4
 Mokka X,2019,12397.0,Manual,19389,Petrol,145,39.2,1.4
 Mokka X,2018,13491.0,Manual,14584,Petrol,145,39.2,1.4
 Mokka X,2017,10991.0,Manual,27076,Petrol,145,47.1,1.4
 Mokka X,2017,11291.0,Manual,9537,Petrol,200,42.2,1.6
 Mokka X,2016,9995.0,Manual,24863,Petrol,200,42.2,1.6
 Mokka X,2017,12100.0,Manual,8430,Petrol,200,42.2,1.6
 Mokka X,2017,10991.0,Manual,33852,Petrol,150,47.1,1.4
 Mokka X,2019,13804.0,Semi-Auto,14576,Petrol,145,37.2,1.4
 Mokka X,2017,9691.0,Manual,29307,Petrol,205,42.2,1.6
 Mokka X,2017,12791.0,Semi-Auto,14180,Petrol,150,43.5,1.4
 Mokka X,2019,12988.0,Manual,581,Petrol,145,39.2,1.4
 Mokka X,2019,14791.0,Manual,9337,Petrol,145,39.2,1.4
 Mokka X,2019,14691.0,Manual,12169,Petrol,145,39.2,1.4
 Mokka X,2018,11991.0,Manual,19160,Petrol,150,47.1,1.4
 Mokka X,2017,10291.0,Manual,21577,Petrol,150,47.1,1.4
 Mokka X,2017,11351.0,Manual,11896,Petrol,200,42.2,1.6
 Mokka X,2016,13500.0,Manual,7844,Petrol,200,42.2,1.6
 Mokka X,2019,12995.0,Manual,15957,Petrol,145,39.2,1.4
 Mokka X,2017,12495.0,Manual,16683,Petrol,145,47.1,1.4
 Mokka X,2019,15999.0,Manual,7,Petrol,145,39.2,1.4
 Mokka X,2018,12999.0,Manual,33263,Petrol,145,36.7,1.4
 Mokka X,2019,14500.0,Manual,11437,Petrol,150,39.2,1.4
 Mokka X,2019,12498.0,Manual,19077,Petrol,150,39.2,1.4
 Mokka X,2019,15997.0,Manual,3,Petrol,145,39.2,1.4
 Mokka X,2019,16499.0,Manual,3,Petrol,145,39.2,1.4
 Mokka X,2019,14300.0,Automatic,6897,Petrol,145,37.2,1.4
 Mokka X,2019,12500.0,Manual,18560,Petrol,145,39.2,1.4
 Mokka X,2017,11791.0,Manual,14713,Petrol,145,47.1,1.4
 Mokka X,2017,10495.0,Manual,28089,Diesel,30,65.7,1.6
 Mokka X,2017,10580.0,Manual,16890,Petrol,145,47.1,1.4
 Mokka X,2017,10498.0,Manual,40000,Petrol,145,47.1,1.4
 Mokka X,2017,9999.0,Manual,19995,Petrol,145,47.1,1.4
 Mokka X,2017,10250.0,Manual,17071,Petrol,145,42.2,1.6
 Mokka X,2017,10895.0,Manual,31885,Diesel,145,65.7,1.6
 Mokka X,2019,16995.0,Manual,50,Diesel,145,50.4,1.6
 Mokka X,2016,12500.0,Semi-Auto,11500,Diesel,145,56.5,1.6
 Mokka X,2017,12050.0,Semi-Auto,8058,Petrol,165,43.5,1.4
 Mokka X,2017,9760.0,Manual,29300,Petrol,200,42.2,1.6
 Mokka X,2016,11580.0,Semi-Auto,16360,Petrol,160,43.5,1.4
 Mokka X,2018,12999.0,Manual,21732,Petrol,145,39.2,1.4
 Mokka X,2017,9490.0,Manual,46783,Petrol,205,42.2,1.6
 Mokka X,2018,13500.0,Manual,5434,Petrol,145,47.1,1.4
 Mokka X,2018,13000.0,Semi-Auto,11275,Petrol,145,43.5,1.4
 Mokka X,2017,11000.0,Manual,36000,Petrol,145,47.1,1.4
 Mokka X,2017,11620.0,Semi-Auto,22340,Petrol,160,43.5,1.4
 Mokka X,2016,12257.0,Automatic,11840,Petrol,160,43.5,1.4
 Mokka X,2017,12495.0,Semi-Auto,26135,Petrol,150,43.5,1.4
 Mokka X,2019,13495.0,Manual,12927,Petrol,145,39.2,1.4
 Mokka X,2018,11995.0,Manual,31739,Petrol,145,39.2,1.4
 Mokka X,2018,13000.0,Manual,35219,Petrol,145,47.1,1.4
 Mokka X,2017,12500.0,Manual,6338,Petrol,200,42.2,1.6
 Mokka X,2018,13995.0,Manual,18700,Petrol,145,47.1,1.4
 Mokka X,2017,10500.0,Manual,23470,Diesel,145,68.9,1.6
 Mokka X,2017,10195.0,Manual,20648,Petrol,145,47.1,1.4
 Mokka X,2019,15991.0,Manual,7,Petrol,145,39.2,1.4
 Mokka X,2019,15500.0,Manual,5709,Petrol,150,39.2,1.4
 Mokka X,2017,11900.0,Manual,18931,Petrol,150,47.1,1.4
 Mokka X,2017,10500.0,Manual,31412,Petrol,150,47.1,1.4
 Mokka X,2018,12933.0,Manual,33662,Petrol,145,39.2,1.4
 Mokka X,2017,12884.0,Semi-Auto,8977,Petrol,150,43.5,1.4
 Mokka X,2017,13500.0,Semi-Auto,14212,Petrol,145,43.5,1.4
 Mokka X,2018,12802.0,Manual,11254,Petrol,145,39.2,1.4
 Mokka X,2017,13496.0,Semi-Auto,16874,Petrol,160,43.5,1.4
 Mokka X,2017,10772.0,Manual,31145,Petrol,200,42.2,1.6
 Mokka X,2016,9900.0,Manual,22382,Petrol,200,42.2,1.6
 Mokka X,2018,14200.0,Manual,5990,Petrol,145,39.2,1.4
 Mokka X,2019,14200.0,Manual,7388,Petrol,145,39.2,1.4
 Mokka X,2018,12000.0,Manual,8535,Petrol,145,47.1,1.4
 Mokka X,2018,10995.0,Manual,14754,Petrol,145,47.1,1.4
 Mokka X,2017,9000.0,Manual,36000,Petrol,205,42.2,1.6
 Mokka X,2017,10850.0,Manual,12166,Petrol,145,47.1,1.4
 Mokka X,2019,15473.0,Semi-Auto,22657,Petrol,145,37.2,1.4
 Mokka X,2018,12499.0,Semi-Auto,11237,Petrol,150,43.5,1.4
 Mokka X,2018,13964.0,Manual,15754,Petrol,145,39.2,1.4
 Mokka X,2019,12974.0,Manual,9005,Petrol,145,39.2,1.4
 Mokka X,2019,15515.0,Manual,10235,Petrol,145,39.2,1.4
 Mokka X,2019,13989.0,Manual,9774,Petrol,145,39.2,1.4
 Mokka X,2017,12491.0,Semi-Auto,9865,Petrol,165,43.5,1.4
 Mokka X,2019,11900.0,Manual,18111,Petrol,150,39.2,1.4
 Mokka X,2017,10492.0,Manual,17149,Diesel,20,68.9,1.6
 Mokka X,2017,11312.0,Manual,23170,Petrol,150,47.1,1.4
 Mokka X,2018,13850.0,Manual,10749,Petrol,145,39.2,1.4
 Mokka X,2017,10392.0,Manual,10088,Petrol,200,42.2,1.6
 Mokka X,2017,10291.0,Manual,16967,Petrol,200,42.2,1.6
 Mokka X,2018,13750.0,Automatic,3670,Petrol,145,43.5,1.4
 Mokka X,2017,10650.0,Manual,23000,Petrol,145,47.1,1.4
 Mokka X,2019,17337.0,Manual,18451,Diesel,145,47.1,1.6
 Mokka X,2017,11491.0,Manual,13711,Petrol,145,47.1,1.4
 Mokka X,2017,11491.0,Manual,17152,Petrol,145,47.1,1.4
 Mokka X,2018,14705.0,Semi-Auto,8709,Petrol,150,43.5,1.4
 Mokka X,2018,13336.0,Manual,7994,Petrol,150,47.1,1.4
 Mokka X,2017,11200.0,Manual,2467,Petrol,145,47.1,1.4
 Mokka X,2019,13950.0,Manual,12759,Petrol,145,39.2,1.4
 Mokka X,2017,11453.0,Manual,17987,Petrol,145,47.1,1.4
 Mokka X,2019,12698.0,Manual,9540,Petrol,145,39.2,1.4
 Mokka X,2017,12490.0,Manual,18775,Petrol,145,47.1,1.4
 Mokka X,2019,13990.0,Manual,6431,Petrol,145,39.2,1.4
 Mokka X,2019,15700.0,Automatic,15101,Petrol,145,37.2,1.4
 Mokka X,2019,12800.0,Manual,19077,Petrol,145,39.2,1.4
 Mokka X,2016,9900.0,Manual,12249,Petrol,200,42.2,1.6
 Mokka X,2017,12250.0,Manual,12506,Diesel,145,68.9,1.6
 Mokka X,2017,11000.0,Manual,33189,Diesel,30,65.7,1.6
 Mokka X,2019,13850.0,Manual,11437,Petrol,145,39.2,1.4
 Mokka X,2019,13400.0,Manual,14289,Petrol,145,39.2,1.4
 Mokka X,2019,15495.0,Manual,3129,Petrol,145,39.2,1.4
 Mokka X,2017,11701.0,Manual,7246,Petrol,150,47.1,1.4
 Mokka X,2017,12407.0,Manual,20500,Petrol,150,43.5,1.4
 Mokka X,2016,10318.0,Manual,23466,Petrol,150,47.1,1.4
 Mokka X,2019,14395.0,Manual,10270,Petrol,145,39.2,1.4
 Mokka X,2016,10799.0,Manual,20992,Petrol,145,47.1,1.4
 Mokka X,2018,14295.0,Manual,14609,Petrol,145,39.2,1.4
 Mokka X,2018,14495.0,Manual,15963,Diesel,145,60.1,1.6
 Mokka X,2019,17939.0,Manual,10,Petrol,145,39.2,1.4
 Mokka X,2019,13865.0,Manual,10350,Petrol,145,39.2,1.4
 Mokka X,2019,13988.0,Manual,7215,Petrol,145,39.2,1.4
 Mokka X,2018,12750.0,Manual,14630,Petrol,145,39.2,1.4
 Mokka X,2019,12994.0,Manual,9526,Petrol,145,39.2,1.4
 Mokka X,2019,14494.0,Manual,9104,Petrol,145,39.2,1.4
 Mokka X,2019,14795.0,Manual,12604,Petrol,145,39.2,1.4
 Mokka X,2017,11310.0,Automatic,29494,Petrol,145,43.5,1.4
 Mokka X,2016,12995.0,Automatic,6198,Petrol,160,43.5,1.4
 Mokka X,2016,11495.0,Manual,9034,Petrol,200,42.2,1.6
 Mokka X,2017,12200.0,Semi-Auto,30854,Petrol,165,43.5,1.4
 Mokka X,2019,12800.0,Manual,20531,Petrol,150,39.2,1.4
 Mokka X,2019,14400.0,Automatic,5507,Petrol,145,37.2,1.4
 Mokka X,2019,15399.0,Semi-Auto,11341,Diesel,150,47.1,1.6
 Mokka X,2016,10600.0,Manual,12249,Petrol,205,42.2,1.6
 Mokka X,2019,13200.0,Manual,14289,Petrol,150,39.2,1.4
 Mokka X,2018,13200.0,Manual,6506,Petrol,150,39.2,1.4
 Mokka X,2018,12189.0,Manual,5600,Petrol,150,47.1,1.4
 Mokka X,2019,13850.0,Manual,9586,Petrol,145,39.2,1.4
 Mokka X,2019,15990.0,Manual,7010,Petrol,145,39.2,1.4
 Mokka X,2018,12390.0,Manual,19261,Petrol,145,47.1,1.4
 Mokka X,2018,14295.0,Manual,12620,Petrol,145,47.1,1.4
 Mokka X,2017,10995.0,Manual,18076,Petrol,145,47.1,1.4
 Mokka X,2019,13791.0,Manual,17480,Petrol,145,39.2,1.4
 Mokka X,2019,12492.0,Manual,20376,Petrol,145,39.2,1.4
 Mokka X,2018,11200.0,Manual,37668,Petrol,145,47.1,1.4
 Mokka X,2019,16500.0,Manual,4,Petrol,145,39.2,1.4
 Mokka X,2019,13999.0,Manual,18770,Petrol,145,39.2,1.4
 Mokka X,2019,11995.0,Manual,20702,Petrol,145,39.2,1.4
 Mokka X,2019,13210.0,Manual,13524,Petrol,145,39.2,1.4
 Mokka X,2017,9995.0,Manual,36594,Petrol,145,47.1,1.4
 Mokka X,2019,16995.0,Manual,1900,Petrol,145,39.2,1.4
 Mokka X,2018,13489.0,Semi-Auto,11803,Petrol,145,43.5,1.4
 Mokka X,2019,14489.0,Semi-Auto,13831,Petrol,145,37.2,1.4
 Mokka X,2019,14995.0,Automatic,19100,Petrol,145,37.2,1.4
 Mokka X,2016,9995.0,Manual,42250,Petrol,200,42.2,1.6
 Mokka X,2017,12120.0,Manual,8000,Petrol,145,47.1,1.4
 Mokka X,2018,13995.0,Manual,14500,Petrol,145,39.2,1.4
 Mokka X,2016,11092.0,Manual,39413,Petrol,145,47.1,1.4
 Mokka X,2018,13995.0,Manual,22678,Petrol,145,39.2,1.4
 Mokka X,2016,12000.0,Semi-Auto,22727,Petrol,165,43.5,1.4
 Mokka X,2018,13695.0,Semi-Auto,12100,Petrol,145,43.5,1.4
 Mokka X,2019,13990.0,Manual,9893,Petrol,145,39.2,1.4
 Mokka X,2019,14995.0,Manual,10004,Petrol,145,39.2,1.4
 Mokka X,2019,14995.0,Manual,9995,Petrol,145,39.2,1.4
 Mokka X,2019,14995.0,Manual,6887,Petrol,145,39.2,1.4
 Mokka X,2019,14995.0,Manual,12791,Petrol,145,39.2,1.4
 Mokka X,2017,10599.0,Manual,35297,Petrol,200,42.2,1.6
 Mokka X,2018,11099.0,Manual,31531,Petrol,145,47.1,1.4
 Mokka X,2018,12749.0,Manual,40629,Petrol,150,47.1,1.4
 Mokka X,2017,10990.0,Manual,21719,Petrol,145,47.1,1.4
 Mokka X,2019,16496.0,Semi-Auto,3196,Petrol,145,37.2,1.4
 Mokka X,2018,12700.0,Manual,14092,Petrol,145,39.2,1.4
 Mokka X,2017,10800.0,Manual,18152,Petrol,145,47.1,1.4
 Mokka X,2016,11795.0,Manual,7411,Petrol,145,47.1,1.4
 Mokka X,2018,10690.0,Manual,36767,Petrol,145,39.2,1.4
 Mokka X,2019,14450.0,Manual,7641,Petrol,145,39.2,1.4
 Mokka X,2018,13995.0,Manual,9000,Petrol,145,39.2,1.4
 Mokka X,2019,14995.0,Manual,11817,Petrol,145,39.2,1.4
 Mokka X,2019,15790.0,Manual,9490,Petrol,145,39.2,1.4
 Mokka X,2019,17996.0,Manual,5,Diesel,145,50.4,1.6
 Mokka X,2019,15996.0,Manual,6020,Petrol,145,39.2,1.4
 Mokka X,2019,14995.0,Manual,11000,Petrol,145,39.2,1.4
 Mokka X,2018,13495.0,Manual,6500,Petrol,145,47.1,1.4
 Mokka X,2019,15795.0,Manual,11472,Petrol,145,39.2,1.4
 Mokka X,2018,9927.0,Manual,33019,Petrol,145,47.1,1.4
 Mokka X,2016,10650.0,Manual,19147,Petrol,200,42.2,1.6
 Mokka X,2017,10670.0,Semi-Auto,36184,Petrol,160,43.5,1.4
 Mokka X,2019,14470.0,Manual,7367,Petrol,145,39.2,1.4
 Mokka X,2019,13321.0,Manual,10843,Petrol,145,39.2,1.4
 Mokka X,2019,13491.0,Manual,12615,Petrol,145,39.2,1.4
 Mokka X,2017,10391.0,Manual,30669,Petrol,200,42.2,1.6
 Mokka X,2017,11491.0,Manual,28945,Petrol,145,47.1,1.4
 Mokka X,2017,12491.0,Semi-Auto,13825,Petrol,160,43.5,1.4
 Mokka X,2017,12221.0,Semi-Auto,31388,Petrol,145,43.5,1.4
 Mokka X,2017,11591.0,Semi-Auto,24133,Petrol,160,43.5,1.4
 Mokka X,2019,15360.0,Manual,10584,Diesel,145,50.4,1.6
 Mokka X,2018,12500.0,Manual,1534,Petrol,145,39.2,1.4
 Mokka X,2017,10760.0,Manual,30137,Diesel,145,68.9,1.6
 Mokka X,2018,13020.0,Automatic,8927,Petrol,145,43.5,1.4
 Mokka X,2018,12720.0,Manual,15042,Petrol,145,47.1,1.4
 Mokka X,2018,10799.0,Manual,38977,Petrol,145,47.1,1.4
 Mokka X,2018,10799.0,Manual,37403,Petrol,145,47.1,1.4
 Mokka X,2018,10799.0,Manual,31220,Petrol,145,47.1,1.4
 Mokka X,2018,10799.0,Manual,34648,Petrol,145,47.1,1.4
 Mokka X,2019,14550.0,Manual,7424,Petrol,145,39.2,1.4
 Mokka X,2019,14900.0,Manual,8581,Petrol,145,39.2,1.4
 Mokka X,2019,13351.0,Manual,15184,Petrol,145,39.2,1.4
 Mokka X,2017,9299.0,Manual,41763,Petrol,145,47.1,1.4
 Mokka X,2017,12000.0,Semi-Auto,28762,Petrol,145,43.5,1.4
 Mokka X,2019,14730.0,Manual,9870,Petrol,145,39.2,1.4
 Mokka X,2016,9499.0,Manual,43369,Petrol,200,42.2,1.6
 Mokka X,2017,10299.0,Manual,33152,Petrol,200,42.2,1.6
 Mokka X,2017,9999.0,Manual,39874,Petrol,200,42.2,1.6
 Mokka X,2017,10490.0,Manual,38763,Petrol,200,42.2,1.6
 Mokka X,2019,12999.0,Manual,9379,Petrol,145,39.2,1.4
 Mokka X,2017,9500.0,Manual,30748,Petrol,145,47.1,1.4
 Mokka X,2019,14298.0,Manual,9558,Petrol,145,39.2,1.4
 Mokka X,2017,10999.0,Manual,40993,Petrol,145,47.1,1.4
 Mokka X,2017,10999.0,Manual,41530,Petrol,145,47.1,1.4
 Mokka X,2019,13995.0,Manual,11000,Petrol,145,39.2,1.4
 Mokka X,2017,12995.0,Manual,19000,Petrol,145,47.1,1.4
 Mokka X,2016,13995.0,Semi-Auto,13000,Petrol,160,43.5,1.4
 Mokka X,2019,14995.0,Semi-Auto,14438,Petrol,145,37.2,1.4
 Mokka X,2019,14495.0,Semi-Auto,14438,Petrol,145,37.2,1.4
 Mokka X,2019,17995.0,Manual,100,Petrol,145,39.2,1.4
 Mokka X,2016,11495.0,Manual,14000,Petrol,145,47.1,1.4
 Mokka X,2017,14995.0,Semi-Auto,8600,Petrol,160,43.5,1.4
 Mokka X,2017,13495.0,Manual,24000,Petrol,145,47.1,1.4
 Mokka X,2019,14995.0,Semi-Auto,3700,Petrol,150,37.2,1.4
 Mokka X,2017,11995.0,Manual,7500,Petrol,200,42.2,1.6
 Mokka X,2019,14995.0,Manual,8000,Petrol,145,39.2,1.4
 Mokka X,2017,13695.0,Semi-Auto,14400,Petrol,160,43.5,1.4
 Mokka X,2017,13995.0,Semi-Auto,26000,Petrol,160,43.5,1.4
 Mokka X,2017,11995.0,Manual,19000,Diesel,145,68.9,1.6
 Mokka X,2016,11495.0,Manual,12000,Petrol,200,42.2,1.6
 Mokka X,2019,13499.0,Manual,14871,Petrol,145,39.2,1.4
 Mokka X,2017,9490.0,Manual,42527,Diesel,150,68.9,1.6
 Mokka X,2017,10799.0,Manual,20591,Petrol,145,47.1,1.4
 Mokka X,2016,9000.0,Manual,57077,Petrol,145,47.1,1.4
 Mokka X,2018,13099.0,Manual,12383,Petrol,145,42.2,1.6
 Mokka X,2018,13995.0,Automatic,18500,Petrol,145,43.5,1.4
 Mokka X,2018,15795.0,Semi-Auto,14968,Petrol,145,37.2,1.4
 Mokka X,2019,13050.0,Manual,18037,Petrol,145,39.2,1.4
 Mokka X,2019,12770.0,Manual,20644,Petrol,145,39.2,1.4
 Mokka X,2018,9798.0,Manual,34656,Petrol,150,47.1,1.4
 Mokka X,2018,13495.0,Manual,2871,Petrol,145,39.2,1.4
 Mokka X,2019,14290.0,Manual,15985,Diesel,145,50.4,1.6
 Mokka X,2017,11760.0,Manual,26806,Diesel,145,60.1,1.6
 Mokka X,2017,9198.0,Manual,65391,Diesel,30,65.7,1.6
 Mokka X,2018,13495.0,Manual,16667,Petrol,145,47.1,1.4
 Mokka X,2018,14495.0,Manual,4717,Petrol,145,39.2,1.4
 Mokka X,2017,12495.0,Automatic,18818,Petrol,145,43.5,1.4
 Mokka X,2017,13295.0,Manual,9326,Petrol,145,42.2,1.6
 Mokka X,2018,14995.0,Semi-Auto,8612,Petrol,145,43.5,1.4
 Mokka X,2019,16995.0,Manual,16245,Diesel,145,50.4,1.6
 Mokka X,2017,11495.0,Manual,29642,Petrol,145,47.1,1.4
 Mokka X,2019,15994.0,Semi-Auto,716,Petrol,145,37.2,1.4
 Mokka X,2019,14799.0,Manual,12777,Petrol,145,39.2,1.4
 Mokka X,2019,14995.0,Manual,8746,Petrol,145,39.2,1.4
 Mokka X,2017,10290.0,Manual,29980,Petrol,200,42.2,1.6
 Mokka X,2019,15495.0,Manual,7898,Petrol,145,39.2,1.4
 Mokka X,2016,14495.0,Semi-Auto,8600,Petrol,160,43.5,1.4
 Mokka X,2017,11000.0,Manual,10710,Petrol,145,42.2,1.6
 Mokka X,2017,11000.0,Manual,11140,Petrol,205,42.2,1.6
 Mokka X,2017,11990.0,Manual,21000,Petrol,145,47.1,1.4
 Mokka X,2019,14490.0,Manual,5717,Petrol,145,39.2,1.4
 Mokka X,2017,11990.0,Manual,16670,Petrol,145,47.1,1.4
 Mokka X,2019,13490.0,Manual,19700,Petrol,150,39.2,1.4
 Mokka X,2018,12298.0,Semi-Auto,34726,Petrol,145,43.5,1.4
 Mokka X,2017,10499.0,Manual,21550,Petrol,200,42.2,1.6
 Mokka X,2017,12000.0,Manual,15733,Petrol,145,47.1,1.4
 Mokka X,2017,9799.0,Manual,32500,Petrol,200,42.2,1.6
 Mokka X,2016,12490.0,Semi-Auto,10719,Petrol,160,43.5,1.4
 Mokka X,2018,11499.0,Manual,38769,Petrol,150,47.1,1.4
 Mokka X,2017,10390.0,Manual,35845,Petrol,145,47.1,1.4
 Mokka X,2018,12990.0,Manual,10634,Diesel,145,72.4,1.6
 Mokka X,2019,15495.0,Manual,7823,Petrol,145,39.2,1.4
 Mokka X,2016,8999.0,Manual,52789,Petrol,145,47.1,1.4
 Mokka X,2019,14289.0,Manual,14454,Petrol,145,39.2,1.4
 Mokka X,2019,15795.0,Semi-Auto,5000,Petrol,145,37.2,1.4
 Mokka X,2016,9745.0,Manual,17244,Petrol,200,42.2,1.6
 Mokka X,2018,13790.0,Semi-Auto,25552,Petrol,145,37.2,1.4
 Mokka X,2018,12995.0,Manual,8592,Petrol,145,39.2,1.4
 Mokka X,2019,15620.0,Manual,11095,Petrol,145,39.2,1.4
 Mokka X,2016,12157.0,Semi-Auto,21234,Diesel,150,56.5,1.6
 Mokka X,2019,15750.0,Semi-Auto,5000,Petrol,145,37.2,1.4
 Mokka X,2019,16250.0,Manual,9299,Petrol,145,39.2,1.4
 Mokka X,2019,14780.0,Manual,12961,Petrol,145,39.2,1.4
 Mokka X,2019,14220.0,Semi-Auto,12551,Petrol,145,37.2,1.4
 Mokka X,2017,11660.0,Semi-Auto,20056,Petrol,160,43.5,1.4
 Mokka X,2019,13780.0,Semi-Auto,18974,Petrol,145,37.2,1.4
 Mokka X,2019,13999.0,Manual,9825,Petrol,150,39.2,1.4
 Mokka X,2017,10249.0,Manual,28500,Petrol,150,42.2,1.6
 Mokka X,2018,12500.0,Manual,1178,Petrol,145,39.2,1.4
 Mokka X,2018,10470.0,Manual,36550,Petrol,145,47.1,1.4
 Mokka X,2018,10360.0,Manual,33757,Petrol,145,47.1,1.4
 Mokka X,2018,11990.0,Manual,17000,Petrol,145,47.1,1.4
 Mokka X,2016,14490.0,Semi-Auto,22000,Petrol,160,43.5,1.4
 Mokka X,2019,14260.0,Automatic,13071,Petrol,145,37.2,1.4
 Mokka X,2018,13495.0,Semi-Auto,16178,Petrol,145,43.5,1.4
 Mokka X,2018,11395.0,Manual,32200,Petrol,145,47.1,1.4
 Mokka X,2017,11000.0,Manual,15118,Petrol,150,42.2,1.6
 Mokka X,2017,11499.0,Manual,22043,Petrol,200,42.2,1.6
 Mokka X,2016,9990.0,Manual,33145,Petrol,150,47.1,1.4
 Mokka X,2017,13495.0,Semi-Auto,5926,Petrol,160,43.5,1.4
 Mokka X,2018,15995.0,Semi-Auto,4093,Petrol,145,37.2,1.4
 Mokka X,2018,12295.0,Manual,14431,Petrol,145,47.1,1.4
 Mokka X,2017,11595.0,Manual,23860,Petrol,145,47.1,1.4
 Mokka X,2018,11995.0,Manual,20595,Petrol,145,39.2,1.4
 Mokka X,2019,18295.0,Manual,200,Petrol,145,39.2,1.4
 Mokka X,2016,13990.0,Semi-Auto,16700,Petrol,160,43.5,1.4
 Mokka X,2017,10375.0,Manual,21649,Petrol,200,42.2,1.6
 Mokka X,2018,12299.0,Manual,11889,Petrol,145,39.2,1.4
 Mokka X,2018,13795.0,Manual,4225,Petrol,145,39.2,1.4
 Mokka X,2018,13200.0,Manual,6703,Diesel,145,50.4,1.6
 Mokka X,2017,12995.0,Manual,10992,Petrol,145,47.1,1.4
 Mokka X,2017,10495.0,Manual,29499,Petrol,145,47.1,1.4
 Mokka X,2016,13295.0,Semi-Auto,6852,Petrol,160,43.5,1.4
 Mokka X,2017,11995.0,Manual,19205,Petrol,150,47.1,1.4
 Mokka X,2017,9995.0,Manual,38000,Petrol,145,47.1,1.4
 Mokka X,2019,14990.0,Manual,10000,Petrol,145,39.2,1.4
 Mokka X,2018,9460.0,Manual,38333,Petrol,145,47.1,1.4
 Mokka X,2018,9820.0,Manual,33476,Petrol,145,47.1,1.4
 Mokka X,2018,9610.0,Manual,38073,Petrol,145,47.1,1.4
 Mokka X,2017,8990.0,Manual,40299,Petrol,145,42.2,1.6
 Mokka X,2019,12200.0,Manual,15543,Petrol,145,39.2,1.4
 Mokka X,2019,14795.0,Manual,8838,Petrol,145,39.2,1.4
 Mokka X,2018,11495.0,Manual,25265,Petrol,145,39.2,1.4
 Mokka X,2017,12295.0,Semi-Auto,11685,Petrol,160,43.5,1.4
 Mokka X,2019,13995.0,Manual,3355,Petrol,145,39.2,1.4
 Mokka X,2018,10060.0,Manual,37127,Petrol,145,47.1,1.4
 Mokka X,2019,12560.0,Manual,9262,Petrol,145,39.2,1.4
 Mokka X,2019,14920.0,Semi-Auto,15689,Petrol,145,37.2,1.4
 Mokka X,2019,12400.0,Manual,19208,Petrol,145,39.2,1.4
 Mokka X,2018,10270.0,Manual,34529,Petrol,145,47.1,1.4
 Mokka X,2017,10495.0,Manual,42766,Petrol,150,47.1,1.4
 Mokka X,2017,9799.0,Manual,47000,Petrol,205,42.2,1.6
 Mokka X,2019,15000.0,Manual,10683,Petrol,145,39.2,1.4
 Mokka X,2017,11990.0,Semi-Auto,29525,Petrol,145,43.5,1.4
 Mokka X,2019,15999.0,Semi-Auto,11900,Petrol,150,37.2,1.4
 Mokka X,2017,7790.0,Manual,49582,Petrol,205,42.2,1.6
 Mokka X,2017,11450.0,Manual,6998,Petrol,145,47.1,1.4
 Mokka X,2017,9995.0,Manual,34286,Petrol,150,47.1,1.4
 Mokka X,2017,9995.0,Manual,38886,Petrol,150,42.2,1.6
 Mokka X,2017,12250.0,Automatic,35578,Petrol,145,43.5,1.4
 Mokka X,2017,10999.0,Manual,24000,Petrol,150,47.1,1.4
 Mokka X,2019,14995.0,Manual,10,Petrol,145,39.2,1.4
 Mokka X,2017,10495.0,Manual,31248,Petrol,150,47.1,1.4
 Mokka X,2017,10995.0,Semi-Auto,23051,Petrol,150,43.5,1.4
 Mokka X,2019,14990.0,Manual,9826,Petrol,145,39.2,1.4
 Mokka X,2018,11490.0,Manual,31517,Petrol,145,39.2,1.4
 Mokka X,2017,11499.0,Manual,32094,Diesel,145,70.6,1.6
 Mokka X,2019,13920.0,Manual,12109,Petrol,145,39.2,1.4
 Mokka X,2019,14499.0,Manual,9158,Petrol,150,39.2,1.4
 Mokka X,2017,12299.0,Semi-Auto,20402,Petrol,150,43.5,1.4
 Mokka X,2016,12495.0,Manual,17033,Diesel,20,68.9,1.6
 Mokka X,2017,10495.0,Manual,41311,Petrol,150,47.1,1.4
 Mokka X,2017,10995.0,Manual,40491,Petrol,145,47.1,1.4
 Mokka X,2017,13995.0,Semi-Auto,10757,Petrol,160,43.5,1.4
 Mokka X,2017,10695.0,Manual,33237,Petrol,145,42.2,1.6
 Mokka X,2017,13995.0,Semi-Auto,5149,Petrol,160,43.5,1.4
 Mokka X,2018,13195.0,Semi-Auto,17000,Petrol,150,43.5,1.4
 Mokka X,2017,12495.0,Semi-Auto,17141,Petrol,145,43.5,1.4
 Mokka X,2018,13500.0,Semi-Auto,19710,Petrol,145,43.5,1.4
 Mokka X,2016,10881.0,Manual,11720,Petrol,145,47.1,1.4
 Mokka X,2017,13321.0,Automatic,12941,Petrol,160,43.5,1.4
 Mokka X,2017,11350.0,Semi-Auto,27888,Petrol,160,43.5,1.4
 Mokka X,2017,11495.0,Manual,21097,Petrol,145,47.1,1.4
 Mokka X,2017,12900.0,Semi-Auto,11279,Petrol,160,43.5,1.4
 Mokka X,2017,13150.0,Semi-Auto,11217,Petrol,145,43.5,1.4
 Mokka X,2017,12495.0,Semi-Auto,46153,Petrol,145,43.5,1.4
 Mokka X,2018,10995.0,Manual,34434,Petrol,150,47.1,1.4
 Mokka X,2017,11595.0,Manual,12600,Petrol,145,47.1,1.4
 Mokka X,2019,13770.0,Manual,6749,Petrol,145,39.2,1.4
 Mokka X,2018,14495.0,Semi-Auto,14000,Petrol,145,43.5,1.4
 Mokka X,2019,13489.0,Manual,12761,Petrol,145,39.2,1.4
 Mokka X,2018,13995.0,Semi-Auto,21000,Petrol,150,43.5,1.4
 Mokka X,2017,12250.0,Semi-Auto,33000,Petrol,165,43.5,1.4
 Mokka X,2018,15290.0,Automatic,15692,Petrol,145,37.2,1.4
 Mokka X,2017,9450.0,Manual,54000,Petrol,145,47.1,1.4
 Mokka X,2017,12250.0,Semi-Auto,35578,Petrol,145,43.5,1.4
 Mokka X,2019,16820.0,Automatic,5900,Diesel,145,47.1,1.6
 Mokka X,2017,11650.0,Semi-Auto,37000,Petrol,165,43.5,1.4
 Mokka X,2017,10650.0,Semi-Auto,23000,Petrol,150,43.5,1.4
 Mokka X,2017,12480.0,Manual,16500,Petrol,150,47.1,1.4
 Mokka X,2018,11450.0,Manual,16500,Petrol,150,47.1,1.4
 Mokka X,2017,13094.0,Automatic,13052,Petrol,145,43.5,1.4
 Mokka X,2018,12495.0,Manual,34562,Petrol,145,39.2,1.4
 Mokka X,2017,11250.0,Semi-Auto,44000,Petrol,145,43.5,1.4
 Mokka X,2018,11950.0,Automatic,36800,Petrol,145,43.5,1.4
 Mokka X,2018,10954.0,Manual,11457,Petrol,145,47.1,1.4
 Mokka X,2019,18152.0,Automatic,1823,Petrol,145,37.2,1.4
 Mokka X,2017,12038.0,Semi-Auto,18600,Petrol,150,43.5,1.4
 Mokka X,2019,13944.0,Manual,11806,Petrol,145,39.2,1.4
 Mokka X,2019,13825.0,Manual,13548,Petrol,145,39.2,1.4
 Mokka X,2019,13558.0,Semi-Auto,17551,Petrol,145,37.2,1.4
 Mokka X,2018,12995.0,Semi-Auto,27800,Petrol,145,43.5,1.4
 Mokka X,2018,13995.0,Semi-Auto,7750,Petrol,150,43.5,1.4
 Mokka X,2019,14454.0,Manual,4508,Petrol,145,39.2,1.4
 Mokka X,2017,10995.0,Manual,16442,Petrol,200,42.2,1.6
 Mokka X,2016,10350.0,Manual,11811,Petrol,145,47.1,1.4
 Mokka X,2017,9995.0,Manual,33743,Petrol,150,42.2,1.6
 Mokka X,2017,10695.0,Semi-Auto,49100,Petrol,160,43.5,1.4
 Mokka X,2019,15995.0,Manual,20,Petrol,150,39.2,1.4
 Mokka X,2019,14995.0,Manual,20,Petrol,150,39.2,1.4
 Mokka X,2016,11995.0,Automatic,25000,Petrol,160,43.5,1.4
 Mokka X,2018,14495.0,Semi-Auto,16500,Petrol,145,43.5,1.4
 Mokka X,2016,10999.0,Manual,19241,Petrol,200,42.2,1.6
 Mokka X,2019,13971.0,Manual,11423,Petrol,145,39.2,1.4
 Mokka X,2018,11808.0,Manual,31558,Petrol,145,39.2,1.4
 Mokka X,2017,10490.0,Manual,24120,Petrol,200,42.2,1.6
 Mokka X,2017,10495.0,Manual,20750,Petrol,150,47.1,1.4
 Mokka X,2017,12995.0,Semi-Auto,13500,Petrol,145,43.5,1.4
 Mokka X,2018,13490.0,Semi-Auto,32346,Petrol,150,37.2,1.4
 Mokka X,2018,13995.0,Manual,17250,Diesel,150,60.1,1.6
 Mokka X,2016,9695.0,Manual,53000,Diesel,30,65.7,1.6
 Mokka X,2017,10995.0,Manual,18100,Petrol,205,42.2,1.6
 Mokka X,2018,11890.0,Manual,33500,Petrol,145,39.2,1.4
 Mokka X,2018,12277.0,Manual,6378,Petrol,145,47.1,1.4
 Mokka X,2018,10677.0,Manual,31496,Petrol,150,47.1,1.4
 Mokka X,2017,12570.0,Semi-Auto,27891,Petrol,145,43.5,1.4
 Mokka X,2017,10995.0,Manual,22000,Diesel,30,65.7,1.6
 Mokka X,2019,12995.0,Manual,13000,Petrol,145,39.2,1.4
 Mokka X,2018,12695.0,Manual,13250,Petrol,145,39.2,1.4
 Mokka X,2018,12995.0,Manual,10650,Petrol,145,47.1,1.4
 Mokka X,2016,12795.0,Semi-Auto,15901,Petrol,160,43.5,1.4
 Mokka X,2018,12810.0,Semi-Auto,23125,Petrol,145,37.2,1.4
 Mokka X,2016,12295.0,Semi-Auto,19000,Petrol,160,43.5,1.4
 Mokka X,2019,14495.0,Manual,7000,Petrol,145,39.2,1.4
 Mokka X,2017,12495.0,Manual,18127,Petrol,145,47.1,1.4
 Mokka X,2018,12995.0,Manual,20000,Petrol,145,47.1,1.4
 Mokka X,2019,14965.0,Semi-Auto,12275,Petrol,145,37.2,1.4
 Mokka X,2018,11950.0,Manual,16000,Petrol,145,39.2,1.4
 Mokka X,2019,14295.0,Manual,6749,Petrol,145,39.2,1.4
 Mokka X,2017,13451.0,Semi-Auto,16673,Petrol,145,43.5,1.4
 Mokka X,2019,17295.0,Manual,2600,Petrol,145,39.2,1.4
 Mokka X,2017,10995.0,Manual,18862,Petrol,145,47.1,1.4
 Mokka X,2018,11100.0,Manual,21545,Petrol,145,47.1,1.4
 Mokka X,2018,14295.0,Semi-Auto,19369,Petrol,145,37.2,1.4
 Mokka X,2017,11995.0,Manual,25500,Petrol,145,47.1,1.4
 Mokka X,2018,13993.0,Semi-Auto,10500,Petrol,145,43.5,1.4
 Mokka X,2017,12990.0,Semi-Auto,11917,Petrol,165,43.5,1.4
 Mokka X,2018,12995.0,Manual,22500,Petrol,145,47.1,1.4
 Mokka X,2016,10495.0,Manual,38000,Petrol,145,47.1,1.4
 Mokka X,2017,9990.0,Manual,32384,Petrol,150,42.2,1.6
 Mokka X,2019,12914.0,Manual,11313,Petrol,145,39.2,1.4
 Mokka X,2017,12800.0,Semi-Auto,15811,Petrol,160,43.5,1.4
 Mokka X,2017,13256.0,Semi-Auto,10915,Petrol,160,43.5,1.4
 Mokka X,2018,12745.0,Manual,4604,Petrol,145,39.2,1.4
 Mokka X,2016,13060.0,Semi-Auto,5691,Petrol,160,43.5,1.4
 Mokka X,2019,14000.0,Manual,8743,Petrol,145,39.2,1.4
 Mokka X,2019,14499.0,Manual,9472,Petrol,150,39.2,1.4
 Mokka X,2017,11430.0,Manual,19612,Petrol,145,47.1,1.4
 Mokka X,2019,13990.0,Manual,11521,Petrol,145,39.2,1.4
 Mokka X,2019,12635.0,Manual,11612,Petrol,145,39.2,1.4
 Mokka X,2018,11080.0,Manual,33562,Petrol,145,39.2,1.4
 Mokka X,2018,12749.0,Manual,37403,Petrol,145,47.1,1.4
 Mokka X,2019,15240.0,Manual,1160,Petrol,145,39.2,1.4
 Mokka X,2016,11000.0,Manual,14918,Petrol,200,42.2,1.6
 Mokka X,2018,11699.0,Automatic,38270,Petrol,145,43.5,1.4
 Mokka X,2017,11810.0,Manual,5322,Petrol,145,47.1,1.4
 Mokka X,2017,11515.0,Automatic,33840,Petrol,145,43.5,1.4
 Mokka X,2018,15057.0,Semi-Auto,550,Petrol,145,43.5,1.4
 Mokka X,2017,10171.0,Manual,28080,Petrol,145,47.1,1.4
 Mokka X,2017,10750.0,Manual,5778,Petrol,145,47.1,1.4
 Mokka X,2019,14420.0,Manual,18261,Petrol,145,39.2,1.4
 Mokka X,2018,11750.0,Manual,17486,Diesel,145,50.4,1.6
 Mokka X,2017,13625.0,Automatic,8586,Petrol,145,43.5,1.4
 Mokka X,2017,13270.0,Automatic,10000,Petrol,145,43.5,1.4
 Mokka X,2018,11870.0,Manual,9966,Petrol,145,47.1,1.4
 Mokka X,2017,13297.0,Semi-Auto,29380,Petrol,160,43.5,1.4
 Mokka X,2019,16499.0,Semi-Auto,5035,Diesel,150,47.1,1.6
 Mokka X,2017,12079.0,Manual,8792,Petrol,145,42.2,1.6
 Mokka X,2019,13995.0,Semi-Auto,6860,Petrol,145,37.2,1.4
 Mokka X,2017,9895.0,Manual,19336,Petrol,200,42.2,1.6
 Mokka X,2017,10750.0,Manual,20750,Petrol,145,47.1,1.4
 Mokka X,2018,12990.0,Semi-Auto,27883,Petrol,145,43.5,1.4
 Mokka X,2018,10510.0,Manual,40580,Petrol,145,47.1,1.4
 Mokka X,2017,10783.0,Manual,29988,Diesel,30,65.7,1.6
 Mokka X,2019,12783.0,Manual,15784,Petrol,145,39.2,1.4
 Mokka X,2019,13383.0,Manual,20467,Petrol,145,39.2,1.4
 Mokka X,2019,17499.0,Manual,50,Petrol,145,39.2,1.4
 Mokka X,2019,15998.0,Manual,3,Petrol,145,39.2,1.4
 Mokka X,2018,14200.0,Semi-Auto,5044,Petrol,150,43.5,1.4
 Mokka X,2017,11299.0,Manual,10031,Petrol,200,42.2,1.6
 Mokka X,2017,10600.0,Manual,31429,Petrol,145,47.1,1.4
 Mokka X,2017,12399.0,Semi-Auto,22720,Petrol,160,43.5,1.4
 Mokka X,2018,15499.0,Automatic,15600,Petrol,145,37.2,1.4
 Mokka X,2017,11695.0,Manual,30259,Petrol,145,47.1,1.4
 Mokka X,2017,10995.0,Manual,28935,Petrol,200,42.2,1.6
 Mokka X,2017,12999.0,Automatic,19584,Petrol,145,43.5,1.4
 Mokka X,2018,13995.0,Automatic,31852,Petrol,145,43.5,1.4
 Mokka X,2018,11495.0,Manual,35941,Petrol,145,47.1,1.4
 Mokka X,2017,10695.0,Manual,29650,Petrol,200,42.2,1.6
 Mokka X,2019,19795.0,Manual,2767,Diesel,145,47.1,1.6
 Mokka X,2018,12495.0,Manual,36709,Petrol,145,47.1,1.4
 Mokka X,2019,14995.0,Semi-Auto,2037,Petrol,145,37.2,1.4
 Mokka X,2017,10495.0,Manual,35534,Petrol,200,42.2,1.6
 Mokka X,2017,9999.0,Automatic,45847,Petrol,145,43.5,1.4
 Mokka X,2017,11490.0,Manual,24985,Petrol,145,42.2,1.6
 Mokka X,2018,12495.0,Manual,14500,Petrol,145,39.2,1.4
 Mokka X,2019,16995.0,Manual,5,Petrol,145,39.2,1.4
 Mokka X,2019,16495.0,Manual,5,Petrol,145,39.2,1.4
 Mokka X,2017,13495.0,Automatic,16110,Petrol,145,43.5,1.4
 Mokka X,2017,10802.0,Manual,51943,Diesel,125,60.1,1.6
 Mokka X,2017,10695.0,Manual,20283,Petrol,145,47.1,1.4
 Mokka X,2019,12750.0,Manual,11211,Petrol,145,39.2,1.4
 Mokka X,2019,13995.0,Manual,10700,Petrol,145,39.2,1.4
 Mokka X,2019,13795.0,Manual,11438,Petrol,145,39.2,1.4
 Mokka X,2019,13795.0,Manual,11019,Petrol,145,39.2,1.4
 Mokka X,2017,11495.0,Manual,9300,Diesel,145,42.2,1.6
 Mokka X,2018,13299.0,Manual,9733,Petrol,145,39.2,1.4
 Mokka X,2017,12500.0,Manual,30479,Diesel,145,68.9,1.6
 Mokka X,2018,11495.0,Automatic,36844,Petrol,145,43.5,1.4
 Mokka X,2018,14000.0,Automatic,29197,Diesel,150,56.5,1.6
 Mokka X,2019,14000.0,Manual,12826,Petrol,145,39.2,1.4
 Mokka X,2019,14500.0,Manual,8501,Petrol,145,39.2,1.4
 Mokka X,2019,14500.0,Manual,8632,Petrol,145,39.2,1.4
 Mokka X,2016,10500.0,Manual,17794,Petrol,200,42.2,1.6
 Mokka X,2019,14500.0,Manual,15091,Petrol,145,39.2,1.4
 Mokka X,2019,14499.0,Manual,14671,Petrol,145,39.2,1.4
 Mokka X,2018,12999.0,Manual,17116,Petrol,145,39.2,1.4
 Mokka X,2019,14499.0,Manual,8911,Petrol,145,39.2,1.4
 Mokka X,2019,13999.0,Manual,9763,Petrol,145,39.2,1.4
 Mokka X,2019,14500.0,Manual,12756,Petrol,145,39.2,1.4
 Mokka X,2019,14500.0,Manual,12537,Petrol,145,39.2,1.4
 Mokka X,2017,13000.0,Manual,34741,Diesel,145,68.9,1.6
 Mokka X,2018,17000.0,Manual,8085,Diesel,145,50.4,1.6
 Mokka X,2019,14499.0,Manual,7903,Petrol,145,39.2,1.4
 Mokka X,2019,15499.0,Manual,12467,Petrol,145,39.2,1.4
 Mokka X,2019,14699.0,Manual,12432,Petrol,145,39.2,1.4
 Mokka X,2019,14499.0,Manual,12591,Petrol,145,39.2,1.4
 Mokka X,2017,10999.0,Manual,31219,Diesel,150,65.7,1.6
 Mokka X,2019,13999.0,Manual,13428,Petrol,145,39.2,1.4
 Mokka X,2018,14499.0,Manual,19391,Petrol,145,36.7,1.4
 Mokka X,2017,12899.0,Automatic,18960,Petrol,145,43.5,1.4
 Mokka X,2017,10499.0,Manual,40489,Diesel,30,65.7,1.6
 Mokka X,2019,13999.0,Manual,13540,Petrol,145,39.2,1.4
 Mokka X,2018,14499.0,Manual,21579,Petrol,145,36.7,1.4
 Mokka X,2017,12999.0,Automatic,16932,Petrol,165,43.5,1.4
 Mokka X,2018,13500.0,Manual,14853,Diesel,145,50.4,1.6
 Mokka X,2018,10499.0,Manual,36989,Petrol,145,47.1,1.4
 Mokka X,2019,13000.0,Manual,13689,Petrol,145,39.2,1.4
 Mokka X,2018,13290.0,Manual,7083,Petrol,150,39.2,1.4
 Mokka X,2017,11490.0,Manual,15946,Diesel,145,68.9,1.6
 Mokka X,2018,11690.0,Manual,16726,Petrol,145,39.2,1.4
 Mokka X,2018,13998.0,Manual,12500,Diesel,145,60.1,1.6
 Mokka X,2018,11990.0,Manual,9000,Petrol,145,39.2,1.4
 Mokka X,2018,13990.0,Automatic,15488,Petrol,145,43.5,1.4
 Mokka X,2017,9990.0,Manual,21272,Petrol,200,42.2,1.6
 Mokka X,2017,11220.0,Manual,14041,Petrol,200,42.2,1.6
 Mokka X,2018,12600.0,Manual,1857,Diesel,150,68.9,1.6
 Mokka X,2016,12495.0,Automatic,8586,Petrol,160,43.5,1.4
 Mokka X,2017,10291.0,Manual,22238,Petrol,145,47.1,1.4
 Mokka X,2019,12995.0,Manual,9050,Petrol,145,39.2,1.4
 Mokka X,2016,9995.0,Manual,48652,Petrol,200,42.2,1.6
 Mokka X,2017,10500.0,Manual,20189,Petrol,145,47.1,1.4
 Mokka X,2019,11499.0,Manual,10618,Petrol,145,39.2,1.4
 Mokka X,2019,12600.0,Manual,10387,Petrol,145,39.2,1.4
 Mokka X,2019,14160.0,Manual,10060,Petrol,145,39.2,1.4
 Mokka X,2019,15300.0,Manual,4855,Petrol,145,39.2,1.4
 Mokka X,2017,9000.0,Manual,25912,Petrol,145,42.2,1.6
 Mokka X,2017,10995.0,Manual,29576,Petrol,200,42.2,1.6
 Mokka X,2017,13799.0,Automatic,13000,Petrol,145,43.5,1.4
 Mokka X,2017,13015.0,Automatic,18262,Petrol,145,43.5,1.4
 Mokka X,2019,17450.0,Manual,5000,Diesel,145,60.1,1.6
 Mokka X,2017,9849.0,Manual,44600,Diesel,145,68.9,1.6
 Mokka X,2018,11750.0,Manual,33012,Petrol,145,39.2,1.4
 Mokka X,2017,10695.0,Manual,19780,Petrol,200,42.2,1.6
 Mokka X,2019,12650.0,Manual,11034,Petrol,145,39.2,1.4
 Mokka X,2016,10995.0,Manual,14211,Petrol,145,47.1,1.4
 Mokka X,2017,10295.0,Manual,23000,Petrol,200,42.2,1.6
 Mokka X,2016,10295.0,Manual,17000,Petrol,200,42.2,1.6
 Mokka X,2018,12995.0,Automatic,6810,Petrol,150,37.2,1.4
 Mokka X,2017,10000.0,Manual,39996,Petrol,205,42.2,1.6
 Mokka X,2017,10795.0,Manual,36593,Diesel,150,68.9,1.6
 Mokka X,2016,11700.0,Automatic,37323,Diesel,145,56.5,1.6
 Mokka X,2018,12700.0,Manual,11542,Petrol,145,39.2,1.4
 Mokka X,2017,10500.0,Manual,28092,Petrol,200,42.2,1.6
 Mokka X,2019,16000.0,Manual,8,Petrol,145,39.2,1.4
 Mokka X,2018,16000.0,Manual,4000,Petrol,145,39.2,1.4
 Mokka X,2017,10656.0,Manual,22050,Petrol,145,47.1,1.4
 Mokka X,2017,11250.0,Manual,20300,Petrol,145,47.1,1.4
 Mokka X,2019,13990.0,Manual,9491,Petrol,145,39.2,1.4
 Mokka X,2017,10199.0,Manual,16595,Petrol,200,42.2,1.6
 Mokka X,2016,9234.0,Manual,24711,Diesel,30,65.7,1.6
 Mokka X,2017,11499.0,Automatic,21072,Petrol,145,43.5,1.4
 Mokka X,2016,9699.0,Manual,35966,Petrol,145,47.1,1.4
 Mokka X,2017,11200.0,Automatic,30009,Diesel,145,56.5,1.6
 Mokka X,2017,10990.0,Manual,20289,Diesel,145,68.9,1.6
 Mokka X,2019,17994.0,Manual,8,Petrol,150,39.2,1.4
 Mokka X,2017,11069.0,Manual,21137,Petrol,145,47.1,1.4
 Mokka X,2017,13900.0,Automatic,20148,Petrol,150,43.5,1.4
 Mokka X,2018,13468.0,Manual,6218,Diesel,145,68.9,1.6
 Mokka X,2018,12650.0,Manual,6876,Petrol,145,47.1,1.4
 Mokka X,2018,11990.0,Manual,32011,Petrol,150,47.1,1.4
 Mokka X,2019,16980.0,Automatic,1040,Petrol,145,37.2,1.4
 Mokka X,2018,12594.0,Manual,29858,Petrol,145,39.2,1.4
 Mokka X,2017,10495.0,Manual,14951,Petrol,200,42.2,1.6
 Mokka X,2019,13392.0,Manual,4709,Petrol,145,39.2,1.4
 Mokka X,2017,12777.0,Automatic,27211,Petrol,150,43.5,1.4
 Mokka X,2017,12190.0,Automatic,13969,Petrol,160,43.5,1.4
 Mokka X,2017,11000.0,Manual,42299,Petrol,150,47.1,1.4
 Mokka X,2017,11499.0,Manual,19558,Diesel,30,65.7,1.6
 Mokka X,2018,11290.0,Manual,3792,Petrol,145,39.2,1.4
 Mokka X,2019,16995.0,Manual,369,Petrol,145,39.2,1.4
 Mokka X,2017,11998.0,Automatic,21921,Petrol,150,43.5,1.4
 Mokka X,2017,9770.0,Manual,10056,Petrol,200,42.2,1.6
 Mokka X,2017,10725.0,Manual,39850,Diesel,150,68.9,1.6
 Mokka X,2016,9904.0,Manual,31474,Petrol,200,42.2,1.6
 Mokka X,2018,13982.0,Manual,9869,Petrol,145,39.2,1.4
 Mokka X,2017,11863.0,Manual,6735,Petrol,145,47.1,1.4
 Mokka X,2017,11332.0,Manual,8675,Petrol,200,42.2,1.6
 Mokka X,2017,11348.0,Manual,16383,Diesel,30,65.7,1.6
 Mokka X,2018,11989.0,Manual,15985,Petrol,145,47.1,1.4
 Mokka X,2016,11948.0,Automatic,16593,Petrol,160,43.5,1.4
 Mokka X,2017,12695.0,Automatic,9109,Petrol,160,43.5,1.4
 Mokka X,2017,13495.0,Automatic,10910,Petrol,145,43.5,1.4
 Mokka X,2017,12396.0,Automatic,25443,Diesel,145,56.5,1.6
 Mokka X,2017,10750.0,Manual,15545,Petrol,200,42.2,1.6
 Mokka X,2018,11781.0,Manual,17710,Petrol,145,47.1,1.4
 Mokka X,2018,14994.0,Manual,7450,Petrol,145,39.2,1.4
 Mokka X,2019,14922.0,Manual,11320,Petrol,145,39.2,1.4
 Mokka X,2017,11968.0,Manual,8500,Petrol,145,42.2,1.6
 Mokka X,2017,9999.0,Manual,36951,Diesel,145,68.9,1.6
 Mokka X,2017,11171.0,Manual,19865,Petrol,145,47.1,1.4
 Mokka X,2017,12499.0,Automatic,27926,Petrol,150,43.5,1.4
 Mokka X,2018,13599.0,Automatic,3186,Petrol,150,43.5,1.4
 Mokka X,2017,12799.0,Manual,7997,Diesel,20,72.4,1.6
 Mokka X,2018,11990.0,Manual,29998,Petrol,150,39.2,1.4
 Mokka X,2017,11995.0,Automatic,24418,Petrol,160,43.5,1.4
 Mokka X,2017,11995.0,Automatic,20193,Petrol,160,43.5,1.4
 Mokka X,2017,11700.0,Manual,31616,Petrol,200,43.5,1.4
 Mokka X,2017,11000.0,Automatic,35717,Petrol,150,43.5,1.4
 Mokka X,2017,10700.0,Automatic,33309,Petrol,160,43.5,1.4
 Mokka X,2017,11700.0,Manual,9830,Petrol,145,47.1,1.4
 Mokka X,2018,12200.0,Manual,14565,Petrol,145,47.1,1.4
 Mokka X,2016,8750.0,Manual,47100,Petrol,150,47.1,1.4
 Mokka X,2017,12200.0,Automatic,23607,Petrol,160,43.5,1.4
 Mokka X,2017,9989.0,Manual,21671,Petrol,200,42.2,1.6
 Mokka X,2017,11495.0,Manual,26267,Petrol,150,47.1,1.4
 Mokka X,2017,12398.0,Automatic,10791,Petrol,160,43.5,1.4
 Mokka X,2016,11499.0,Manual,17608,Petrol,145,47.1,1.4
 Mokka X,2019,14000.0,Manual,11539,Petrol,145,39.2,1.4
 Mokka X,2019,13999.0,Manual,9707,Petrol,145,39.2,1.4
 Mokka X,2019,13999.0,Manual,10779,Petrol,145,39.2,1.4
 Mokka X,2018,18799.0,Automatic,9500,Diesel,145,47.1,1.6
 Mokka X,2019,15000.0,Manual,9,Petrol,145,39.2,1.4
 Mokka X,2019,18999.0,Manual,6000,Diesel,145,50.4,1.6
 Mokka X,2019,14000.0,Manual,8911,Petrol,145,39.2,1.4
 Mokka X,2016,9995.0,Manual,30000,Petrol,150,47.1,1.4
 Mokka X,2019,14000.0,Manual,9647,Petrol,145,39.2,1.4
 Mokka X,2017,12000.0,Manual,32000,Petrol,145,47.1,1.4
 Mokka X,2018,12890.0,Automatic,1035,Petrol,145,43.5,1.4
 Mokka X,2019,14899.0,Automatic,189,Petrol,145,37.2,1.4
 Mokka X,2019,18000.0,Automatic,12001,Diesel,145,47.1,1.6
 Mokka X,2019,16000.0,Automatic,8454,Petrol,145,37.2,1.4
 Mokka X,2019,16500.0,Manual,4663,Petrol,145,39.2,1.4
 Mokka X,2019,16500.0,Manual,4745,Petrol,145,39.2,1.4
 Mokka X,2019,16495.0,Manual,5758,Petrol,145,39.2,1.4
 Mokka X,2018,12850.0,Manual,10480,Petrol,145,42.2,1.6
 Mokka X,2019,17000.0,Automatic,8521,Petrol,145,37.2,1.4
 Mokka X,2017,14000.0,Automatic,2155,Petrol,165,43.5,1.4
 Mokka X,2017,11295.0,Manual,29511,Diesel,145,70.6,1.6
 Mokka X,2016,9699.0,Manual,12902,Petrol,200,42.2,1.6
 Mokka X,2018,13500.0,Manual,9046,Petrol,145,47.1,1.4
 Mokka X,2019,14000.0,Manual,10924,Petrol,145,39.2,1.4
 Mokka X,2019,14000.0,Manual,9478,Petrol,145,39.2,1.4
 Mokka X,2017,9300.0,Manual,28596,Petrol,200,42.2,1.6
 Mokka X,2017,10199.0,Manual,42962,Diesel,20,68.9,1.6
 Mokka X,2017,9850.0,Manual,19436,Petrol,145,47.1,1.4
 Mokka X,2017,12695.0,Manual,29000,Petrol,150,47.1,1.4
 Mokka X,2017,12190.0,Manual,31056,Petrol,150,47.1,1.4
 Mokka X,2018,12695.0,Manual,9895,Petrol,145,47.1,1.4
 Mokka X,2017,12699.0,Automatic,23016,Petrol,160,43.5,1.4
 Mokka X,2018,12000.0,Manual,16000,Petrol,145,42.2,1.6
 Mokka X,2019,15795.0,Manual,2015,Petrol,145,39.2,1.4
 Mokka X,2019,17000.0,Manual,3365,Petrol,145,39.2,1.4
 Mokka X,2019,14000.0,Manual,12523,Petrol,145,39.2,1.4
 Mokka X,2017,11999.0,Automatic,36315,Petrol,160,43.5,1.4
 Mokka X,2017,11499.0,Manual,17038,Petrol,145,47.1,1.4
 Mokka X,2018,11499.0,Manual,30987,Petrol,145,39.2,1.4
 Mokka X,2019,13299.0,Manual,14685,Petrol,145,39.2,1.4
 Mokka X,2017,12799.0,Manual,24306,Diesel,145,60.1,1.6
 Mokka X,2017,10390.0,Manual,30339,Diesel,145,72.4,1.6
 Mokka X,2019,13999.0,Manual,10022,Petrol,145,39.2,1.4
 Mokka X,2019,14399.0,Manual,9406,Petrol,145,39.2,1.4
 Mokka X,2019,13299.0,Manual,14510,Petrol,145,39.2,1.4
 Mokka X,2019,13299.0,Manual,12136,Petrol,145,39.2,1.4
 Mokka X,2019,14399.0,Manual,12523,Petrol,145,39.2,1.4
 Mokka X,2018,12799.0,Manual,6880,Petrol,145,47.1,1.4
 Mokka X,2018,12299.0,Manual,21273,Petrol,145,39.2,1.4
 Mokka X,2019,13999.0,Manual,7568,Diesel,145,50.4,1.6
 Mokka X,2016,10000.0,Manual,28000,Petrol,145,47.1,1.4
 Mokka X,2019,13999.0,Manual,7793,Petrol,145,39.2,1.4
 Mokka X,2018,14299.0,Automatic,11000,Petrol,145,37.2,1.4
 Mokka X,2018,14299.0,Automatic,8355,Petrol,150,37.2,1.4
 Mokka X,2019,14999.0,Manual,5,Petrol,145,39.2,1.4
 Mokka X,2019,14500.0,Manual,3000,Petrol,145,39.2,1.4
 Mokka X,2019,14000.0,Manual,9479,Petrol,145,39.2,1.4
 Mokka X,2019,19499.0,Manual,2584,Petrol,145,39.2,1.4
 Mokka X,2017,9895.0,Manual,35733,Petrol,200,42.2,1.6
 Mokka X,2016,11399.0,Manual,11565,Petrol,200,42.2,1.6
 Mokka X,2018,11300.0,Manual,25265,Petrol,145,47.1,1.4
 Mokka X,2017,10295.0,Manual,40920,Diesel,20,72.4,1.6
 Mokka X,2018,10490.0,Manual,35785,Petrol,145,47.1,1.4
 Mokka X,2019,13990.0,Manual,11288,Petrol,145,39.2,1.4
 Mokka X,2017,9895.0,Manual,18024,Petrol,200,42.2,1.6
 Mokka X,2019,13890.0,Manual,5867,Petrol,150,39.2,1.4
 Mokka X,2018,12000.0,Manual,33008,Petrol,145,39.2,1.4
 Mokka X,2018,12490.0,Manual,6948,Petrol,145,39.2,1.4
 Mokka X,2019,14000.0,Manual,10986,Petrol,145,39.2,1.4
 Mokka X,2018,12249.0,Manual,13000,Diesel,145,68.9,1.6
 Mokka X,2016,9699.0,Manual,13131,Petrol,200,42.2,1.6
 Mokka X,2018,12499.0,Manual,11964,Petrol,145,47.1,1.4
 Mokka X,2019,15699.0,Manual,4888,Petrol,145,39.2,1.4
 Mokka X,2016,9499.0,Manual,26824,Petrol,200,42.2,1.6
 Mokka X,2018,11975.0,Manual,17000,Diesel,145,68.9,1.6
 Mokka X,2016,11995.0,Automatic,19000,Petrol,160,43.5,1.4
 Mokka X,2017,9999.0,Manual,12226,Petrol,145,47.1,1.4
 Mokka X,2016,9489.0,Manual,33282,Petrol,200,42.2,1.6
 Mokka X,2016,10359.0,Manual,18286,Petrol,200,42.2,1.6
 Mokka X,2016,10349.0,Manual,25919,Petrol,200,42.2,1.6
 Mokka X,2017,10799.0,Manual,8000,Petrol,150,47.1,1.4
 Mokka X,2019,12499.0,Manual,12258,Petrol,145,39.2,1.4
 Mokka X,2019,12999.0,Manual,12997,Petrol,145,39.2,1.4
 Mokka X,2019,12499.0,Manual,10828,Petrol,145,39.2,1.4
 Mokka X,2016,11695.0,Automatic,30000,Petrol,165,43.5,1.4
 Mokka X,2017,12000.0,Manual,23428,Diesel,145,68.9,1.6
 Mokka X,2017,10395.0,Manual,27481,Petrol,145,47.1,1.4
 Mokka X,2018,12197.0,Manual,9347,Petrol,145,47.1,1.4
 Mokka X,2018,11615.0,Manual,18969,Petrol,145,47.1,1.4
 Mokka X,2017,11795.0,Automatic,30944,Petrol,160,43.5,1.4
 Mokka X,2018,13295.0,Manual,10814,Petrol,145,47.1,1.4
 Mokka X,2019,12399.0,Manual,16380,Petrol,145,39.2,1.4
 Mokka X,2016,12995.0,Manual,18250,Petrol,150,47.1,1.4
 Mokka X,2019,13995.0,Manual,10813,Petrol,145,39.2,1.4
 Mokka X,2019,13995.0,Manual,10051,Petrol,145,39.2,1.4
 Mokka X,2017,11495.0,Manual,23032,Petrol,145,47.1,1.4
 Mokka X,2018,13795.0,Manual,22549,Petrol,145,47.1,1.4
 Mokka X,2017,10995.0,Manual,31062,Petrol,145,47.1,1.4
 Mokka X,2017,12495.0,Manual,16629,Petrol,145,47.1,1.4
 Mokka X,2017,10717.0,Manual,21472,Petrol,145,47.1,1.4
 Mokka X,2017,10331.0,Manual,28688,Petrol,145,47.1,1.4
 Mokka X,2019,16794.0,Manual,10,Petrol,145,39.2,1.4
 Mokka X,2019,16295.0,Manual,10,Petrol,145,39.2,1.4
 Mokka X,2019,15695.0,Manual,2503,Petrol,145,39.2,1.4
 Mokka X,2019,12795.0,Manual,10826,Petrol,145,39.2,1.4
 Mokka X,2018,13495.0,Manual,13596,Petrol,145,47.1,1.4
 Mokka X,2017,11795.0,Manual,19561,Petrol,200,42.2,1.6
 Mokka X,2019,17499.0,Manual,4513,Diesel,145,50.4,1.6
 Mokka X,2017,9299.0,Manual,41210,Petrol,145,42.2,1.6
 Mokka X,2019,14495.0,Manual,7593,Petrol,145,39.2,1.4
 Mokka X,2019,14495.0,Manual,7856,Petrol,145,39.2,1.4
 Mokka X,2017,10995.0,Manual,22000,Diesel,145,68.9,1.6
 Mokka X,2017,10799.0,Manual,33704,Diesel,20,68.9,1.6
 Mokka X,2019,14499.0,Manual,6,Petrol,145,39.2,1.4
 Mokka X,2018,12799.0,Manual,19332,Petrol,145,39.2,1.4
 Mokka X,2019,11699.0,Manual,20159,Petrol,145,39.2,1.4
 Mokka X,2018,11999.0,Manual,12001,Petrol,140,47.1,1.4
 Mokka X,2017,11950.0,Manual,15185,Petrol,200,42.2,1.6
 Mokka X,2019,14790.0,Manual,6924,Petrol,145,39.2,1.4
 Mokka X,2019,14190.0,Manual,13635,Petrol,145,39.2,1.4
 Mokka X,2019,14490.0,Manual,7728,Petrol,145,39.2,1.4
 Mokka X,2018,13268.0,Manual,6933,Petrol,145,39.2,1.4
 Mokka X,2018,14990.0,Automatic,7167,Petrol,145,42.8,1.4
 Mokka X,2017,11990.0,Manual,17103,Petrol,150,47.1,1.4
 Mokka X,2017,10730.0,Manual,29102,Petrol,150,47.1,1.4
 Mokka X,2017,11950.0,Automatic,39538,Petrol,165,43.5,1.4
 Mokka X,2018,12915.0,Manual,4186,Petrol,150,47.1,1.4
 Mokka X,2017,13490.0,Automatic,11000,Petrol,160,43.5,1.4
 Mokka X,2017,11490.0,Manual,31105,Petrol,145,47.1,1.4
 Mokka X,2016,12990.0,Automatic,9000,Petrol,160,43.5,1.4
 Mokka X,2017,10990.0,Manual,22000,Petrol,145,47.1,1.4
 Mokka X,2017,12990.0,Manual,16000,Diesel,125,60.1,1.6
 Mokka X,2018,12490.0,Manual,13055,Petrol,145,47.1,1.4
 Mokka X,2019,15290.0,Automatic,17949,Petrol,145,37.2,1.4
 Mokka X,2018,14499.0,Automatic,32266,Petrol,145,37.2,1.4
 Mokka X,2016,11190.0,Manual,19000,Petrol,145,47.1,1.4
 Mokka X,2017,13000.0,Automatic,13763,Petrol,150,43.5,1.4
 Mokka X,2017,11499.0,Manual,31706,Petrol,150,47.1,1.4
 Mokka X,2019,14399.0,Manual,6758,Petrol,145,39.2,1.4
 Mokka X,2017,10799.0,Manual,15239,Petrol,145,42.2,1.6
 Mokka X,2017,12490.0,Manual,15000,Diesel,145,68.9,1.6
 Mokka X,2018,12499.0,Manual,5094,Petrol,145,39.2,1.4
 Mokka X,2019,13999.0,Manual,11505,Petrol,145,39.2,1.4
 Mokka X,2017,12799.0,Manual,17666,Petrol,145,43.5,1.4
 Mokka X,2019,14399.0,Manual,9320,Petrol,145,39.2,1.4
 Mokka X,2019,13999.0,Manual,8581,Petrol,145,39.2,1.4
 Mokka X,2017,9699.0,Manual,38000,Petrol,200,42.2,1.6
 Mokka X,2017,12699.0,Automatic,24061,Petrol,145,43.5,1.4
 Mokka X,2019,13999.0,Manual,10885,Petrol,145,39.2,1.4
 Mokka X,2017,9799.0,Manual,50715,Diesel,30,65.7,1.6
 Mokka X,2017,11999.0,Manual,25703,Diesel,145,68.9,1.6
 Mokka X,2019,13599.0,Automatic,20523,Petrol,145,37.2,1.4
 Mokka X,2019,15000.0,Automatic,12530,Petrol,145,37.2,1.4
 Mokka X,2017,11499.0,Automatic,35286,Petrol,145,43.5,1.4
 Mokka X,2016,12250.0,Automatic,28436,Petrol,160,43.5,1.4
 Mokka X,2017,13299.0,Automatic,8555,Petrol,145,43.5,1.4
 Mokka X,2017,10298.0,Manual,16367,Petrol,150,42.2,1.6
 Mokka X,2019,12798.0,Manual,20562,Petrol,145,39.2,1.4
 Mokka X,2017,11500.0,Manual,10633,Petrol,150,47.1,1.4
 Mokka X,2017,10490.0,Manual,18000,Petrol,200,42.2,1.6
 Mokka X,2017,10298.0,Manual,14000,Petrol,205,42.2,1.6
 Mokka X,2017,10750.0,Manual,31752,Petrol,145,47.1,1.4
 Mokka X,2019,15995.0,Manual,1901,Petrol,145,39.2,1.4
 Mokka X,2019,13250.0,Manual,5791,Petrol,145,39.2,1.4
 Mokka X,2017,11450.0,Manual,13724,Petrol,145,47.1,1.4
 Mokka X,2019,17994.0,Manual,10,Petrol,145,39.2,1.4
 Mokka X,2018,11500.0,Manual,18806,Petrol,145,39.2,1.4
 Mokka X,2019,13000.0,Manual,12969,Petrol,145,39.2,1.4
 Mokka X,2018,11500.0,Manual,21773,Petrol,145,47.1,1.4
 Mokka X,2019,14500.0,Manual,11260,Petrol,145,39.2,1.4
 Mokka X,2019,13250.0,Manual,6615,Petrol,145,39.2,1.4
 Mokka X,2019,14250.0,Manual,4448,Petrol,145,39.2,1.4
 Mokka X,2019,14994.0,Manual,19136,Petrol,150,39.2,1.4
 Mokka X,2018,13995.0,Manual,3976,Petrol,145,47.1,1.4
 Mokka X,2017,11995.0,Manual,21122,Petrol,145,47.1,1.4
 Mokka X,2018,11995.0,Manual,29883,Petrol,145,47.1,1.4
 Mokka X,2019,17994.0,Manual,3500,Petrol,145,39.2,1.4
 Mokka X,2019,16995.0,Manual,10,Petrol,145,39.2,1.4
 Mokka X,2017,10500.0,Manual,28887,Diesel,30,65.7,1.6
 Mokka X,2017,12995.0,Manual,7337,Petrol,145,47.1,1.4
 Mokka X,2017,12295.0,Manual,15631,Petrol,145,47.1,1.4
 Mokka X,2017,10995.0,Manual,18987,Petrol,150,47.1,1.4
 Mokka X,2018,12495.0,Manual,16462,Petrol,150,47.1,1.4
 Mokka X,2018,10750.0,Manual,38801,Petrol,145,47.1,1.4
 Mokka X,2017,10790.0,Automatic,42000,Petrol,160,43.5,1.4
 Mokka X,2018,12995.0,Manual,21432,Petrol,145,39.2,1.4
 Mokka X,2018,13695.0,Manual,25873,Petrol,145,39.2,1.4
 Mokka X,2018,13695.0,Manual,14995,Petrol,145,47.1,1.4
 Mokka X,2017,12495.0,Manual,15809,Petrol,145,47.1,1.4
 Mokka X,2018,12995.0,Automatic,33461,Petrol,145,37.2,1.4
 Mokka X,2017,11495.0,Manual,27133,Petrol,145,47.1,1.4
 Mokka X,2018,13995.0,Manual,21311,Petrol,145,39.2,1.4
 Mokka X,2017,12000.0,Manual,23941,Petrol,200,42.2,1.6
 Mokka X,2016,12490.0,Automatic,13500,Petrol,160,43.5,1.4
 Mokka X,2017,12471.0,Manual,13231,Petrol,150,47.1,1.4
 Mokka X,2017,10703.0,Manual,17375,Petrol,150,47.1,1.4
 Mokka X,2017,11980.0,Automatic,12005,Petrol,150,43.5,1.4
 Mokka X,2019,14912.0,Manual,9667,Petrol,150,39.2,1.4
 Mokka X,2017,9000.0,Manual,53294,Petrol,150,42.2,1.6
 Mokka X,2017,10000.0,Manual,43095,Petrol,150,47.1,1.4
 Mokka X,2017,10180.0,Manual,22080,Petrol,145,47.1,1.4
 Mokka X,2017,10995.0,Manual,8053,Petrol,200,42.2,1.6
 Mokka X,2017,10995.0,Manual,25815,Petrol,150,42.2,1.6
 Mokka X,2016,10495.0,Manual,31797,Petrol,145,47.1,1.4
 Mokka X,2018,12400.0,Manual,15450,Petrol,145,39.2,1.4
 Mokka X,2016,13245.0,Automatic,15781,Petrol,160,43.5,1.4
 Mokka X,2019,15495.0,Automatic,1829,Petrol,145,37.2,1.4
 Mokka X,2018,12495.0,Manual,15303,Petrol,145,47.1,1.4
 Mokka X,2017,11395.0,Manual,30021,Petrol,145,47.1,1.4
 Mokka X,2017,11613.0,Manual,13032,Petrol,145,47.1,1.4
 Mokka X,2019,13917.0,Manual,12273,Petrol,145,39.2,1.4
 Mokka X,2019,12495.0,Manual,17927,Petrol,145,39.2,1.4
 Mokka X,2019,11994.0,Manual,13698,Petrol,145,39.2,1.4
 Mokka X,2019,12495.0,Manual,14262,Petrol,145,39.2,1.4
 Mokka X,2018,11224.0,Manual,20032,Petrol,145,47.1,1.4
 Mokka X,2017,10695.0,Manual,11859,Diesel,30,65.7,1.6
 Mokka X,2018,11800.0,Automatic,35908,Petrol,150,37.2,1.4
 Mokka X,2018,12100.0,Manual,29318,Petrol,150,39.2,1.4
 Mokka X,2018,12100.0,Manual,29806,Petrol,150,39.2,1.4
 Mokka X,2018,11900.0,Manual,32744,Petrol,150,39.2,1.4
 Mokka X,2018,11300.0,Manual,34040,Petrol,150,39.2,1.4
 Mokka X,2018,12000.0,Manual,31113,Petrol,150,39.2,1.4
 Mokka X,2019,12000.0,Manual,19203,Petrol,145,39.2,1.4
 Mokka X,2018,11900.0,Automatic,32243,Petrol,150,37.2,1.4
 Mokka X,2018,11000.0,Manual,33321,Petrol,150,39.2,1.4
 Mokka X,2018,11000.0,Manual,32108,Petrol,150,39.2,1.4
 Mokka X,2018,11000.0,Manual,33662,Petrol,150,39.2,1.4
 Mokka X,2016,10500.0,Manual,22484,Diesel,30,65.7,1.6
 Mokka X,2018,11600.0,Automatic,33539,Petrol,150,37.2,1.4
 Mokka X,2018,12700.0,Automatic,34178,Petrol,145,37.2,1.4
 Mokka X,2017,11300.0,Manual,21447,Diesel,145,60.1,1.6
 Mokka X,2017,12750.0,Manual,18116,Petrol,150,47.1,1.4
 Mokka X,2018,12800.0,Manual,14683,Petrol,150,47.1,1.4
 Mokka X,2018,11000.0,Manual,34152,Petrol,150,39.2,1.4
 Mokka X,2017,11400.0,Automatic,19090,Petrol,160,43.5,1.4
 Mokka X,2018,12000.0,Automatic,34028,Petrol,150,43.5,1.4
 Mokka X,2017,9900.0,Manual,27122,Diesel,145,72.4,1.6
 Mokka X,2016,8600.0,Manual,36320,Petrol,145,47.1,1.4
 Mokka X,2018,12800.0,Automatic,33155,Petrol,145,37.2,1.4
 Mokka X,2019,12000.0,Manual,19303,Petrol,145,39.2,1.4
 Mokka X,2017,9500.0,Manual,33723,Petrol,145,47.1,1.4
 Mokka X,2017,8000.0,Manual,68834,Diesel,20,68.9,1.6
 Mokka X,2019,13100.0,Automatic,19127,Petrol,145,37.2,1.4
 Mokka X,2019,15995.0,Automatic,1000,Petrol,145,37.2,1.4
 Mokka X,2019,14995.0,Automatic,10000,Petrol,145,37.2,1.4
 Mokka X,2019,11700.0,Manual,19268,Petrol,145,39.2,1.4
 Mokka X,2017,9995.0,Automatic,36000,Petrol,165,43.5,1.4
 Mokka X,2018,12700.0,Automatic,8112,Petrol,145,43.5,1.4
 Mokka X,2019,17495.0,Automatic,2000,Petrol,145,37.2,1.4
 Mokka X,2019,12000.0,Manual,11569,Petrol,145,39.2,1.4
 Mokka X,2017,10650.0,Automatic,38355,Petrol,150,43.5,1.4
 Mokka X,2016,10775.0,Automatic,28216,Petrol,160,43.5,1.4
 Mokka X,2018,11900.0,Manual,32098,Petrol,150,39.2,1.4
 Mokka X,2018,12100.0,Manual,29137,Petrol,150,39.2,1.4
 Mokka X,2018,11900.0,Manual,32772,Petrol,150,39.2,1.4
 Mokka X,2018,11900.0,Manual,31897,Petrol,150,39.2,1.4
 Mokka X,2018,12000.0,Manual,30364,Petrol,150,39.2,1.4
 Mokka X,2018,11900.0,Manual,32808,Petrol,150,39.2,1.4
 Mokka X,2018,11900.0,Manual,33093,Petrol,150,39.2,1.4
 Mokka X,2018,11900.0,Manual,31723,Petrol,150,47.1,1.4
 Mokka X,2019,14800.0,Automatic,22916,Petrol,150,37.2,1.4
 Mokka X,2018,11900.0,Manual,32106,Petrol,150,39.2,1.4
 Mokka X,2018,12000.0,Manual,30305,Petrol,150,39.2,1.4
 Mokka X,2018,11800.0,Manual,33646,Petrol,150,39.2,1.4
 Mokka X,2017,11800.0,Manual,30403,Petrol,150,47.1,1.4
 Mokka X,2018,12000.0,Manual,30070,Petrol,150,39.2,1.4
 Mokka X,2018,12000.0,Manual,29973,Petrol,150,39.2,1.4
 Mokka X,2018,12100.0,Manual,29702,Petrol,150,39.2,1.4
 Mokka X,2018,11900.0,Manual,31583,Petrol,150,39.2,1.4
 Mokka X,2018,12000.0,Manual,30489,Petrol,150,47.1,1.4
 Mokka X,2018,11245.0,Manual,18766,Petrol,145,47.1,1.4
 Mokka X,2018,11985.0,Manual,34024,Petrol,145,39.2,1.4
 Mokka X,2018,12285.0,Manual,32777,Petrol,145,39.2,1.4
 Mokka X,2019,14195.0,Manual,12750,Petrol,145,39.2,1.4
 Mokka X,2018,12290.0,Automatic,32150,Petrol,145,43.5,1.4
 Mokka X,2017,11495.0,Automatic,19376,Petrol,160,43.5,1.4
 Mokka X,2018,12140.0,Automatic,34545,Petrol,145,43.5,1.4
 Mokka X,2018,10700.0,Manual,32078,Petrol,145,39.2,1.4
 Mokka X,2018,10680.0,Manual,32432,Petrol,145,39.2,1.4
 Mokka X,2018,10640.0,Manual,33136,Petrol,145,39.2,1.4
 Mokka X,2017,13490.0,Automatic,9741,Petrol,160,43.5,1.4
 Mokka X,2017,10800.0,Manual,32220,Petrol,145,47.1,1.4
 Mokka X,2019,11740.0,Manual,19150,Petrol,145,39.2,1.4
 Mokka X,2018,11540.0,Manual,32810,Petrol,145,47.1,1.4
 Mokka X,2018,12570.0,Manual,32370,Petrol,145,39.2,1.4
 Mokka X,2019,14340.0,Manual,6200,Petrol,145,39.2,1.4
 Mokka X,2019,14240.0,Manual,7314,Petrol,145,39.2,1.4
 Mokka X,2019,12689.0,Manual,12705,Petrol,145,39.2,1.4
 Mokka X,2018,14499.0,Automatic,7126,Petrol,150,43.5,1.4
 Mokka X,2017,9495.0,Manual,36613,Petrol,145,47.1,1.4
 Mokka X,2018,12840.0,Manual,11262,Petrol,145,39.2,1.4
 Mokka X,2019,13310.0,Manual,10892,Petrol,145,39.2,1.4
 Mokka X,2019,13846.0,Automatic,17149,Petrol,145,37.2,1.4
 Mokka X,2018,12189.0,Manual,24191,Petrol,150,47.1,1.4
 Mokka X,2018,12240.0,Automatic,23000,Petrol,150,43.5,1.4
 Mokka X,2017,10445.0,Manual,24000,Petrol,145,47.1,1.4
 Mokka X,2017,10995.0,Automatic,36038,Petrol,150,43.5,1.4
 Mokka X,2019,12292.0,Manual,12705,Petrol,145,39.2,1.4
 Mokka X,2019,17459.0,Automatic,581,Diesel,145,47.1,1.6
 Mokka X,2017,11870.0,Automatic,18859,Petrol,150,43.5,1.4
 Mokka X,2017,10690.0,Manual,27852,Petrol,145,47.1,1.4
 Mokka X,2019,13990.0,Manual,13202,Petrol,145,39.2,1.4
 Mokka X,2019,12742.0,Manual,10370,Petrol,145,39.2,1.4
 Mokka X,2019,13245.0,Manual,10820,Petrol,145,39.2,1.4
 Mokka X,2019,13131.0,Manual,12568,Petrol,145,39.2,1.4
 Mokka X,2019,12153.0,Manual,13844,Petrol,145,39.2,1.4
 Mokka X,2019,12198.0,Manual,13125,Petrol,145,39.2,1.4
 Mokka X,2019,12198.0,Manual,13142,Petrol,145,39.2,1.4
 Mokka X,2019,12598.0,Manual,10928,Petrol,145,39.2,1.4
 Mokka X,2018,12198.0,Automatic,36551,Petrol,145,37.2,1.4
 Mokka X,2019,12780.0,Manual,10887,Petrol,145,39.2,1.4
 Mokka X,2019,14044.0,Manual,6165,Petrol,145,39.2,1.4
 Mokka X,2019,13299.0,Manual,12568,Petrol,145,39.2,1.4
 Mokka X,2018,10055.0,Manual,36587,Petrol,145,47.1,1.4
 Mokka X,2018,13342.0,Automatic,32068,Petrol,145,37.2,1.4
 Mokka X,2019,13445.0,Manual,10893,Petrol,145,39.2,1.4
 Mokka X,2018,12648.0,Manual,14693,Petrol,145,39.2,1.4
 Mokka X,2017,9848.0,Manual,39000,Petrol,200,43.5,1.4
 Mokka X,2019,16920.0,Automatic,8660,Petrol,145,37.2,1.4
 Mokka X,2017,12995.0,Automatic,16044,Petrol,150,43.5,1.4
 Mokka X,2018,12895.0,Manual,25644,Petrol,150,39.2,1.4
 Mokka X,2018,12895.0,Automatic,30513,Petrol,150,37.2,1.4
 Mokka X,2018,11795.0,Manual,20442,Petrol,145,39.2,1.4
 Mokka X,2019,13295.0,Manual,12557,Petrol,145,39.2,1.4
 Mokka X,2017,11491.0,Manual,21786,Petrol,145,47.1,1.4
 Mokka X,2019,12995.0,Manual,14084,Petrol,145,39.2,1.4
 Mokka X,2018,14495.0,Automatic,9564,Petrol,145,37.2,1.4
 Mokka X,2019,14000.0,Manual,9105,Petrol,145,39.2,1.4
 Mokka X,2017,13950.0,Automatic,10552,Petrol,145,43.5,1.4
 Mokka X,2018,12339.0,Manual,32429,Petrol,145,39.2,1.4
 Mokka X,2017,10995.0,Manual,34000,Petrol,150,47.1,1.4
 Mokka X,2017,10700.0,Manual,16200,Petrol,150,47.1,1.4
 Mokka X,2016,10000.0,Manual,30181,Petrol,205,42.2,1.6
 Mokka X,2017,14780.0,Automatic,11983,Petrol,145,43.5,1.4
 Mokka X,2019,12714.0,Manual,9690,Petrol,145,39.2,1.4
 Mokka X,2018,11731.0,Manual,34128,Petrol,145,39.2,1.4
 Mokka X,2018,11865.0,Manual,14782,Diesel,145,68.9,1.6
 Mokka X,2018,10838.0,Manual,20729,Petrol,145,39.2,1.4
 Mokka X,2018,11604.0,Manual,33515,Petrol,145,47.1,1.4
 Mokka X,2019,13142.0,Manual,12650,Petrol,145,39.2,1.4
 Mokka X,2017,11154.0,Manual,20290,Petrol,145,47.1,1.4
 Mokka X,2016,11543.0,Manual,10000,Petrol,145,47.1,1.4
 Mokka X,2019,13098.0,Manual,3665,Petrol,145,39.2,1.4
 Mokka X,2019,13084.0,Manual,13551,Petrol,145,39.2,1.4
 Mokka X,2018,11455.0,Manual,10921,Petrol,145,47.1,1.4
 Mokka X,2019,13085.0,Manual,18108,Petrol,145,39.2,1.4
 Crossland X,2019,11095.0,Manual,12645,Petrol,145,47.1,1.2
 Crossland X,2019,11300.0,Manual,10748,Petrol,145,47.1,1.2
 Crossland X,2017,10944.0,Manual,9499,Petrol,145,57.7,1.2
 Crossland X,2019,11140.0,Manual,3499,Petrol,145,44.8,1.2
 Crossland X,2019,11840.0,Manual,11431,Petrol,145,44.8,1.2
 Crossland X,2018,13499.0,Manual,10,Diesel,145,78.5,1.6
 Crossland X,2019,13699.0,Manual,1139,Diesel,145,76.4,1.6
 Crossland X,2019,14020.0,Manual,3291,Petrol,145,44.8,1.2
 Crossland X,2019,10990.0,Manual,10775,Petrol,145,44.8,1.2
 Crossland X,2019,13550.0,Manual,7902,Petrol,145,47.1,1.2
 Crossland X,2017,11500.0,Manual,13588,Petrol,145,58.9,1.2
 Crossland X,2017,12695.0,Manual,16918,Petrol,145,57.7,1.2
 Crossland X,2018,11498.0,Manual,14555,Petrol,145,54.3,1.2
 Crossland X,2019,13495.0,Manual,3585,Petrol,145,44.8,1.2
 Crossland X,2019,11075.0,Manual,15148,Petrol,145,47.1,1.2
 Crossland X,2019,13795.0,Semi-Auto,13651,Petrol,145,42.2,1.2
 Crossland X,2017,11495.0,Manual,32061,Petrol,150,57.7,1.2
 Crossland X,2019,14995.0,Manual,1520,Diesel,145,60.1,1.5
 Crossland X,2019,12995.0,Manual,15396,Petrol,145,47.1,1.2
 Crossland X,2018,10995.0,Manual,6285,Petrol,145,44.8,1.2
 Crossland X,2018,10995.0,Manual,14682,Petrol,145,44.8,1.2
 Crossland X,2017,11585.0,Manual,19800,Petrol,145,57.7,1.2
 Crossland X,2019,16385.0,Manual,5453,Diesel,145,60.1,1.5
 Crossland X,2019,13498.0,Manual,9673,Petrol,145,47.1,1.2
 Crossland X,2019,13498.0,Manual,3056,Petrol,145,47.1,1.2
 Crossland X,2019,13498.0,Manual,3330,Petrol,145,47.1,1.2
 Crossland X,2019,13498.0,Manual,5470,Petrol,145,47.1,1.2
 Crossland X,2019,13498.0,Manual,3588,Petrol,145,47.1,1.2
 Crossland X,2019,11998.0,Manual,19773,Petrol,145,44.8,1.2
 Crossland X,2018,11800.0,Manual,7555,Petrol,145,44.8,1.2
 Crossland X,2019,13700.0,Manual,1401,Petrol,145,44.8,1.2
 Crossland X,2018,12998.0,Manual,8115,Petrol,145,44.8,1.2
 Crossland X,2019,12495.0,Manual,15045,Petrol,145,47.1,1.2
 Crossland X,2018,10995.0,Manual,16800,Diesel,145,78.5,1.6
 Crossland X,2018,12498.0,Manual,9611,Petrol,145,44.8,1.2
 Crossland X,2018,10998.0,Manual,16901,Petrol,145,44.8,1.2
 Crossland X,2017,10798.0,Manual,19798,Petrol,150,54.3,1.2
 Crossland X,2018,13498.0,Manual,8536,Petrol,145,44.8,1.2
 Crossland X,2018,11998.0,Manual,10304,Petrol,145,57.7,1.2
 Crossland X,2017,11498.0,Manual,20221,Petrol,145,55.4,1.2
 Crossland X,2019,15698.0,Semi-Auto,501,Petrol,145,42.2,1.2
 Crossland X,2018,10998.0,Manual,29142,Petrol,145,54.3,1.2
 Crossland X,2018,11998.0,Manual,15583,Petrol,145,54.3,1.2
 Crossland X,2019,12998.0,Manual,13829,Petrol,150,47.1,1.2
 Crossland X,2019,11498.0,Manual,14978,Petrol,150,47.1,1.2
 Crossland X,2019,14698.0,Manual,329,Petrol,145,44.8,1.2
 Crossland X,2019,11998.0,Manual,11087,Petrol,145,47.1,1.2
 Crossland X,2019,10798.0,Manual,15009,Petrol,145,47.1,1.2
 Crossland X,2019,17490.0,Manual,8906,Diesel,145,60.1,1.5
 Crossland X,2020,18190.0,Semi-Auto,6399,Diesel,145,55.4,1.5
 Crossland X,2017,10891.0,Manual,36634,Petrol,150,57.7,1.2
 Crossland X,2019,15990.0,Manual,7692,Petrol,145,47.1,1.2
 Crossland X,2017,11311.0,Manual,22660,Petrol,145,57.7,1.2
 Crossland X,2019,10810.0,Manual,3555,Petrol,145,46.3,1.2
 Crossland X,2018,11998.0,Manual,15537,Petrol,145,44.8,1.2
 Crossland X,2018,10298.0,Manual,32890,Petrol,150,54.3,1.2
 Crossland X,2018,11298.0,Manual,10755,Petrol,145,54.3,1.2
 Crossland X,2018,11310.0,Manual,18686,Petrol,145,54.3,1.2
 Crossland X,2019,10557.0,Manual,13530,Petrol,145,47.1,1.2
 Crossland X,2019,12120.0,Manual,11685,Petrol,145,44.8,1.2
 Crossland X,2017,11698.0,Manual,8408,Petrol,145,57.7,1.2
 Crossland X,2018,12998.0,Manual,8965,Petrol,145,44.8,1.2
 Crossland X,2019,13498.0,Manual,5015,Petrol,145,47.1,1.2
 Crossland X,2018,10698.0,Manual,6412,Petrol,145,58.9,1.2
 Crossland X,2019,11498.0,Manual,3393,Petrol,145,44.8,1.2
 Crossland X,2018,12998.0,Manual,15631,Petrol,145,44.8,1.2
 Crossland X,2019,11298.0,Manual,13123,Petrol,145,47.1,1.2
 Crossland X,2019,12498.0,Manual,14162,Petrol,145,44.8,1.2
 Crossland X,2019,11798.0,Manual,21243,Petrol,145,44.8,1.2
 Crossland X,2019,10498.0,Manual,15727,Petrol,150,47.1,1.2
 Crossland X,2019,13498.0,Manual,7330,Petrol,145,47.1,1.2
 Crossland X,2019,11798.0,Manual,16954,Petrol,145,44.8,1.2
 Crossland X,2019,13498.0,Manual,3762,Petrol,145,47.1,1.2
 Crossland X,2019,13485.0,Manual,9512,Petrol,145,44.8,1.2
 Crossland X,2019,11485.0,Manual,9574,Diesel,145,62.8,1.5
 Crossland X,2018,11485.0,Manual,29518,Petrol,145,57.7,1.2
 Crossland X,2018,11500.0,Manual,21088,Petrol,145,54.3,1.2
 Crossland X,2018,10998.0,Manual,16815,Petrol,145,54.3,1.2
 Crossland X,2019,12798.0,Manual,12409,Petrol,145,44.8,1.2
 Crossland X,2019,11491.0,Manual,1505,Petrol,145,44.8,1.2
 Crossland X,2018,10998.0,Manual,25333,Petrol,145,44.8,1.2
 Crossland X,2019,11998.0,Manual,18380,Petrol,145,44.8,1.2
 Crossland X,2018,9998.0,Manual,25629,Diesel,145,78.5,1.6
 Crossland X,2019,15000.0,Automatic,4797,Petrol,145,42.2,1.2
 Crossland X,2019,15160.0,Manual,1850,Diesel,145,61.4,1.5
 Crossland X,2019,13498.0,Manual,1761,Petrol,145,47.1,1.2
 Crossland X,2018,12691.0,Manual,7236,Petrol,145,58.9,1.2
 Crossland X,2019,15290.0,Manual,848,Petrol,145,47.1,1.2
 Crossland X,2019,12190.0,Manual,10871,Petrol,145,44.8,1.2
 Crossland X,2019,12990.0,Manual,13294,Diesel,145,60.1,1.5
 Crossland X,2019,13498.0,Manual,3569,Petrol,145,47.1,1.2
 Crossland X,2018,11498.0,Manual,14074,Petrol,145,54.3,1.2
 Crossland X,2017,10498.0,Semi-Auto,14775,Petrol,150,52.3,1.2
 Crossland X,2018,11698.0,Manual,8412,Petrol,150,54.3,1.2
 Crossland X,2019,13790.0,Manual,7445,Petrol,145,44.8,1.2
 Crossland X,2019,12150.0,Manual,11300,Petrol,145,44.8,1.2
 Crossland X,2018,9990.0,Manual,24003,Petrol,145,44.8,1.2
 Crossland X,2019,14295.0,Manual,6870,Petrol,145,44.8,1.2
 Crossland X,2020,14495.0,Manual,10,Diesel,145,61.4,1.5
 Crossland X,2019,12995.0,Manual,5077,Petrol,145,44.8,1.2
 Crossland X,2019,12995.0,Manual,1448,Petrol,145,44.8,1.2
 Crossland X,2019,12995.0,Manual,4291,Petrol,145,44.8,1.2
 Crossland X,2019,13595.0,Manual,2863,Petrol,145,44.8,1.2
 Crossland X,2020,14395.0,Manual,10,Petrol,145,47.1,1.2
 Crossland X,2017,9485.0,Manual,7675,Petrol,145,58.9,1.2
 Crossland X,2018,11498.0,Manual,18001,Petrol,145,54.3,1.2
 Crossland X,2018,11695.0,Manual,25006,Petrol,145,58.9,1.2
 Crossland X,2020,16999.0,Semi-Auto,10,Petrol,145,44.1,1.2
 Crossland X,2017,8995.0,Manual,17000,Petrol,145,54.3,1.2
 Crossland X,2018,11160.0,Manual,8604,Petrol,145,54.3,1.2
 Crossland X,2019,13190.0,Manual,3810,Petrol,145,44.8,1.2
 Crossland X,2017,9698.0,Manual,21091,Petrol,150,54.3,1.2
 Crossland X,2018,12490.0,Manual,11562,Petrol,145,54.3,1.2
 Crossland X,2019,14990.0,Manual,1429,Diesel,145,60.1,1.5
 Crossland X,2017,9498.0,Manual,31067,Petrol,145,58.9,1.2
 Crossland X,2017,9798.0,Manual,31222,Petrol,150,58.9,1.2
 Crossland X,2019,14680.0,Semi-Auto,4862,Petrol,145,42.2,1.2
 Crossland X,2018,11498.0,Manual,15601,Petrol,145,44.8,1.2
 Crossland X,2019,15990.0,Manual,708,Petrol,145,47.1,1.2
 Crossland X,2018,13000.0,Manual,7231,Petrol,145,47.1,1.2
 Crossland X,2019,14971.0,Semi-Auto,6023,Diesel,145,55.4,1.5
 Crossland X,2020,14971.0,Manual,10,Petrol,145,47.1,1.2
 Crossland X,2017,10210.0,Manual,19254,Petrol,145,54.3,1.2
 Crossland X,2019,14000.0,Automatic,8791,Petrol,145,42.2,1.2
 Crossland X,2019,13540.0,Manual,8226,Petrol,145,47.1,1.2
 Crossland X,2018,11999.0,Semi-Auto,13297,Petrol,150,52.3,1.2
 Crossland X,2017,10250.0,Manual,17930,Diesel,145,78.5,1.6
 Crossland X,2019,11121.0,Manual,16380,Diesel,145,62.8,1.5
 Crossland X,2019,13299.0,Manual,2199,Petrol,145,47.1,1.2
 Crossland X,2018,11000.0,Manual,23259,Diesel,150,78.5,1.6
 Crossland X,2019,10905.0,Manual,18815,Petrol,145,47.1,1.2
 Crossland X,2019,11237.0,Manual,17095,Petrol,145,44.8,1.2
 Crossland X,2020,17990.0,Semi-Auto,700,Diesel,145,55.4,1.5
 Crossland X,2019,13740.0,Manual,3866,Petrol,145,47.1,1.2
 Crossland X,2018,9591.0,Manual,15486,Petrol,150,54.3,1.2
 Crossland X,2019,14940.0,Manual,2428,Diesel,145,60.1,1.5
 Crossland X,2019,11495.0,Manual,14941,Petrol,150,47.1,1.2
 Crossland X,2017,10999.0,Manual,25225,Petrol,145,57.7,1.2
 Crossland X,2017,9647.0,Manual,25561,Diesel,145,78.5,1.6
 Crossland X,2019,13831.0,Manual,2852,Petrol,145,47.1,1.2
 Crossland X,2019,12798.0,Manual,11693,Petrol,145,44.8,1.2
 Crossland X,2019,13999.0,Manual,740,Petrol,145,47.1,1.2
 Crossland X,2019,11998.0,Manual,16243,Petrol,145,44.8,1.2
 Crossland X,2018,13000.0,Manual,18407,Petrol,145,54.3,1.2
 Crossland X,2018,13000.0,Manual,26411,Diesel,145,70.6,1.6
 Crossland X,2018,12955.0,Manual,7579,Petrol,145,55.4,1.2
 Crossland X,2019,13498.0,Manual,5365,Petrol,145,47.1,1.2
 Crossland X,2018,11995.0,Manual,13900,Petrol,145,58.9,1.2
 Crossland X,2019,13698.0,Manual,3315,Petrol,145,47.1,1.2
 Crossland X,2019,15795.0,Manual,10,Petrol,145,47.1,1.2
 Crossland X,2019,15795.0,Manual,10,Diesel,145,60.1,1.5
 Crossland X,2018,9491.0,Manual,15556,Diesel,145,78.5,1.6
 Crossland X,2018,12390.0,Manual,9908,Petrol,145,44.8,1.2
 Crossland X,2019,14990.0,Manual,3867,Diesel,145,61.4,1.5
 Crossland X,2018,10180.0,Manual,17248,Petrol,145,44.8,1.2
 Crossland X,2019,11791.0,Manual,19691,Diesel,145,62.8,1.5
 Crossland X,2017,13995.0,Manual,7567,Petrol,150,57.7,1.2
 Crossland X,2019,13991.0,Manual,3245,Diesel,145,60.1,1.5
 Crossland X,2019,13955.0,Manual,3554,Petrol,145,44.8,1.2
 Crossland X,2018,11200.0,Manual,16358,Petrol,145,54.3,1.2
 Crossland X,2017,9050.0,Manual,14772,Petrol,150,54.3,1.2
 Crossland X,2019,14800.0,Manual,6025,Diesel,145,61.4,1.5
 Crossland X,2017,10480.0,Semi-Auto,19914,Petrol,145,52.3,1.2
 Crossland X,2019,15990.0,Manual,5858,Diesel,145,60.1,1.5
 Crossland X,2019,11698.0,Manual,13341,Petrol,145,44.8,1.2
 Crossland X,2018,11999.0,Semi-Auto,17682,Petrol,145,52.3,1.2
 Crossland X,2020,16500.0,Semi-Auto,1609,Petrol,150,44.1,1.2
 Crossland X,2019,11799.0,Manual,18193,Petrol,145,44.8,1.2
 Crossland X,2018,13399.0,Manual,10347,Petrol,145,44.8,1.2
 Crossland X,2019,16999.0,Manual,4964,Petrol,145,47.9,1.2
 Crossland X,2019,14999.0,Manual,6708,Diesel,145,60.1,1.5
 Crossland X,2017,10599.0,Manual,12992,Petrol,150,58.9,1.2
 Crossland X,2017,8799.0,Manual,32000,Petrol,150,54.3,1.2
 Crossland X,2017,11175.0,Manual,13431,Petrol,145,57.7,1.2
 Crossland X,2019,13498.0,Manual,4157,Petrol,145,47.1,1.2
 Crossland X,2019,10899.0,Manual,12837,Petrol,145,47.1,1.2
 Crossland X,2018,9491.0,Manual,21311,Petrol,150,44.8,1.2
 Crossland X,2019,11999.0,Manual,18440,Petrol,145,44.8,1.2
 Crossland X,2019,10599.0,Manual,18441,Petrol,145,47.1,1.2
 Crossland X,2019,10799.0,Manual,14466,Petrol,145,46.3,1.2
 Crossland X,2019,10799.0,Manual,16204,Petrol,145,44.8,1.2
 Crossland X,2019,13119.0,Manual,3245,Diesel,145,60.1,1.5
 Crossland X,2018,9885.0,Manual,24800,Petrol,145,54.3,1.2
 Crossland X,2018,10000.0,Manual,9478,Petrol,145,44.8,1.2
 Crossland X,2019,11500.0,Manual,17012,Petrol,145,47.1,1.2
 Crossland X,2019,11500.0,Manual,14391,Petrol,145,44.8,1.2
 Crossland X,2019,12500.0,Manual,1972,Petrol,145,44.8,1.2
 Crossland X,2019,12950.0,Manual,641,Petrol,145,47.1,1.2
 Crossland X,2020,13777.0,Manual,1,Petrol,145,47.1,1.2
 Crossland X,2019,12397.0,Manual,17123,Petrol,145,44.8,1.2
 Crossland X,2018,12000.0,Manual,6259,Petrol,145,44.8,1.2
 Crossland X,2018,11334.0,Semi-Auto,13681,Petrol,145,52.3,1.2
 Crossland X,2019,12790.0,Manual,622,Petrol,145,44.8,1.2
 Crossland X,2017,9998.0,Manual,8936,Petrol,150,54.3,1.2
 Crossland X,2019,14998.0,Manual,1405,Petrol,150,47.9,1.2
 Crossland X,2019,14800.0,Manual,7362,Petrol,145,47.1,1.2
 Crossland X,2019,13990.0,Manual,3547,Petrol,145,47.1,1.2
 Crossland X,2019,12990.0,Automatic,6625,Petrol,145,44.8,1.2
 Crossland X,2019,16990.0,Manual,3820,Diesel,145,60.1,1.5
 Crossland X,2019,12991.0,Manual,13589,Diesel,145,60.1,1.5
 Crossland X,2019,13460.0,Manual,9047,Petrol,145,44.8,1.2
 Crossland X,2019,18995.0,Manual,12,Diesel,145,60.1,1.5
 Crossland X,2019,12994.0,Manual,13015,Petrol,145,44.8,1.2
 Crossland X,2018,12498.0,Manual,8828,Petrol,145,44.8,1.2
 Crossland X,2019,14495.0,Manual,3906,Petrol,150,47.1,1.2
 Crossland X,2019,11698.0,Manual,15460,Petrol,150,44.8,1.2
 Crossland X,2019,11698.0,Manual,18684,Petrol,145,44.8,1.2
 Crossland X,2019,12498.0,Manual,10540,Diesel,145,62.8,1.5
 Crossland X,2020,15498.0,Manual,600,Petrol,150,47.9,1.2
 Crossland X,2018,11498.0,Manual,15371,Petrol,150,44.8,1.2
 Crossland X,2017,9998.0,Manual,19527,Petrol,150,58.9,1.2
 Crossland X,2019,12498.0,Manual,16323,Petrol,145,44.8,1.2
 Crossland X,2019,13498.0,Manual,3010,Petrol,150,47.1,1.2
 Crossland X,2019,13498.0,Manual,3521,Petrol,150,47.1,1.2
 Crossland X,2019,11291.0,Manual,24448,Petrol,145,47.1,1.2
 Crossland X,2019,11190.0,Manual,15246,Diesel,145,62.8,1.5
 Crossland X,2019,11330.0,Manual,1064,Petrol,145,44.8,1.2
 Crossland X,2019,11120.0,Manual,10310,Petrol,145,44.8,1.2
 Crossland X,2019,11691.0,Manual,2594,Petrol,145,44.8,1.2
 Crossland X,2019,10030.0,Manual,11367,Petrol,145,44.8,1.2
 Crossland X,2019,11799.0,Manual,18290,Petrol,145,44.8,1.2
 Crossland X,2019,10499.0,Manual,20788,Petrol,145,44.8,1.2
 Crossland X,2019,14500.0,Manual,5000,Petrol,145,47.1,1.2
 Crossland X,2019,13999.0,Manual,5000,Diesel,145,60.1,1.5
 Crossland X,2019,14000.0,Manual,7556,Diesel,145,62.8,1.5
 Crossland X,2019,11280.0,Manual,2485,Petrol,145,44.8,1.2
 Crossland X,2019,12000.0,Manual,13206,Petrol,145,44.8,1.2
 Crossland X,2019,13999.0,Manual,6343,Petrol,145,44.8,1.2
 Crossland X,2019,13000.0,Manual,9486,Petrol,145,44.8,1.2
 Crossland X,2019,11999.0,Manual,21932,Petrol,145,47.1,1.2
 Crossland X,2018,10995.0,Manual,20213,Petrol,150,54.3,1.2
 Crossland X,2018,11297.0,Manual,9824,Diesel,145,62.8,1.5
 Crossland X,2020,13390.0,Manual,4249,Petrol,145,47.1,1.2
 Crossland X,2019,14795.0,Manual,2646,Petrol,145,47.1,1.2
 Crossland X,2019,15995.0,Automatic,9641,Diesel,145,55.4,1.5
 Crossland X,2019,15295.0,Manual,6447,Diesel,145,61.4,1.5
 Crossland X,2017,11599.0,Manual,14385,Petrol,145,57.7,1.2
 Crossland X,2018,11187.0,Manual,14268,Diesel,145,62.8,1.5
 Crossland X,2019,11487.0,Manual,17174,Petrol,145,44.8,1.2
 Crossland X,2019,13498.0,Manual,3386,Petrol,150,47.1,1.2
 Crossland X,2018,12698.0,Manual,10601,Petrol,150,44.8,1.2
 Crossland X,2019,14498.0,Semi-Auto,8368,Petrol,150,44.8,1.2
 Crossland X,2019,10998.0,Manual,7078,Petrol,145,44.8,1.2
 Crossland X,2018,9500.0,Manual,22648,Petrol,145,58.9,1.2
 Crossland X,2019,11490.0,Manual,5287,Petrol,150,46.3,1.2
 Crossland X,2019,13542.0,Manual,6831,Petrol,145,44.8,1.2
 Crossland X,2019,16999.0,Manual,4790,Petrol,145,47.9,1.2
 Crossland X,2019,14152.0,Manual,2188,Petrol,145,44.8,1.2
 Crossland X,2018,10794.0,Manual,18684,Diesel,145,78.5,1.6
 Crossland X,2020,15500.0,Manual,10,Petrol,145,47.1,1.2
 Crossland X,2019,12492.0,Manual,100,Diesel,145,60.1,1.5
 Crossland X,2020,18000.0,Semi-Auto,52,Diesel,145,55.4,1.5
 Crossland X,2019,11994.0,Manual,8235,Petrol,145,47.1,1.2
 Crossland X,2019,17500.0,Manual,10,Diesel,145,61.4,1.5
 Crossland X,2019,13542.0,Manual,7049,Petrol,145,44.8,1.2
 Crossland X,2019,12995.0,Manual,15079,Petrol,145,44.8,1.2
 Crossland X,2019,13490.0,Manual,6518,Petrol,145,44.8,1.2
 Crossland X,2019,16000.0,Automatic,4000,Diesel,145,55.4,1.5
 Crossland X,2020,13690.0,Manual,100,Petrol,145,47.1,1.2
 Crossland X,2020,13690.0,Manual,1700,Petrol,145,47.1,1.2
 Crossland X,2019,12325.0,Manual,13498,Diesel,145,62.8,1.5
 Crossland X,2019,16690.0,Manual,2477,Diesel,145,61.4,1.5
 Crossland X,2019,9890.0,Manual,11177,Petrol,145,44.8,1.2
 Crossland X,2018,12438.0,Manual,5826,Petrol,145,54.3,1.2
 Crossland X,2019,13500.0,Manual,3698,Diesel,145,60.1,1.5
 Crossland X,2018,12298.0,Manual,20125,Petrol,145,44.8,1.2
 Crossland X,2018,11672.0,Manual,9486,Petrol,145,54.3,1.2
 Crossland X,2018,11798.0,Manual,9888,Petrol,145,44.8,1.2
 Crossland X,2019,16000.0,Semi-Auto,4422,Petrol,150,42.2,1.2
 Crossland X,2020,16490.0,Manual,10,Diesel,145,61.4,1.5
 Crossland X,2020,15270.0,Manual,10,Petrol,145,47.1,1.2
 Crossland X,2017,12600.0,Manual,11039,Petrol,145,57.7,1.2
 Crossland X,2019,11690.0,Manual,10101,Petrol,145,47.1,1.2
 Crossland X,2019,16001.0,Manual,38000,Petrol,145,47.1,1.2
 Crossland X,2019,12437.0,Manual,15473,Petrol,145,44.8,1.2
 Crossland X,2019,14924.0,Manual,3220,Petrol,145,44.8,1.2
 Crossland X,2019,13988.0,Manual,5147,Petrol,145,44.8,1.2
 Crossland X,2018,12995.0,Manual,10127,Petrol,145,47.1,1.2
 Crossland X,2019,12998.0,Manual,1661,Petrol,145,44.8,1.2
 Crossland X,2019,13468.0,Manual,10576,Petrol,150,44.8,1.2
 Crossland X,2019,13959.0,Semi-Auto,17495,Petrol,150,42.2,1.2
 Crossland X,2019,13959.0,Semi-Auto,15587,Petrol,145,42.2,1.2
 Crossland X,2019,13880.0,Manual,6690,Petrol,145,44.8,1.2
 Crossland X,2019,14790.0,Manual,3744,Petrol,145,44.8,1.2
 Crossland X,2019,15995.0,Manual,17,Petrol,150,47.9,1.2
 Crossland X,2018,11798.0,Manual,12512,Petrol,145,54.3,1.2
 Crossland X,2018,9491.0,Manual,22000,Petrol,150,54.3,1.2
 Crossland X,2017,10473.0,Automatic,19352,Petrol,145,52.3,1.2
 Crossland X,2019,15995.0,Manual,5000,Diesel,145,61.4,1.5
 Crossland X,2017,12491.0,Manual,12829,Petrol,145,57.7,1.2
 Crossland X,2019,11995.0,Manual,15724,Diesel,145,62.8,1.5
 Crossland X,2019,10995.0,Manual,21085,Diesel,150,60.1,1.5
 Crossland X,2019,10295.0,Manual,17000,Petrol,145,44.8,1.2
 Crossland X,2019,9995.0,Manual,23000,Petrol,145,44.8,1.2
 Crossland X,2019,12139.0,Manual,25000,Petrol,150,44.8,1.2
 Crossland X,2019,14490.0,Manual,9294,Petrol,145,44.8,1.2
 Crossland X,2017,9069.0,Manual,21881,Petrol,145,54.3,1.2
 Crossland X,2019,13498.0,Manual,4127,Petrol,145,47.1,1.2
 Crossland X,2019,13498.0,Manual,4449,Petrol,145,47.1,1.2
 Crossland X,2019,14799.0,Manual,6027,Petrol,145,47.1,1.2
 Crossland X,2019,13990.0,Manual,5431,Diesel,145,60.1,1.5
 Crossland X,2019,14690.0,Manual,3142,Petrol,145,44.8,1.2
 Crossland X,2019,15000.0,Manual,3375,Petrol,145,44.8,1.2
 Crossland X,2019,13799.0,Manual,15357,Petrol,145,47.1,1.2
 Crossland X,2019,11499.0,Manual,10296,Petrol,145,44.8,1.2
 Crossland X,2019,10499.0,Manual,12428,Petrol,150,44.8,1.2
 Crossland X,2019,12000.0,Manual,14947,Petrol,150,47.1,1.2
 Crossland X,2019,12000.0,Manual,17673,Petrol,150,47.1,1.2
 Crossland X,2019,9999.0,Manual,17506,Petrol,150,44.8,1.2
 Crossland X,2019,14598.0,Manual,10,Petrol,150,47.1,1.2
 Crossland X,2019,14750.0,Manual,5904,Petrol,145,47.1,1.2
 Crossland X,2018,10500.0,Manual,19648,Petrol,145,44.8,1.2
 Crossland X,2019,15800.0,Manual,4219,Petrol,145,47.9,1.2
 Crossland X,2018,9171.0,Manual,25101,Petrol,145,44.8,1.2
 Crossland X,2017,12360.0,Manual,17336,Petrol,145,55.4,1.2
 Crossland X,2019,14280.0,Manual,6379,Diesel,145,60.1,1.5
 Crossland X,2019,13498.0,Manual,6391,Petrol,150,47.1,1.2
 Crossland X,2019,13798.0,Manual,2750,Petrol,145,47.1,1.2
 Crossland X,2019,10197.0,Manual,15028,Petrol,145,47.1,1.2
 Crossland X,2019,14990.0,Manual,6544,Petrol,145,44.8,1.2
 Crossland X,2018,10191.0,Manual,14698,Petrol,145,54.3,1.2
 Crossland X,2019,11663.0,Manual,9094,Petrol,145,47.1,1.2
 Crossland X,2018,9990.0,Manual,26937,Petrol,150,54.3,1.2
 Crossland X,2018,11994.0,Manual,16214,Petrol,145,54.3,1.2
 Crossland X,2019,12399.0,Manual,14406,Petrol,145,44.8,1.2
 Crossland X,2017,11394.0,Manual,24000,Petrol,150,57.7,1.2
 Crossland X,2018,13599.0,Manual,9442,Diesel,145,62.8,1.5
 Crossland X,2018,10899.0,Manual,4631,Petrol,145,54.3,1.2
 Crossland X,2019,10799.0,Manual,19271,Petrol,145,47.1,1.2
 Crossland X,2019,14299.0,Manual,3767,Diesel,145,62.8,1.5
 Crossland X,2019,13899.0,Manual,5722,Petrol,145,47.1,1.2
 Crossland X,2019,15299.0,Manual,10000,Diesel,145,60.1,1.5
 Crossland X,2019,14499.0,Manual,819,Petrol,145,47.1,1.2
 Crossland X,2019,14499.0,Manual,1718,Petrol,145,47.1,1.2
 Crossland X,2019,15799.0,Automatic,4414,Petrol,145,42.2,1.2
 Crossland X,2019,11000.0,Manual,14754,Diesel,150,62.8,1.5
 Crossland X,2019,10499.0,Manual,14619,Petrol,150,44.8,1.2
 Crossland X,2019,10799.0,Manual,17490,Petrol,145,47.1,1.2
 Crossland X,2019,11899.0,Manual,20307,Petrol,145,47.1,1.2
 Crossland X,2019,12799.0,Manual,3250,Petrol,145,44.8,1.2
 Crossland X,2019,12830.0,Manual,15212,Petrol,145,47.1,1.2
 Crossland X,2019,12720.0,Manual,10710,Petrol,145,44.8,1.2
 Crossland X,2019,12150.0,Manual,14121,Petrol,145,44.8,1.2
 Crossland X,2019,15430.0,Automatic,5238,Petrol,145,44.8,1.2
 Crossland X,2019,13491.0,Manual,3508,Diesel,145,60.1,1.5
 Crossland X,2019,11440.0,Manual,16137,Petrol,145,47.1,1.2
 Crossland X,2018,15195.0,Manual,2797,Petrol,145,42.2,1.2
 Crossland X,2018,10388.0,Manual,16676,Petrol,145,44.8,1.2
 Crossland X,2019,10965.0,Manual,20234,Petrol,145,47.1,1.2
 Crossland X,2019,15791.0,Semi-Auto,5886,Petrol,150,42.2,1.2
 Crossland X,2019,12991.0,Manual,13513,Petrol,150,47.1,1.2
 Crossland X,2020,17991.0,Manual,53,Petrol,145,47.1,1.2
 Crossland X,2019,16495.0,Manual,2999,Diesel,145,60.1,1.5
 Crossland X,2018,10400.0,Manual,30148,Diesel,150,78.5,1.6
 Crossland X,2019,15000.0,Manual,6750,Diesel,145,60.1,1.5
 Crossland X,2018,11291.0,Manual,15597,Petrol,150,47.1,1.2
 Crossland X,2019,10464.0,Manual,14735,Petrol,145,44.8,1.2
 Crossland X,2018,10250.0,Manual,18274,Diesel,145,78.5,1.6
 Crossland X,2018,10295.0,Manual,22946,Diesel,145,78.5,1.6
 Crossland X,2019,13495.0,Semi-Auto,10215,Petrol,150,44.8,1.2
 Crossland X,2018,11951.0,Manual,18996,Diesel,150,70.6,1.6
 Crossland X,2019,13295.0,Semi-Auto,13151,Petrol,150,44.8,1.2
 Crossland X,2019,13991.0,Manual,10220,Petrol,150,47.1,1.2
 Crossland X,2019,12000.0,Manual,14340,Petrol,145,44.8,1.2
 Crossland X,2017,10755.0,Manual,12858,Petrol,145,57.7,1.2
 Crossland X,2019,12995.0,Semi-Auto,2758,Petrol,145,42.2,1.2
 Crossland X,2019,14433.0,Manual,17998,Diesel,145,70.6,1.6
 Crossland X,2019,13995.0,Manual,11971,Diesel,150,60.1,1.5
 Crossland X,2019,14473.0,Manual,1189,Petrol,145,47.1,1.2
 Crossland X,2019,13591.0,Semi-Auto,11193,Petrol,150,42.2,1.2
 Crossland X,2019,13591.0,Semi-Auto,11391,Petrol,150,42.2,1.2
 Crossland X,2018,12891.0,Manual,3614,Petrol,150,44.8,1.2
 Crossland X,2018,12300.0,Manual,20819,Diesel,145,70.6,1.6
 Crossland X,2019,11200.0,Manual,22305,Petrol,145,44.8,1.2
 Crossland X,2018,12300.0,Manual,3614,Petrol,145,44.8,1.2
 Crossland X,2020,17490.0,Manual,628,Petrol,145,47.1,1.2
 Crossland X,2019,14995.0,Manual,9000,Diesel,145,60.1,1.5
 Crossland X,2019,12495.0,Manual,17736,Petrol,145,44.8,1.2
 Crossland X,2019,13295.0,Manual,14471,Petrol,145,44.8,1.2
 Crossland X,2019,13958.0,Semi-Auto,14763,Petrol,145,42.2,1.2
 Crossland X,2019,11800.0,Manual,22305,Petrol,150,44.8,1.2
 Crossland X,2019,10500.0,Manual,16739,Petrol,145,47.1,1.2
 Crossland X,2019,14092.0,Manual,6591,Petrol,150,47.1,1.2
 Crossland X,2019,13650.0,Manual,6500,Diesel,145,60.1,1.5
 Crossland X,2019,10492.0,Manual,16739,Petrol,145,47.1,1.2
 Crossland X,2019,10450.0,Manual,17869,Petrol,145,47.1,1.2
 Crossland X,2019,12789.0,Semi-Auto,23578,Petrol,145,44.8,1.2
 Crossland X,2019,11995.0,Manual,10000,Petrol,145,47.1,1.2
 Crossland X,2020,15995.0,Manual,10,Petrol,145,47.1,1.2
 Crossland X,2020,16495.0,Semi-Auto,10,Petrol,145,44.1,1.2
 Crossland X,2019,14300.0,Manual,9513,Petrol,145,47.1,1.2
 Crossland X,2017,10495.0,Manual,24344,Diesel,145,78.5,1.6
 Crossland X,2019,13359.0,Manual,13709,Petrol,145,44.8,1.2
 Crossland X,2017,12000.0,Manual,12451,Petrol,145,57.7,1.2
 Crossland X,2019,13359.0,Manual,18864,Petrol,145,47.1,1.2
 Crossland X,2019,13479.0,Manual,16802,Petrol,145,47.1,1.2
 Crossland X,2019,10490.0,Manual,11477,Petrol,150,44.8,1.2
 Crossland X,2019,13495.0,Semi-Auto,15000,Petrol,145,44.8,1.2
 Crossland X,2019,13359.0,Manual,3742,Petrol,145,44.8,1.2
 Crossland X,2019,13359.0,Manual,4958,Petrol,145,47.1,1.2
 Crossland X,2019,13495.0,Manual,11578,Petrol,145,44.8,1.2
 Crossland X,2018,13995.0,Manual,1800,Petrol,150,57.7,1.2
 Crossland X,2019,13996.0,Manual,2813,Petrol,145,44.8,1.2
 Crossland X,2020,14690.0,Manual,100,Petrol,145,47.1,1.2
 Crossland X,2019,11091.0,Manual,15607,Diesel,145,62.8,1.5
 Crossland X,2019,15891.0,Automatic,7859,Diesel,145,55.4,1.5
 Crossland X,2019,15871.0,Manual,3421,Diesel,145,61.4,1.5
 Crossland X,2019,10998.0,Manual,10,Diesel,150,62.8,1.5
 Crossland X,2019,11499.0,Manual,10,Petrol,150,47.1,1.2
 Crossland X,2019,15299.0,Manual,3251,Diesel,145,60.1,1.5
 Crossland X,2019,13359.0,Manual,3528,Petrol,145,44.8,1.2
 Crossland X,2019,15798.0,Manual,2015,Petrol,145,47.9,1.2
 Crossland X,2019,11299.0,Manual,14567,Petrol,145,44.8,1.2
 Crossland X,2019,18999.0,Automatic,11048,Diesel,145,55.4,1.5
 Crossland X,2019,11499.0,Manual,16908,Petrol,145,47.1,1.2
 Crossland X,2019,12299.0,Manual,14231,Petrol,145,44.8,1.2
 Crossland X,2017,12995.0,Manual,6000,Petrol,145,57.7,1.2
 Crossland X,2018,12495.0,Manual,17000,Petrol,145,58.9,1.2
 Crossland X,2019,13595.0,Manual,14859,Petrol,150,44.8,1.2
 Crossland X,2019,17000.0,Manual,2512,Diesel,145,60.1,1.5
 Crossland X,2019,16495.0,Manual,150,Petrol,145,47.1,1.2
 Crossland X,2019,11990.0,Manual,21748,Diesel,145,62.8,1.5
 Crossland X,2019,11990.0,Manual,20595,Diesel,145,62.8,1.5
 Crossland X,2017,12995.0,Manual,9000,Petrol,145,57.7,1.2
 Crossland X,2019,11951.0,Manual,17581,Petrol,145,44.8,1.2
 Crossland X,2020,15295.0,Manual,25,Diesel,145,61.4,1.5
 Crossland X,2020,14995.0,Manual,25,Diesel,145,61.4,1.5
 Crossland X,2019,14595.0,Manual,5825,Petrol,145,44.8,1.2
 Crossland X,2019,14995.0,Automatic,13111,Petrol,145,42.2,1.2
 Crossland X,2017,11295.0,Manual,16857,Petrol,145,58.9,1.2
 Crossland X,2020,18995.0,Manual,1000,Petrol,150,47.9,1.2
 Crossland X,2017,10000.0,Manual,21334,Petrol,145,54.3,1.2
 Crossland X,2019,13359.0,Manual,17985,Petrol,145,47.1,1.2
 Crossland X,2019,13299.0,Manual,15975,Petrol,145,44.8,1.2
 Crossland X,2019,13299.0,Manual,18507,Petrol,145,44.8,1.2
 Crossland X,2019,9999.0,Manual,9563,Petrol,150,44.8,1.2
 Crossland X,2019,10999.0,Manual,11901,Petrol,150,47.1,1.2
 Crossland X,2019,10489.0,Manual,20171,Petrol,150,47.1,1.2
 Crossland X,2018,12995.0,Manual,15562,Petrol,150,55.4,1.2
 Crossland X,2019,13999.0,Manual,2710,Petrol,145,44.8,1.2
 Crossland X,2019,15999.0,Manual,2693,Diesel,145,60.1,1.5
 Crossland X,2019,18000.0,Automatic,3595,Diesel,145,55.4,1.5
 Crossland X,2019,17990.0,Semi-Auto,1000,Petrol,145,44.1,1.2
 Crossland X,2018,11799.0,Manual,14037,Petrol,145,44.8,1.2
 Crossland X,2019,17995.0,Semi-Auto,2000,Diesel,145,55.4,1.5
 Crossland X,2018,10997.0,Manual,15029,Diesel,145,62.8,1.5
 Crossland X,2019,11799.0,Manual,14685,Petrol,150,47.1,1.2
 Crossland X,2019,12798.0,Manual,18191,Petrol,150,47.1,1.2
 Crossland X,2019,13690.0,Automatic,10285,Petrol,145,44.8,1.2
 Crossland X,2019,13200.0,Manual,4244,Petrol,145,44.8,1.2
 Crossland X,2019,12827.0,Manual,3753,Petrol,145,44.8,1.2
 Crossland X,2018,11500.0,Manual,9730,Diesel,145,78.5,1.6
 Crossland X,2019,16999.0,Manual,13000,Diesel,145,61.4,1.5
 Crossland X,2019,12580.0,Manual,12983,Petrol,145,44.8,1.2
 Crossland X,2019,12780.0,Manual,11006,Petrol,145,44.8,1.2
 Crossland X,2019,14490.0,Manual,2150,Petrol,145,44.8,1.2
 Crossland X,2019,17765.0,Manual,4423,Diesel,145,60.1,1.5
 Crossland X,2019,14000.0,Manual,11741,Diesel,150,60.1,1.5
 Crossland X,2017,10600.0,Manual,26581,Diesel,145,70.6,1.6
 Crossland X,2018,13499.0,Manual,16577,Petrol,145,57.7,1.2
 Crossland X,2020,14275.0,Manual,5,Petrol,145,47.1,1.2
 Crossland X,2019,13490.0,Manual,1868,Petrol,145,44.8,1.2
 Crossland X,2019,14490.0,Manual,6000,Petrol,145,47.1,1.2
 Crossland X,2019,13990.0,Manual,1900,Petrol,145,46.3,1.2
 Crossland X,2019,16995.0,Automatic,5800,Diesel,145,55.4,1.5
 Crossland X,2019,13490.0,Manual,11050,Petrol,145,44.8,1.2
 Crossland X,2019,13490.0,Automatic,15500,Petrol,145,44.8,1.2
 Crossland X,2017,9999.0,Manual,12580,Petrol,150,58.9,1.2
 Crossland X,2019,11932.0,Manual,9222,Petrol,145,44.8,1.2
 Crossland X,2019,19995.0,Manual,1,Petrol,145,47.1,1.2
 Crossland X,2019,10998.0,Manual,18288,Petrol,150,47.1,1.2
 Crossland X,2019,18000.0,Automatic,4710,Diesel,145,55.4,1.5
 Crossland X,2019,11990.0,Manual,4877,Petrol,145,46.3,1.2
 Crossland X,2019,11495.0,Manual,21774,Petrol,150,44.8,1.2
 Crossland X,2019,11199.0,Manual,5758,Petrol,150,46.3,1.2
 Crossland X,2019,11880.0,Manual,3500,Diesel,145,78.5,1.6
 Crossland X,2018,11990.0,Manual,11379,Petrol,145,54.3,1.2
 Crossland X,2020,15960.0,Manual,10,Petrol,145,47.1,1.2
 Crossland X,2019,12498.0,Manual,10786,Petrol,150,47.1,1.2
 Crossland X,2019,14995.0,Manual,2300,Petrol,150,47.1,1.2
 Crossland X,2020,15495.0,Manual,10,Petrol,145,47.1,1.2
 Crossland X,2019,14750.0,Manual,2620,Diesel,145,60.1,1.5
 Crossland X,2018,12250.0,Semi-Auto,22995,Petrol,145,44.8,1.2
 Crossland X,2019,14495.0,Semi-Auto,4915,Petrol,145,42.2,1.2
 Crossland X,2019,12980.0,Manual,2000,Petrol,145,47.1,1.2
 Crossland X,2019,19980.0,Semi-Auto,3500,Diesel,145,55.4,1.5
 Crossland X,2019,12780.0,Manual,3000,Petrol,145,47.1,1.2
 Crossland X,2019,12250.0,Manual,7280,Diesel,145,60.1,1.5
 Crossland X,2018,10750.0,Manual,6500,Petrol,145,44.8,1.2
 Crossland X,2019,12480.0,Manual,7500,Petrol,145,44.8,1.2
 Crossland X,2019,12036.0,Manual,13740,Petrol,145,44.8,1.2
 Crossland X,2019,11995.0,Manual,16250,Petrol,145,47.1,1.2
 Crossland X,2019,14995.0,Manual,3000,Diesel,145,60.1,1.5
 Crossland X,2019,12995.0,Manual,16000,Petrol,150,47.1,1.2
 Crossland X,2017,10901.0,Manual,19000,Petrol,145,57.7,1.2
 Crossland X,2019,11990.0,Manual,6825,Petrol,145,44.8,1.2
 Crossland X,2018,13995.0,Manual,4973,Petrol,145,47.1,1.2
 Crossland X,2017,12495.0,Manual,17000,Petrol,145,57.7,1.2
 Crossland X,2018,14995.0,Manual,7516,Petrol,145,44.8,1.2
 Crossland X,2019,14995.0,Manual,3000,Petrol,145,47.1,1.2
 Crossland X,2017,11690.0,Semi-Auto,22143,Petrol,150,52.3,1.2
 Crossland X,2019,12990.0,Manual,19029,Petrol,150,47.1,1.2
 Crossland X,2019,16990.0,Manual,1180,Petrol,145,44.8,1.2
 Crossland X,2019,11250.0,Manual,12855,Diesel,150,62.8,1.5
 Crossland X,2019,13250.0,Manual,15604,Petrol,150,47.1,1.2
 Crossland X,2019,11250.0,Manual,15429,Petrol,150,44.8,1.2
 Crossland X,2020,18312.0,Semi-Auto,747,Petrol,145,44.1,1.2
 Crossland X,2019,16990.0,Automatic,2814,Diesel,145,55.4,1.5
 Crossland X,2019,17866.0,Automatic,449,Petrol,145,44.1,1.2
 Crossland X,2019,12815.0,Manual,12304,Petrol,145,47.1,1.2
 Crossland X,2019,11499.0,Manual,15497,Diesel,150,60.1,1.5
 Crossland X,2019,11495.0,Manual,12609,Petrol,150,44.8,1.2
 Crossland X,2019,11880.0,Manual,3500,Diesel,150,78.5,1.6
 Crossland X,2019,10699.0,Manual,13199,Petrol,145,47.1,1.2
 Crossland X,2019,14995.0,Manual,2851,Petrol,145,47.1,1.2
 Crossland X,2019,16495.0,Automatic,5442,Petrol,145,44.8,1.2
 Crossland X,2019,13606.0,Manual,1119,Petrol,145,44.8,1.2
 Crossland X,2020,18990.0,Semi-Auto,100,Petrol,145,44.1,1.2
 Crossland X,2019,10683.0,Manual,17812,Petrol,145,47.1,1.2
 Crossland X,2019,15999.0,Manual,50,Petrol,145,47.1,1.2
 Crossland X,2017,10499.0,Manual,12374,Petrol,145,54.3,1.2
 Crossland X,2020,13995.0,Manual,6,Petrol,150,47.1,1.2
 Crossland X,2019,13691.0,Semi-Auto,15776,Petrol,150,42.2,1.2
 Crossland X,2017,10591.0,Manual,6957,Petrol,150,58.9,1.2
 Crossland X,2019,15495.0,Manual,4963,Diesel,145,60.1,1.5
 Crossland X,2019,11983.0,Manual,19379,Petrol,145,44.8,1.2
 Crossland X,2018,9250.0,Manual,10140,Petrol,145,58.9,1.2
 Crossland X,2017,11499.0,Manual,15721,Petrol,145,57.7,1.2
 Crossland X,2018,9995.0,Manual,22280,Petrol,150,54.3,1.2
 Crossland X,2019,11995.0,Manual,8849,Diesel,145,62.8,1.5
 Crossland X,2020,14499.0,Manual,50,Petrol,145,47.1,1.2
 Crossland X,2019,14000.0,Manual,7251,Diesel,150,60.1,1.5
 Crossland X,2019,12500.0,Manual,9844,Petrol,150,44.8,1.2
 Crossland X,2018,10999.0,Manual,23695,Diesel,145,78.5,1.6
 Crossland X,2020,17950.0,Automatic,39,Petrol,145,44.1,1.2
 Crossland X,2019,14717.0,Manual,662,Petrol,150,47.1,1.2
 Crossland X,2019,15995.0,Automatic,6438,Petrol,145,42.2,1.2
 Crossland X,2019,14400.0,Manual,5650,Petrol,145,47.1,1.2
 Crossland X,2019,12120.0,Manual,14662,Petrol,145,44.8,1.2
 Crossland X,2019,15995.0,Manual,10800,Petrol,150,44.8,1.2
 Crossland X,2019,15950.0,Manual,3782,Diesel,145,60.1,1.5
 Crossland X,2017,10300.0,Manual,15430,Petrol,145,54.3,1.2
 Crossland X,2018,8990.0,Manual,19000,Petrol,145,54.3,1.2
 Crossland X,2019,17499.0,Manual,18,Petrol,145,47.1,1.2
 Crossland X,2019,11300.0,Manual,16064,Petrol,150,47.1,1.2
 Crossland X,2019,15000.0,Manual,10469,Diesel,145,60.1,1.5
 Crossland X,2018,11299.0,Manual,18218,Petrol,145,54.3,1.2
 Crossland X,2020,17994.0,Manual,10,Petrol,150,47.1,1.2
 Crossland X,2020,17994.0,Manual,13,Petrol,150,47.1,1.2
 Crossland X,2018,9995.0,Manual,9642,Petrol,145,44.8,1.2
 Crossland X,2019,19995.0,Automatic,10,Petrol,145,44.1,1.2
 Crossland X,2020,18995.0,Automatic,3,Petrol,145,44.1,1.2
 Crossland X,2020,16990.0,Manual,10,Petrol,145,47.1,1.2
 Crossland X,2020,16990.0,Manual,5,Petrol,145,47.1,1.2
 Crossland X,2017,11738.0,Manual,30000,Diesel,150,70.6,1.6
 Crossland X,2020,16990.0,Manual,4,Petrol,145,47.1,1.2
 Crossland X,2018,10799.0,Manual,10741,Diesel,145,70.6,1.6
 Crossland X,2020,16995.0,Manual,4,Petrol,145,47.1,1.2
 Crossland X,2020,16995.0,Manual,3,Petrol,145,47.1,1.2
 Crossland X,2020,16995.0,Manual,10,Petrol,145,47.1,1.2
 Crossland X,2019,12795.0,Manual,12432,Petrol,145,47.1,1.2
 Crossland X,2019,15995.0,Manual,3275,Petrol,145,47.1,1.2
 Crossland X,2019,14000.0,Manual,1054,Petrol,145,47.1,1.2
 Crossland X,2018,11900.0,Manual,14974,Petrol,145,54.3,1.2
 Crossland X,2018,12300.0,Manual,14389,Petrol,145,44.8,1.2
 Crossland X,2018,12300.0,Manual,4963,Petrol,145,57.7,1.2
 Crossland X,2018,12299.0,Automatic,18666,Petrol,145,52.3,1.2
 Crossland X,2017,11000.0,Manual,16471,Petrol,145,57.7,1.2
 Crossland X,2018,11000.0,Manual,28931,Diesel,145,70.6,1.6
 Crossland X,2019,12699.0,Manual,10143,Petrol,145,44.8,1.2
 Crossland X,2019,11499.0,Manual,14994,Petrol,145,47.1,1.2
 Crossland X,2019,11999.0,Manual,13617,Petrol,145,47.1,1.2
 Crossland X,2019,13300.0,Manual,2019,Petrol,145,44.8,1.2
 Crossland X,2018,9375.0,Manual,32473,Petrol,145,54.3,1.2
 Crossland X,2019,13985.0,Automatic,2439,Petrol,145,44.1,1.2
 Crossland X,2018,9995.0,Manual,11090,Petrol,145,44.8,1.2
 Crossland X,2019,14250.0,Automatic,11815,Petrol,145,42.2,1.2
 Crossland X,2019,12500.0,Manual,15637,Petrol,145,44.8,1.2
 Crossland X,2019,12000.0,Manual,12541,Diesel,145,62.8,1.5
 Crossland X,2019,13199.0,Automatic,1343,Petrol,145,42.2,1.2
 Crossland X,2017,13000.0,Automatic,15454,Petrol,150,52.3,1.2
 Crossland X,2019,12999.0,Manual,2997,Petrol,145,44.8,1.2
 Crossland X,2019,12499.0,Manual,13767,Petrol,145,44.8,1.2
 Crossland X,2018,12999.0,Automatic,22018,Petrol,145,44.8,1.2
 Crossland X,2018,10599.0,Manual,27730,Diesel,145,78.5,1.6
 Crossland X,2018,10799.0,Manual,10253,Diesel,145,78.5,1.6
 Crossland X,2017,10999.0,Manual,31000,Petrol,145,54.3,1.2
 Crossland X,2019,11799.0,Manual,18885,Petrol,145,44.8,1.2
 Crossland X,2020,19799.0,Automatic,1000,Diesel,145,55.4,1.5
 Crossland X,2019,15999.0,Automatic,4488,Petrol,145,44.8,1.2
 Crossland X,2019,11699.0,Manual,15483,Petrol,145,47.1,1.2
 Crossland X,2019,13299.0,Manual,2700,Petrol,145,47.1,1.2
 Crossland X,2019,12000.0,Manual,13527,Petrol,145,44.8,1.2
 Crossland X,2018,10599.0,Manual,18995,Petrol,145,54.3,1.2
 Crossland X,2017,9399.0,Manual,7848,Petrol,145,54.3,1.2
 Crossland X,2018,10999.0,Manual,4184,Petrol,150,44.8,1.2
 Crossland X,2020,14999.0,Manual,5,Petrol,145,47.1,1.2
 Crossland X,2019,13995.0,Automatic,12011,Petrol,150,42.2,1.2
 Crossland X,2019,13995.0,Automatic,12856,Petrol,150,42.2,1.2
 Crossland X,2019,13995.0,Manual,603,Petrol,145,47.1,1.2
 Crossland X,2019,16990.0,Automatic,392,Petrol,150,44.1,1.2
 Crossland X,2017,10290.0,Manual,30737,Petrol,145,57.7,1.2
 Crossland X,2019,12790.0,Manual,7505,Petrol,145,44.8,1.2
 Crossland X,2019,13563.0,Manual,5969,Petrol,145,47.1,1.2
 Crossland X,2018,11490.0,Manual,17000,Diesel,145,62.8,1.5
 Crossland X,2017,10190.0,Manual,33629,Petrol,145,55.4,1.2
 Crossland X,2020,15990.0,Automatic,10,Petrol,145,44.1,1.2
 Crossland X,2018,11790.0,Manual,12069,Petrol,145,58.9,1.2
 Crossland X,2018,11990.0,Manual,16000,Diesel,145,62.8,1.5
 Crossland X,2020,13490.0,Manual,10,Petrol,150,47.1,1.2
 Crossland X,2019,13999.0,Manual,4034,Petrol,145,44.8,1.2
 Crossland X,2020,15299.0,Manual,10,Petrol,145,47.1,1.2
 Crossland X,2018,17999.0,Automatic,4500,Petrol,145,44.8,1.2
 Crossland X,2019,17999.0,Manual,4,Petrol,145,44.8,1.2
 Crossland X,2019,10890.0,Manual,8912,Petrol,145,44.8,1.2
 Crossland X,2017,11499.0,Manual,16448,Petrol,150,58.9,1.2
 Crossland X,2020,13999.0,Manual,10,Diesel,145,60.1,1.5
 Crossland X,2019,11998.0,Manual,22905,Petrol,145,44.8,1.2
 Crossland X,2019,11998.0,Manual,11328,Diesel,145,62.8,1.5
 Crossland X,2019,11998.0,Manual,12065,Diesel,145,62.8,1.5
 Crossland X,2019,10998.0,Manual,15022,Petrol,145,47.1,1.2
 Crossland X,2019,14994.0,Manual,5397,Petrol,145,47.1,1.2
 Crossland X,2019,14994.0,Manual,8,Petrol,145,47.1,1.2
 Crossland X,2019,15500.0,Automatic,5276,Petrol,145,42.2,1.2
 Crossland X,2018,11500.0,Manual,14486,Petrol,145,44.8,1.2
 Crossland X,2019,13494.0,Automatic,16173,Petrol,150,44.8,1.2
 Crossland X,2017,10995.0,Manual,31858,Petrol,145,57.7,1.2
 Crossland X,2019,14495.0,Manual,5007,Petrol,150,47.1,1.2
 Crossland X,2019,15500.0,Manual,2000,Petrol,145,47.1,1.2
 Crossland X,2019,14295.0,Manual,13525,Petrol,150,44.8,1.2
 Crossland X,2019,11995.0,Manual,14465,Petrol,150,44.8,1.2
 Crossland X,2018,12395.0,Manual,10578,Petrol,145,44.8,1.2
 Crossland X,2019,11994.0,Manual,2638,Petrol,145,44.8,1.2
 Crossland X,2019,12495.0,Manual,11027,Petrol,150,47.1,1.2
 Crossland X,2017,8900.0,Manual,31640,Diesel,145,78.5,1.6
 Crossland X,2017,8600.0,Manual,38920,Diesel,145,78.5,1.6
 Crossland X,2019,15995.0,Automatic,1000,Petrol,145,42.2,1.2
 Crossland X,2019,15600.0,Manual,1880,Diesel,145,60.1,1.5
 Crossland X,2019,12900.0,Manual,1001,Diesel,145,78.5,1.6
 Crossland X,2019,13640.0,Manual,4605,Petrol,145,47.1,1.2
 Crossland X,2019,11390.0,Manual,2560,Petrol,145,44.8,1.2
 Crossland X,2018,11998.0,Manual,15970,Diesel,140,78.5,1.6
 Crossland X,2019,11395.0,Manual,2357,Petrol,145,44.8,1.2
 Crossland X,2019,10999.0,Manual,11756,Petrol,145,46.3,1.2
 Crossland X,2019,11951.0,Manual,17452,Petrol,145,44.8,1.2
 Crossland X,2019,12699.0,Manual,2500,Petrol,145,47.1,1.2
 Crossland X,2019,11768.0,Manual,2921,Petrol,145,46.3,1.2
 Crossland X,2019,11799.0,Manual,5396,Petrol,145,47.1,1.2
 Crossland X,2019,12491.0,Manual,11431,Petrol,145,44.8,1.2
 Crossland X,2019,11201.0,Manual,14785,Petrol,145,47.1,1.2
 Crossland X,2019,19490.0,Manual,10,Petrol,145,47.1,1.2
 Crossland X,2019,12050.0,Manual,17257,Petrol,145,44.8,1.2
 Crossland X,2020,11723.0,Manual,3181,Petrol,145,46.3,1.2
 Crossland X,2019,11290.0,Manual,3499,Petrol,145,44.8,1.2
 Crossland X,2019,14490.0,Manual,3013,Petrol,145,44.8,1.2
 Crossland X,2019,11891.0,Manual,5391,Petrol,145,47.1,1.2
 Crossland X,2019,11382.0,Manual,2560,Petrol,145,44.8,1.2
 Crossland X,2019,11390.0,Manual,2357,Petrol,145,44.8,1.2
 Crossland X,2019,12166.0,Manual,11764,Petrol,145,44.8,1.2
 Crossland X,2019,12272.0,Manual,10056,Petrol,145,44.8,1.2
 Crossland X,2018,10395.0,Manual,11700,Petrol,145,54.3,1.2
 Crossland X,2018,14495.0,Manual,6306,Diesel,140,78.5,1.6
 Crossland X,2019,11142.0,Manual,5010,Diesel,145,78.5,1.6
 Crossland X,2019,16995.0,Manual,5553,Diesel,145,55.4,1.5
 Crossland X,2019,14495.0,Manual,5609,Petrol,145,47.1,1.2
 Crossland X,2019,14294.0,Manual,8971,Petrol,145,44.8,1.2
 Crossland X,2019,10990.0,Manual,12247,Petrol,145,47.1,1.2
 Crossland X,2018,13000.0,Automatic,13000,Petrol,145,44.8,1.2
 Crossland X,2020,12122.0,Manual,2060,Petrol,145,46.3,1.2
 Zafira,2017,9990.0,Manual,39000,Petrol,200,42.2,1.4
 Zafira,2010,2999.0,Manual,87263,Petrol,200,42.2,1.6
 Zafira,2016,10995.0,Manual,12532,Petrol,200,42.2,1.4
 Zafira,2017,11998.0,Manual,18587,Petrol,145,41.5,1.4
 Zafira,2016,11298.0,Automatic,19580,Petrol,200,40.9,1.4
 Zafira,2017,10998.0,Manual,30890,Petrol,150,41.5,1.4
 Zafira,2017,9790.0,Manual,38000,Petrol,200,42.2,1.4
 Zafira,2016,9790.0,Automatic,45000,Petrol,205,40.9,1.4
 Zafira,2016,9790.0,Manual,26000,Petrol,205,42.2,1.4
 Zafira,2016,10798.0,Manual,15323,Petrol,200,42.2,1.4
 Zafira,2016,11698.0,Automatic,22938,Petrol,200,40.9,1.4
 Zafira,2017,12495.0,Manual,15757,Petrol,205,41.5,1.4
 Zafira,2017,10498.0,Manual,39746,Petrol,145,41.5,1.4
 Zafira,2017,11995.0,Manual,12615,Petrol,200,41.5,1.4
 Zafira,2017,10998.0,Manual,24837,Petrol,150,41.5,1.4
 Zafira,2017,10998.0,Manual,13622,Petrol,200,42.2,1.4
 Zafira,2016,9695.0,Manual,39000,Diesel,20,68.9,1.6
 Zafira,2016,8985.0,Manual,56047,Diesel,20,68.9,1.6
 Zafira,2017,13998.0,Automatic,7854,Petrol,145,41.5,1.4
 Zafira,2017,12298.0,Manual,13566,Petrol,145,41.5,1.4
 Zafira,2017,12798.0,Manual,6471,Petrol,200,41.5,1.4
 Zafira,2017,11298.0,Manual,19964,Petrol,145,41.5,1.4
 Zafira,2017,11498.0,Manual,12784,Petrol,200,42.2,1.4
 Zafira,2016,9798.0,Manual,19847,Petrol,200,42.2,1.4
 Zafira,2017,11298.0,Manual,8504,Petrol,205,41.5,1.4
 Zafira,2017,10998.0,Manual,22117,Petrol,145,43.0,1.4
 Zafira,2016,10698.0,Manual,11202,Petrol,200,42.2,1.4
 Zafira,2017,11498.0,Manual,33638,Petrol,145,41.5,1.4
 Zafira,2016,11100.0,Manual,19930,Petrol,200,42.2,1.4
 Zafira,2017,11698.0,Manual,27601,Petrol,200,41.5,1.4
 Zafira,2016,10698.0,Manual,17251,Petrol,200,42.2,1.4
 Zafira,2016,11298.0,Manual,8244,Petrol,200,42.2,1.4
 Zafira,2016,11498.0,Manual,11951,Petrol,200,42.2,1.4
 Zafira,2017,11498.0,Manual,12421,Petrol,145,41.5,1.4
 Zafira,2016,10998.0,Manual,17831,Petrol,200,42.2,1.4
 Zafira,2016,10998.0,Manual,10949,Petrol,200,42.2,1.4
 Zafira,2017,10998.0,Manual,11993,Petrol,205,42.2,1.4
 Zafira,2014,4420.0,Manual,81010,Petrol,235,39.2,1.8
 Zafira,2015,6998.0,Manual,50472,Petrol,205,43.0,1.4
 Zafira,2015,8998.0,Manual,25966,Petrol,200,42.2,1.4
 Zafira,2016,10998.0,Manual,14961,Petrol,200,42.2,1.4
 Zafira,2017,11500.0,Manual,27624,Diesel,150,62.8,1.6
 Zafira,2017,11998.0,Manual,5881,Petrol,200,41.5,1.4
 Zafira,2016,11998.0,Automatic,11158,Petrol,205,40.9,1.4
 Zafira,2017,11498.0,Manual,17057,Petrol,150,41.5,1.4
 Zafira,2017,11500.0,Manual,27624,Diesel,145,62.8,1.6
 Zafira,2017,11698.0,Manual,22314,Petrol,200,41.5,1.4
 Zafira,2016,9998.0,Manual,28306,Petrol,200,42.2,1.4
 Zafira,2017,10600.0,Manual,29603,Petrol,200,42.2,1.4
 Zafira,2015,6998.0,Manual,55720,Petrol,205,42.2,1.4
 Zafira,2014,7298.0,Manual,41857,Diesel,150,55.4,2.0
 Zafira,2016,10998.0,Manual,19622,Petrol,200,42.2,1.4
 Zafira,2016,9998.0,Manual,32137,Petrol,200,42.2,1.4
 Zafira,2016,11140.0,Manual,5327,Petrol,200,42.2,1.4
 Zafira,2018,11630.0,Manual,22529,Petrol,145,41.5,1.4
 Zafira,2015,8450.0,Manual,25109,Diesel,145,55.4,2.0
 Zafira,2018,12298.0,Manual,22381,Petrol,150,41.5,1.4
 Zafira,2016,11295.0,Manual,23078,Petrol,200,42.2,1.4
 Zafira,2017,11698.0,Manual,16043,Petrol,145,41.5,1.4
 Zafira,2017,11250.0,Manual,15109,Petrol,200,41.5,1.4
 Zafira,2016,11498.0,Manual,11483,Petrol,200,42.2,1.4
 Zafira,2017,12498.0,Manual,4566,Petrol,200,41.5,1.4
 Zafira,2017,10998.0,Manual,19215,Petrol,145,41.5,1.4
 Zafira,2017,13698.0,Automatic,6310,Petrol,200,40.9,1.4
 Zafira,2016,10998.0,Manual,18555,Petrol,200,42.2,1.4
 Zafira,2016,10998.0,Manual,13481,Petrol,200,42.2,1.4
 Zafira,2017,10998.0,Manual,20482,Petrol,200,42.2,1.4
 Zafira,2016,12998.0,Automatic,13970,Petrol,200,40.9,1.4
 Zafira,2017,11998.0,Manual,4781,Petrol,200,42.2,1.4
 Zafira,2016,12498.0,Automatic,11862,Petrol,200,40.9,1.4
 Zafira,2013,7495.0,Manual,38000,Diesel,150,54.3,2.0
 Zafira,2017,11298.0,Manual,25252,Petrol,145,41.5,1.4
 Zafira,2017,10998.0,Manual,24795,Petrol,150,41.5,1.4
 Zafira,2016,9970.0,Manual,20888,Petrol,200,42.2,1.4
 Zafira,2017,9998.0,Manual,17661,Petrol,205,41.5,1.4
 Zafira,2017,11998.0,Manual,16699,Petrol,145,41.5,1.4
 Zafira,2017,11998.0,Automatic,16923,Petrol,200,40.9,1.4
 Zafira,2016,7698.0,Manual,44313,Petrol,205,42.2,1.4
 Zafira,2016,10267.0,Manual,14985,Petrol,200,42.2,1.4
 Zafira,2014,6900.0,Manual,61974,Diesel,145,55.4,2.0
 Zafira,2014,6195.0,Automatic,69531,Diesel,200,48.7,2.0
 Zafira,2016,9995.0,Manual,41800,Diesel,150,54.3,2.0
 Zafira,2015,8495.0,Manual,38986,Diesel,145,55.4,2.0
 Zafira,2015,7750.0,Manual,34446,Petrol,200,43.0,1.4
 Zafira,2016,9395.0,Automatic,48829,Diesel,200,46.3,2.0
 Zafira,2017,10995.0,Manual,17804,Petrol,200,41.5,1.4
 Zafira,2017,10995.0,Manual,26803,Petrol,205,42.2,1.4
 Zafira,2016,9995.0,Manual,38110,Diesel,30,62.7,1.6
 Zafira,2017,11995.0,Manual,28327,Petrol,145,41.5,1.4
 Zafira,2018,13995.0,Manual,22500,Petrol,145,41.5,1.4
 Zafira,2017,10298.0,Manual,42783,Petrol,200,41.5,1.4
 Zafira,2017,10790.0,Manual,28247,Petrol,200,41.5,1.4
 Zafira,2017,11598.0,Manual,31521,Petrol,145,41.5,1.4
 Zafira,2013,5999.0,Manual,26267,Petrol,200,42.2,1.6
 Zafira,2017,8298.0,Manual,88980,Petrol,200,41.5,1.4
 Zafira,2017,11740.0,Manual,22749,Diesel,145,62.8,1.6
 Zafira,2016,8495.0,Manual,33145,Petrol,200,42.2,1.4
 Zafira,2016,8495.0,Manual,37000,Petrol,200,43.0,1.4
 Zafira,2015,7289.0,Manual,57586,Petrol,205,42.2,1.4
 Zafira,2017,12570.0,Manual,25859,Petrol,205,41.5,1.4
 Zafira,2017,12798.0,Manual,11304,Petrol,205,41.5,1.4
 Zafira,2017,10490.0,Manual,24234,Petrol,200,41.5,1.4
 Zafira,2017,11971.0,Manual,19798,Petrol,145,41.5,1.4
 Zafira,2016,11611.0,Automatic,22085,Petrol,200,40.9,1.4
 Zafira,2015,5998.0,Manual,78754,Diesel,150,55.4,2.0
 Zafira,2016,10498.0,Manual,28104,Petrol,200,42.2,1.4
 Zafira,2016,9250.0,Manual,26809,Diesel,20,68.9,1.6
 Zafira,2016,10591.0,Manual,24200,Petrol,200,42.2,1.4
 Zafira,2016,9999.0,Manual,42929,Petrol,200,42.2,1.4
 Zafira,2014,9498.0,Automatic,20683,Diesel,200,48.7,2.0
 Zafira,2016,9799.0,Manual,26748,Petrol,200,42.2,1.4
 Zafira,2016,10270.0,Manual,20972,Petrol,200,42.2,1.4
 Zafira,2016,10100.0,Automatic,47007,Petrol,200,40.9,1.4
 Zafira,2016,9906.0,Manual,19259,Petrol,200,42.2,1.4
 Zafira,2017,12686.0,Automatic,20702,Petrol,205,40.9,1.4
 Zafira,2017,10998.0,Manual,22254,Petrol,205,42.2,1.4
 Zafira,2017,10870.0,Manual,29613,Petrol,145,41.5,1.4
 Zafira,2017,11498.0,Manual,14589,Petrol,145,41.5,1.4
 Zafira,2017,12298.0,Automatic,10157,Petrol,200,40.9,1.4
 Zafira,2016,12298.0,Automatic,5156,Petrol,200,40.9,1.4
 Zafira,2016,10298.0,Manual,14603,Petrol,200,42.2,1.4
 Zafira,2017,12498.0,Automatic,12154,Petrol,200,40.9,1.4
 Zafira,2017,11298.0,Manual,14045,Petrol,200,41.5,1.4
 Zafira,2017,10230.0,Manual,30879,Petrol,200,41.5,1.4
 Zafira,2017,11998.0,Manual,13318,Petrol,150,41.5,1.4
 Zafira,2017,13498.0,Automatic,8963,Petrol,205,40.9,1.4
 Zafira,2014,5298.0,Manual,38849,Petrol,240,39.2,1.8
 Zafira,2016,10498.0,Manual,14339,Petrol,200,42.2,1.4
 Zafira,2016,10850.0,Manual,18838,Petrol,200,42.2,1.4
 Zafira,2017,12570.0,Automatic,13233,Petrol,200,40.9,1.4
 Zafira,2015,8580.0,Manual,36467,Diesel,20,68.9,1.6
 Zafira,2017,11710.0,Manual,8925,Petrol,200,41.5,1.4
 Zafira,2017,11998.0,Manual,33123,Diesel,145,62.8,1.6
 Zafira,2017,10998.0,Manual,33610,Petrol,145,41.5,1.4
 Zafira,2017,10798.0,Manual,23325,Petrol,145,41.5,1.4
 Zafira,2016,11998.0,Automatic,16902,Petrol,200,40.9,1.4
 Zafira,2016,10955.0,Manual,35224,Diesel,20,68.9,1.6
 Zafira,2016,10170.0,Manual,19022,Petrol,200,42.2,1.4
 Zafira,2016,8310.0,Manual,49276,Diesel,30,62.7,1.6
 Zafira,2014,6991.0,Manual,61567,Diesel,145,53.3,2.0
 Zafira,2017,11495.0,Manual,16144,Petrol,200,42.2,1.4
 Zafira,2017,10695.0,Manual,29688,Petrol,200,42.2,1.4
 Zafira,2017,12999.0,Manual,17686,Petrol,145,41.5,1.4
 Zafira,2013,7100.0,Manual,68185,Diesel,145,55.4,2.0
 Zafira,2015,9075.0,Manual,27817,Petrol,205,42.2,1.4
 Zafira,2014,7000.0,Manual,53029,Diesel,145,55.4,2.0
 Zafira,2016,10798.0,Manual,25328,Petrol,200,42.2,1.4
 Zafira,2017,10998.0,Manual,24675,Petrol,150,41.5,1.4
 Zafira,2017,10998.0,Manual,30017,Petrol,205,41.5,1.4
 Zafira,2018,13399.0,Manual,11939,Petrol,145,41.5,1.4
 Zafira,2016,10590.0,Manual,7399,Petrol,200,42.2,1.4
 Zafira,2017,10499.0,Manual,22676,Petrol,200,41.5,1.4
 Zafira,2017,10998.0,Manual,31423,Petrol,205,41.5,1.4
 Zafira,2013,4798.0,Manual,52079,Petrol,240,39.2,1.8
 Zafira,2016,8867.0,Manual,32564,Petrol,200,42.2,1.4
 Zafira,2016,10298.0,Manual,27440,Petrol,200,42.2,1.4
 Zafira,2017,10701.0,Manual,30000,Petrol,150,41.5,1.4
 Zafira,2016,10227.0,Manual,16088,Petrol,200,42.2,1.4
 Zafira,2017,11498.0,Manual,23423,Petrol,200,42.2,1.4
 Zafira,2016,10998.0,Manual,15498,Petrol,200,42.2,1.4
 Zafira,2017,9498.0,Manual,56727,Petrol,205,41.5,1.4
 Zafira,2016,10101.0,Automatic,31875,Diesel,200,46.3,2.0
 Zafira,2017,12498.0,Manual,28218,Petrol,205,41.5,1.4
 Zafira,2018,11899.0,Manual,15887,Petrol,145,41.5,1.4
 Zafira,2017,11394.0,Manual,17793,Petrol,200,41.5,1.4
 Zafira,2017,13000.0,Automatic,7114,Petrol,200,40.9,1.4
 Zafira,2017,10163.0,Manual,24461,Petrol,200,42.2,1.4
 Zafira,2017,10179.0,Manual,41529,Petrol,200,42.2,1.4
 Zafira,2016,9894.0,Manual,21753,Petrol,200,42.2,1.4
 Zafira,2017,10891.0,Manual,11374,Petrol,205,42.2,1.4
 Zafira,2017,10159.0,Manual,28657,Petrol,200,42.2,1.4
 Zafira,2017,10592.0,Manual,32255,Petrol,200,41.5,1.4
 Zafira,2017,10500.0,Manual,51959,Diesel,30,62.8,1.6
 Zafira,2018,12190.0,Manual,15866,Petrol,145,41.5,1.4
 Zafira,2015,8995.0,Manual,33157,Petrol,200,42.2,1.4
 Zafira,2016,10995.0,Manual,9065,Petrol,200,42.2,1.4
 Zafira,2017,10798.0,Manual,29831,Petrol,145,41.5,1.4
 Zafira,2017,11000.0,Manual,5160,Petrol,200,42.2,1.4
 Zafira,2014,6755.0,Manual,18798,Petrol,235,39.2,1.8
 Zafira,2017,11152.0,Manual,9527,Petrol,200,41.5,1.4
 Zafira,2015,7913.0,Manual,47682,Diesel,145,53.3,2.0
 Zafira,2016,11498.0,Manual,9295,Petrol,205,42.2,1.4
 Zafira,2017,10998.0,Manual,18954,Petrol,200,41.5,1.4
 Zafira,2017,11998.0,Manual,6318,Petrol,200,41.5,1.4
 Zafira,2017,10299.0,Manual,25401,Petrol,200,42.2,1.4
 Zafira,2017,11499.0,Manual,13835,Petrol,200,42.2,1.4
 Zafira,2016,11898.0,Automatic,37008,Diesel,200,46.3,2.0
 Zafira,2016,12422.0,Manual,13857,Diesel,30,62.8,1.6
 Zafira,2016,7595.0,Manual,59064,Petrol,200,42.2,1.4
 Zafira,2016,9698.0,Automatic,27939,Petrol,235,39.2,1.4
 Zafira,2016,9998.0,Manual,22137,Petrol,200,42.2,1.4
 Zafira,2017,13498.0,Automatic,1833,Petrol,150,40.9,1.4
 Zafira,2017,12995.0,Manual,4128,Petrol,150,41.5,1.4
 Zafira,2015,8995.0,Manual,23389,Petrol,205,43.0,1.4
 Zafira,2016,10670.0,Manual,12395,Petrol,200,42.2,1.4
 Zafira,2013,6330.0,Manual,65019,Diesel,145,55.4,2.0
 Zafira,2018,13998.0,Manual,9738,Petrol,145,41.5,1.4
 Zafira,2017,10499.0,Manual,26044,Petrol,200,41.5,1.4
 Zafira,2014,9250.0,Automatic,30000,Diesel,165,49.6,2.0
 Zafira,2017,11691.0,Manual,18261,Petrol,205,43.0,1.4
 Zafira,2017,11690.0,Manual,16746,Petrol,200,41.5,1.4
 Zafira,2016,11480.0,Manual,26000,Diesel,145,54.3,2.0
 Zafira,2016,8430.0,Manual,49809,Diesel,20,68.9,1.6
 Zafira,2016,9264.0,Manual,18770,Petrol,200,42.2,1.4
 Zafira,2017,11980.0,Manual,6912,Petrol,145,41.5,1.4
 Zafira,2016,10810.0,Manual,19731,Petrol,200,42.2,1.4
 Zafira,2016,10307.0,Manual,20546,Petrol,200,42.2,1.4
 Zafira,2016,9760.0,Manual,23163,Petrol,200,42.2,1.4
 Zafira,2016,10817.0,Automatic,23091,Petrol,200,40.9,1.4
 Zafira,2016,11695.0,Manual,15797,Petrol,200,42.2,1.4
 Zafira,2017,11130.0,Manual,21924,Petrol,200,41.5,1.4
 Zafira,2017,11998.0,Automatic,10773,Petrol,200,40.9,1.4
 Zafira,2016,8991.0,Manual,26873,Petrol,200,42.2,1.4
 Zafira,2016,13450.0,Automatic,9691,Petrol,205,40.9,1.4
 Zafira,2016,10290.0,Manual,19535,Petrol,200,42.2,1.4
 Zafira,2013,8499.0,Automatic,44514,Diesel,200,48.7,2.0
 Zafira,2016,12161.0,Manual,30788,Diesel,145,54.3,2.0
 Zafira,2017,10995.0,Manual,18578,Petrol,200,41.5,1.4
 Zafira,2014,7488.0,Manual,58757,Petrol,205,43.0,1.4
 Zafira,2015,9300.0,Manual,26911,Diesel,150,54.3,2.0
 Zafira,2017,11990.0,Manual,8503,Petrol,145,41.5,1.4
 Zafira,2017,12495.0,Manual,20493,Petrol,200,42.2,1.4
 Zafira,2017,10580.0,Manual,32272,Petrol,145,41.5,1.4
 Zafira,2016,9310.0,Manual,28803,Petrol,200,42.2,1.4
 Zafira,2016,10782.0,Manual,27819,Petrol,200,42.2,1.4
 Zafira,2016,9974.0,Manual,26139,Petrol,200,42.2,1.4
 Zafira,2017,13314.0,Automatic,12796,Petrol,200,40.9,1.4
 Zafira,2017,13999.0,Manual,21785,Petrol,145,41.5,1.4
 Zafira,2016,10000.0,Manual,10763,Petrol,205,42.2,1.4
 Zafira,2017,11500.0,Manual,26535,Petrol,200,41.5,1.4
 Zafira,2017,13000.0,Manual,5643,Petrol,200,41.5,1.4
 Zafira,2017,14999.0,Automatic,21112,Petrol,145,40.9,1.4
 Zafira,2017,14299.0,Manual,17527,Petrol,145,41.5,1.4
 Zafira,2016,11695.0,Manual,12371,Petrol,200,42.2,1.4
 Zafira,2017,13150.0,Manual,21583,Petrol,145,41.5,1.4
 Zafira,2017,10050.0,Manual,32898,Petrol,145,41.5,1.4
 Zafira,2016,10250.0,Manual,27029,Petrol,200,42.2,1.4
 Zafira,2016,10160.0,Manual,16662,Petrol,200,42.2,1.4
 Zafira,2015,10440.0,Automatic,12396,Diesel,200,46.3,2.0
 Zafira,2016,11795.0,Manual,14284,Petrol,200,42.2,1.4
 Zafira,2017,11736.0,Manual,20530,Petrol,200,41.5,1.4
 Zafira,2017,11812.0,Manual,22305,Petrol,205,41.5,1.4
 Zafira,2017,11287.0,Manual,41297,Petrol,205,41.5,1.4
 Zafira,2017,11900.0,Manual,27130,Petrol,200,41.5,1.4
 Zafira,2017,12298.0,Manual,3072,Petrol,205,42.2,1.4
 Zafira,2017,11698.0,Manual,17636,Petrol,205,42.2,1.4
 Zafira,2017,11998.0,Manual,12195,Petrol,205,41.5,1.4
 Zafira,2017,10998.0,Manual,22282,Petrol,200,41.5,1.4
 Zafira,2014,5998.0,Manual,68628,Petrol,240,39.2,1.8
 Zafira,2017,9899.0,Manual,49324,Petrol,205,41.5,1.4
 Zafira,2013,4001.0,Manual,81884,Petrol,205,42.2,1.6
 Zafira,2016,9000.0,Manual,66329,Petrol,205,42.2,1.4
 Zafira,2016,9933.0,Manual,16976,Petrol,200,42.2,1.4
 Zafira,2016,9990.0,Manual,20259,Petrol,200,42.2,1.4
 Zafira,2017,11000.0,Manual,29057,Petrol,200,42.2,1.4
 Zafira,2014,6000.0,Manual,82777,Diesel,150,53.3,2.0
 Zafira,2016,11750.0,Manual,9066,Petrol,200,42.2,1.4
 Zafira,2016,10631.0,Manual,31011,Petrol,200,42.2,1.4
 Zafira,2016,9200.0,Manual,17465,Petrol,200,42.2,1.4
 Zafira,2013,4391.0,Manual,60316,Petrol,205,42.2,1.6
 Zafira,2013,7391.0,Automatic,35811,Diesel,200,47.1,2.0
 Zafira,2015,9000.0,Automatic,48857,Petrol,235,39.2,1.4
 Zafira,2017,10798.0,Manual,29133,Petrol,145,41.5,1.4
 Zafira,2017,11298.0,Manual,21736,Petrol,200,41.5,1.4
 Zafira,2016,11998.0,Manual,7242,Petrol,200,42.2,1.4
 Zafira,2017,11599.0,Manual,33399,Petrol,205,41.5,1.4
 Zafira,2016,9798.0,Manual,30564,Petrol,200,42.2,1.4
 Zafira,2017,12698.0,Automatic,22701,Petrol,200,40.9,1.4
 Zafira,2014,7191.0,Manual,47238,Diesel,145,55.4,2.0
 Zafira,2016,12798.0,Automatic,8074,Petrol,200,40.9,1.4
 Zafira,2017,11962.0,Manual,18258,Petrol,200,42.2,1.4
 Zafira,2017,11495.0,Manual,11908,Petrol,200,42.2,1.4
 Zafira,2017,10998.0,Manual,19881,Petrol,200,42.2,1.4
 Zafira,2018,12191.0,Manual,12019,Petrol,145,41.5,1.4
 Zafira,2017,12998.0,Automatic,19503,Petrol,205,40.9,1.4
 Zafira,2017,10998.0,Manual,30524,Petrol,145,41.5,1.4
 Zafira,2017,10998.0,Automatic,55853,Petrol,150,40.9,1.4
 Zafira,2017,11550.0,Manual,6104,Petrol,200,42.2,1.4
 Zafira,2017,12200.0,Manual,14718,Petrol,200,41.5,1.4
 Zafira,2017,10498.0,Manual,29209,Petrol,200,42.2,1.4
 Zafira,2016,10998.0,Manual,15220,Petrol,200,42.2,1.4
 Zafira,2016,10498.0,Manual,23278,Petrol,200,42.2,1.4
 Zafira,2016,12998.0,Automatic,11963,Petrol,200,40.9,1.4
 Zafira,2017,11698.0,Manual,22430,Petrol,150,41.5,1.4
 Zafira,2017,12110.0,Automatic,15789,Petrol,200,40.9,1.4
 Zafira,2016,10497.0,Manual,37050,Diesel,20,68.9,1.6
 Zafira,2017,10170.0,Manual,43457,Petrol,200,42.2,1.4
 Zafira,2017,10630.0,Manual,30728,Petrol,200,41.5,1.4
 Zafira,2016,12884.0,Automatic,18415,Petrol,200,40.9,1.4
 Zafira,2015,10797.0,Automatic,10234,Diesel,200,46.3,2.0
 Zafira,2016,11999.0,Manual,6881,Petrol,200,42.2,1.4
 Zafira,2017,11999.0,Manual,31608,Petrol,145,41.5,1.4
 Zafira,2016,10699.0,Manual,9250,Petrol,200,42.2,1.4
 Zafira,2017,12800.0,Manual,7708,Petrol,200,41.5,1.4
 Zafira,2017,9489.0,Manual,49958,Petrol,205,42.2,1.4
 Zafira,2015,8796.0,Manual,38265,Diesel,150,55.4,2.0
 Zafira,2017,10491.0,Manual,24084,Petrol,145,41.5,1.4
 Zafira,2014,7691.0,Manual,46782,Petrol,205,42.8,1.4
 Zafira,2016,11491.0,Manual,23063,Petrol,200,42.2,1.4
 Zafira,2017,10490.0,Manual,19935,Petrol,145,41.5,1.4
 Zafira,2017,10347.0,Manual,29172,Petrol,205,41.5,1.4
 Zafira,2017,10000.0,Manual,48560,Petrol,200,42.2,1.4
 Zafira,2017,10450.0,Manual,23767,Petrol,205,42.2,1.4
 Zafira,2017,11495.0,Manual,19664,Petrol,150,41.5,1.4
 Zafira,2016,9999.0,Manual,37737,Petrol,200,42.2,1.4
 Zafira,2017,12417.0,Manual,7169,Petrol,150,41.5,1.4
 Zafira,2016,10471.0,Manual,17963,Petrol,200,42.2,1.4
 Zafira,2016,9999.0,Manual,36814,Petrol,200,42.2,1.4
 Zafira,2017,10700.0,Manual,26456,Petrol,205,42.2,1.4
 Zafira,2017,9750.0,Manual,47017,Petrol,200,42.2,1.4
 Zafira,2017,10976.0,Manual,16602,Petrol,200,42.2,1.4
 Zafira,2016,10850.0,Manual,12310,Petrol,205,42.2,1.4
 Zafira,2017,13000.0,Automatic,37183,Diesel,200,46.3,2.0
 Zafira,2017,12599.0,Manual,9969,Petrol,145,41.5,1.4
 Zafira,2017,12000.0,Manual,10883,Petrol,200,42.2,1.4
 Zafira,2016,11250.0,Manual,27051,Petrol,200,42.2,1.4
 Zafira,2017,14000.0,Manual,18469,Diesel,145,54.3,2.0
 Zafira,2016,10591.0,Manual,25857,Petrol,205,43.0,1.4
 Zafira,2014,5395.0,Manual,44395,Petrol,240,39.2,1.8
 Zafira,2017,11434.0,Manual,11434,Petrol,205,41.5,1.4
 Zafira,2017,10991.0,Manual,37333,Petrol,150,41.5,1.4
 Zafira,2014,7291.0,Manual,58464,Diesel,145,55.4,2.0
 Zafira,2016,10992.0,Manual,12421,Petrol,200,42.2,1.4
 Zafira,2016,9491.0,Automatic,45013,Petrol,240,39.2,1.4
 Zafira,2017,10492.0,Manual,22773,Petrol,200,41.5,1.4
 Zafira,2017,9991.0,Manual,34496,Petrol,205,41.5,1.4
 Zafira,2016,10600.0,Manual,19263,Petrol,200,42.2,1.4
 Zafira,2016,11290.0,Manual,9941,Petrol,200,42.2,1.4
 Zafira,2017,11200.0,Manual,19664,Petrol,145,41.5,1.4
 Zafira,2017,12250.0,Manual,9867,Petrol,200,42.2,1.4
 Zafira,2016,10000.0,Manual,25857,Petrol,200,43.0,1.4
 Zafira,2017,10000.0,Manual,23767,Petrol,200,42.2,1.4
 Zafira,2014,5296.0,Manual,43000,Diesel,150,55.4,1.7
 Zafira,2017,12366.0,Automatic,17205,Petrol,205,40.9,1.4
 Zafira,2017,12595.0,Automatic,30564,Petrol,145,40.9,1.4
 Zafira,2017,9995.0,Manual,43833,Petrol,200,41.5,1.4
 Zafira,2017,11500.0,Manual,28464,Petrol,200,41.5,1.4
 Zafira,2017,11507.0,Manual,22964,Petrol,145,41.5,1.4
 Zafira,2016,9000.0,Manual,37700,Diesel,30,62.7,1.6
 Zafira,2016,10900.0,Manual,16498,Petrol,205,42.2,1.4
 Zafira,2017,11900.0,Manual,18562,Petrol,205,41.5,1.4
 Zafira,2017,11400.0,Manual,26969,Petrol,200,41.5,1.4
 Zafira,2015,8300.0,Automatic,43823,Diesel,200,46.3,2.0
 Zafira,2017,10600.0,Manual,28423,Petrol,200,42.2,1.4
 Zafira,2017,10798.0,Manual,26231,Petrol,200,41.5,1.4
 Zafira,2014,7990.0,Manual,42932,Petrol,200,42.8,1.4
 Zafira,2016,10990.0,Manual,33603,Petrol,200,42.2,1.4
 Zafira,2016,11590.0,Manual,9941,Petrol,200,42.2,1.4
 Zafira,2017,12250.0,Manual,11202,Petrol,200,42.2,1.4
 Zafira,2016,9491.0,Manual,26436,Petrol,205,42.2,1.4
 Zafira,2015,7999.0,Manual,46041,Petrol,200,42.2,1.4
 Zafira,2017,12490.0,Manual,24263,Petrol,200,42.2,1.4
 Zafira,2017,11295.0,Manual,31900,Petrol,200,42.2,1.4
 Zafira,2017,10995.0,Manual,50500,Diesel,145,62.8,1.6
 Zafira,2017,11295.0,Manual,32255,Petrol,145,41.5,1.4
 Zafira,2017,13500.0,Automatic,8785,Petrol,200,40.9,1.4
 Zafira,2014,4995.0,Manual,49853,Petrol,235,39.2,1.8
 Zafira,2017,10979.0,Manual,33022,Petrol,200,42.2,1.4
 Zafira,2016,10795.0,Manual,20619,Petrol,200,42.2,1.4
 Zafira,2016,8100.0,Manual,46440,Diesel,20,68.9,1.6
 Zafira,2017,10990.0,Manual,28411,Petrol,145,41.5,1.4
 Zafira,2016,9690.0,Manual,43961,Petrol,205,42.2,1.4
 Zafira,2017,9890.0,Manual,52142,Petrol,205,41.5,1.4
 Zafira,2017,12642.0,Manual,13153,Petrol,145,41.5,1.4
 Zafira,2016,10191.0,Manual,26793,Petrol,200,42.2,1.4
 Zafira,2016,11495.0,Manual,6500,Petrol,200,42.2,1.4
 Zafira,2017,10820.0,Manual,32074,Petrol,200,42.2,1.4
 Zafira,2016,9930.0,Manual,31734,Petrol,200,42.2,1.4
 Zafira,2016,10491.0,Manual,37385,Petrol,200,42.2,1.4
 Zafira,2017,9970.0,Manual,32787,Petrol,200,41.5,1.4
 Zafira,2013,5999.0,Manual,76954,Diesel,150,53.3,2.0
 Zafira,2016,9999.0,Manual,35954,Petrol,200,42.2,1.4
 Zafira,2017,9490.0,Manual,59551,Petrol,200,42.2,1.4
 Zafira,2017,10490.0,Manual,49958,Petrol,200,42.2,1.4
 Zafira,2018,13995.0,Manual,14000,Petrol,150,41.5,1.4
 Zafira,2016,9499.0,Automatic,39471,Petrol,235,39.2,1.4
 Zafira,2017,9999.0,Manual,52221,Petrol,200,41.5,1.4
 Zafira,2016,10499.0,Manual,43961,Petrol,200,42.2,1.4
 Zafira,2016,10000.0,Manual,34353,Petrol,200,42.2,1.4
 Zafira,2018,16495.0,Automatic,3000,Petrol,145,40.9,1.4
 Zafira,2015,8995.0,Manual,25000,Petrol,205,42.2,1.4
 Zafira,2016,11995.0,Manual,21600,Petrol,200,42.2,1.4
 Zafira,2016,10599.0,Manual,46990,Petrol,200,42.2,1.4
 Zafira,2017,11540.0,Automatic,28667,Petrol,145,40.9,1.4
 Zafira,2017,10941.0,Manual,33917,Petrol,145,41.5,1.4
 Zafira,2017,13995.0,Automatic,6802,Petrol,200,40.9,1.4
 Zafira,2017,10495.0,Manual,46191,Petrol,200,42.2,1.4
 Zafira,2016,10995.0,Manual,35601,Petrol,200,42.2,1.4
 Zafira,2018,13995.0,Manual,15762,Petrol,145,41.5,1.4
 Zafira,2017,11995.0,Manual,18450,Petrol,200,42.2,1.4
 Zafira,2013,6499.0,Manual,53103,Diesel,145,55.4,2.0
 Zafira,2016,11299.0,Automatic,42632,Petrol,200,40.9,1.4
 Zafira,2018,15990.0,Automatic,2000,Petrol,145,40.9,1.4
 Zafira,2017,10799.0,Manual,37466,Petrol,200,42.2,1.4
 Zafira,2016,9999.0,Manual,45372,Petrol,200,42.2,1.4
 Zafira,2017,11799.0,Automatic,49956,Petrol,200,40.9,1.4
 Zafira,2017,10499.0,Manual,46527,Petrol,200,42.2,1.4
 Zafira,2016,9995.0,Automatic,28700,Petrol,235,39.2,1.4
 Zafira,2017,13000.0,Automatic,14913,Petrol,200,40.9,1.4
 Zafira,2016,10295.0,Manual,38883,Petrol,200,42.2,1.4
 Zafira,2015,10695.0,Automatic,43450,Diesel,205,46.3,2.0
 Zafira,2014,6399.0,Manual,72300,Petrol,205,43.0,1.4
 Zafira,2015,7775.0,Manual,36368,Petrol,205,42.2,1.4
 Zafira,2017,12395.0,Automatic,39100,Petrol,145,40.9,1.4
 Zafira,2017,12999.0,Manual,23243,Petrol,145,41.5,1.4
 Zafira,2017,11499.0,Manual,9415,Petrol,200,42.2,1.4
 Zafira,2016,11736.0,Automatic,22259,Petrol,200,40.9,1.4
 Zafira,2013,7175.0,Manual,41974,Petrol,200,42.8,1.4
 Zafira,2015,8610.0,Manual,35183,Petrol,200,42.2,1.4
 Zafira,2016,10495.0,Automatic,19442,Diesel,205,46.3,2.0
 Zafira,2016,8690.0,Manual,40538,Petrol,205,42.2,1.4
 Zafira,2016,10290.0,Automatic,32069,Petrol,200,40.9,1.4
 Zafira,2016,7990.0,Manual,52311,Petrol,205,42.2,1.4
 Zafira,2017,11895.0,Manual,31410,Petrol,145,41.5,1.4
 Zafira,2017,11990.0,Automatic,31544,Petrol,150,40.9,1.4
 Zafira,2016,10495.0,Manual,38354,Petrol,200,42.2,1.4
 Zafira,2017,12295.0,Manual,18346,Petrol,200,41.5,1.4
 Zafira,2017,13400.0,Automatic,12913,Petrol,200,40.9,1.4
 Zafira,2017,10995.0,Manual,32700,Petrol,200,41.5,1.4
 Zafira,2017,11750.0,Manual,23339,Petrol,200,41.5,1.4
 Zafira,2017,10750.0,Manual,23638,Petrol,145,41.5,1.4
 Zafira,2013,7200.0,Automatic,46682,Diesel,200,48.7,2.0
 Zafira,2016,13995.0,Automatic,13051,Petrol,200,40.9,1.4
 Zafira,2017,9950.0,Manual,60000,Petrol,150,41.5,1.4
 Zafira,2017,9995.0,Manual,42115,Petrol,150,41.5,1.4
 Zafira,2017,10795.0,Automatic,24855,Petrol,205,40.9,1.4
 Zafira,2017,11250.0,Manual,23000,Petrol,205,41.5,1.4
 Zafira,2017,12950.0,Automatic,18000,Petrol,200,40.9,1.4
 Zafira,2017,11495.0,Manual,14750,Petrol,150,41.5,1.4
 Zafira,2015,7995.0,Manual,52000,Petrol,200,42.2,1.4
 Zafira,2016,12995.0,Manual,20000,Petrol,200,42.2,1.4
 Zafira,2013,6995.0,Manual,64264,Diesel,145,53.3,2.0
 Zafira,2018,13995.0,Manual,10000,Petrol,145,41.5,1.4
 Zafira,2017,12995.0,Manual,14907,Petrol,145,41.5,1.4
 Zafira,2018,13495.0,Manual,12079,Petrol,145,41.5,1.4
 Zafira,2016,9490.0,Automatic,33808,Diesel,200,46.3,2.0
 Zafira,2015,9236.0,Manual,28034,Petrol,200,42.2,1.4
 Zafira,2016,10863.0,Manual,17060,Petrol,200,42.2,1.4
 Zafira,2017,14300.0,Automatic,14751,Petrol,205,40.9,1.4
 Zafira,2018,14355.0,Automatic,16261,Petrol,145,40.9,1.4
 Zafira,2017,10250.0,Manual,41526,Petrol,200,41.5,1.4
 Zafira,2017,10750.0,Manual,26856,Petrol,200,41.5,1.4
 Zafira,2016,9830.0,Manual,20598,Petrol,200,42.2,1.4
 Zafira,2017,11990.0,Manual,10284,Petrol,200,41.5,1.4
 Zafira,2016,10900.0,Automatic,11085,Petrol,235,39.2,1.4
 Zafira,2015,8120.0,Manual,41799,Diesel,30,62.7,1.6
 Zafira,2017,10491.0,Manual,27181,Petrol,200,41.5,1.4
 Zafira,2016,9600.0,Automatic,33357,Petrol,240,39.2,1.4
 Zafira,2016,9800.0,Manual,16548,Diesel,20,68.9,1.6
 Zafira,2016,12290.0,Automatic,16964,Petrol,200,40.9,1.4
 Zafira,2016,9490.0,Manual,37667,Diesel,145,54.3,2.0
 Zafira,2016,13295.0,Automatic,6329,Petrol,200,40.9,1.4
 Zafira,2017,10995.0,Manual,34587,Petrol,150,41.5,1.4
 Zafira,2017,10591.0,Manual,36422,Petrol,205,41.5,1.4
 Zafira,2013,5291.0,Manual,58047,Petrol,205,42.2,1.6
 Zafira,2016,8995.0,Automatic,61454,Petrol,235,39.2,1.4
 Zafira,2014,7500.0,Manual,43100,Diesel,145,55.4,2.0
 Zafira,2012,4500.0,Manual,51000,Petrol,200,42.2,1.6
 Zafira,2015,6495.0,Automatic,87850,Diesel,160,49.6,2.0
 Zafira,2008,1995.0,Manual,104000,Petrol,260,36.2,1.8
 Zafira,2006,2395.0,Manual,100000,Diesel,235,45.6,1.9
 Zafira,2017,10000.0,Manual,28069,Petrol,205,41.5,1.4
 Zafira,2018,11885.0,Manual,32072,Petrol,145,41.5,1.4
 Zafira,2016,12500.0,Automatic,22855,Petrol,200,40.9,1.4
 Zafira,2017,10793.0,Manual,20267,Petrol,200,42.2,1.4
 Zafira,2016,8699.0,Manual,42000,Petrol,200,42.2,1.4
 Zafira,2013,4290.0,Manual,47000,Petrol,205,42.2,1.6
 Zafira,2011,2995.0,Manual,82000,Diesel,150,55.4,1.7
 Zafira,2017,11475.0,Manual,24346,Petrol,145,41.5,1.4
 Zafira,2017,12849.0,Manual,20455,Petrol,145,41.5,1.4
 Zafira,2016,11000.0,Manual,15828,Petrol,205,42.2,1.4
 Zafira,2016,11600.0,Manual,15444,Petrol,200,42.2,1.4
 Zafira,2016,9990.0,Automatic,23000,Petrol,200,40.9,1.4
 Zafira,2016,8490.0,Manual,48000,Diesel,30,62.7,1.6
 Zafira,2017,9990.0,Manual,29000,Petrol,200,42.2,1.4
 Zafira,2017,12999.0,Automatic,8616,Petrol,145,40.9,1.4
 Zafira,2012,3995.0,Manual,120173,Diesel,30,62.8,2.0
 Zafira,2017,9500.0,Manual,30440,Petrol,200,42.2,1.4
 Zafira,2007,3000.0,Manual,66911,Petrol,300,36.2,1.8
 Zafira,2017,8995.0,Manual,65332,Petrol,145,41.5,1.4
 Zafira,2016,10495.0,Manual,24528,Petrol,205,42.2,1.4
 Zafira,2016,8995.0,Manual,70529,Diesel,30,62.8,1.6
 Zafira,2016,9312.0,Automatic,37344,Petrol,235,39.2,1.4
 Zafira,2016,10240.0,Automatic,20173,Diesel,200,46.3,2.0
 Zafira,2013,7799.0,Manual,31226,Diesel,30,62.8,2.0
 Zafira,2017,10994.0,Manual,34400,Petrol,200,42.2,1.4
 Zafira,2016,5492.0,Manual,133000,Diesel,125,57.7,2.0
 Zafira,2017,10985.0,Manual,43296,Diesel,150,54.3,2.0
 Zafira,2014,6799.0,Manual,78900,Diesel,145,53.3,2.0
 Zafira,2014,6988.0,Manual,58857,Diesel,150,53.3,2.0
 Zafira,2016,9849.0,Manual,41586,Petrol,200,42.2,1.4
 Zafira,2016,9999.0,Manual,27657,Petrol,200,42.2,1.4
 Zafira,2017,11999.0,Manual,14466,Petrol,200,41.5,1.4
 Zafira,2016,11999.0,Manual,8626,Petrol,200,42.2,1.4
 Zafira,2013,7899.0,Automatic,23009,Petrol,200,40.4,1.4
 Zafira,2012,6553.0,Manual,35223,Petrol,200,42.2,1.4
 Zafira,2015,10599.0,Automatic,15002,Petrol,235,39.2,1.4
 Zafira,2017,11250.0,Manual,23976,Petrol,200,41.5,1.4
 Zafira,2009,1995.0,Manual,118000,Diesel,205,46.3,1.9
 Zafira,2013,1395.0,Manual,279000,Diesel,150,55.4,1.7
 Zafira,2014,6888.0,Manual,63448,Diesel,145,55.4,2.0
 Zafira,2017,12500.0,Manual,26120,Diesel,145,54.3,2.0
 Zafira,2016,10400.0,Manual,20411,Petrol,200,42.2,1.4
 Zafira,2017,12000.0,Manual,16839,Petrol,150,41.5,0.0
 Zafira,2017,11800.0,Manual,13727,Petrol,150,41.5,1.4
 Zafira,2017,12000.0,Manual,27377,Diesel,30,62.8,1.6
 Zafira,2015,9700.0,Manual,19504,Diesel,120,52.3,2.0
 Zafira,2017,13000.0,Manual,18229,Diesel,150,54.3,2.0
 Zafira,2018,11600.0,Manual,25976,Petrol,145,41.5,1.4
 Zafira,2011,4000.0,Manual,85000,Petrol,240,39.2,1.8
 Zafira,2017,11699.0,Manual,23698,Diesel,145,62.8,1.6
 Zafira,2005,1295.0,Manual,88000,Petrol,265,35.8,1.6
 Zafira,2012,4699.0,Manual,48372,Petrol,205,42.2,1.6
 Zafira,2012,4199.0,Manual,64000,Diesel,145,55.4,1.7
 Zafira,2013,6199.0,Manual,29000,Petrol,205,42.2,1.6
 Zafira,2014,5099.0,Manual,45000,Petrol,240,39.2,1.8
 Zafira,2017,11995.0,Automatic,14569,Petrol,145,35.3,1.4
 Zafira,1970,10495.0,Manual,37357,Petrol,200,42.2,1.4
 Zafira,2014,4490.0,Manual,70000,Petrol,235,39.2,1.8
 Zafira,2016,10139.0,Manual,22822,Petrol,200,42.2,1.4
 Zafira,2012,3990.0,Manual,74636,Diesel,145,55.4,1.7
 Zafira,2013,4675.0,Manual,80000,Petrol,200,42.2,1.6
 Zafira,2013,5495.0,Manual,56000,Diesel,150,55.4,1.7
 Zafira,2010,4875.0,Automatic,55000,Diesel,305,40.4,1.9
 Zafira,2017,12995.0,Manual,9699,Diesel,145,62.8,1.6
 Zafira,2014,7290.0,Manual,56746,Diesel,150,55.4,2.0
 Zafira,2002,1095.0,Manual,105000,Petrol,300,35.8,1.6
 Zafira,2009,6495.0,Manual,75914,Petrol,555,29.4,2.0
 Zafira,2016,8799.0,Manual,30745,Petrol,200,42.2,1.4
 Zafira,2015,7699.0,Manual,60540,Diesel,145,55.4,2.0
 Zafira,2016,9951.0,Manual,34382,Petrol,200,42.2,1.4
 Zafira,2015,8199.0,Manual,59479,Diesel,145,55.4,2.0
 Zafira,2016,10699.0,Automatic,11635,Diesel,200,46.3,2.0
 Zafira,2016,8995.0,Manual,40000,Diesel,125,57.7,2.0
 Zafira,2016,9995.0,Manual,49377,Petrol,200,42.2,1.4
 Zafira,2011,3899.0,Manual,81034,Diesel,145,55.4,1.7
 Zafira,2016,8999.0,Manual,66113,Petrol,200,42.2,1.4
 Zafira,2014,5499.0,Manual,35682,Diesel,145,55.4,1.7
 Zafira,2013,4999.0,Manual,64320,Petrol,205,42.2,1.6
 Zafira,2010,3490.0,Manual,72000,Petrol,260,36.2,1.8
 Zafira,2010,2495.0,Manual,128000,Petrol,260,36.2,1.8
 Zafira,2010,3599.0,Manual,62212,Petrol,200,42.2,1.6
 Zafira,2003,1299.0,Manual,78528,Petrol,260,35.8,1.6
 Zafira,2016,11295.0,Manual,26130,Petrol,200,42.2,1.4
 Zafira,2013,6495.0,Manual,51503,Diesel,145,55.4,2.0
 Zafira,2017,10930.0,Manual,17679,Petrol,200,41.5,1.4
 Zafira,2017,11495.0,Manual,16954,Petrol,205,41.5,1.4
 Zafira,2017,10795.0,Manual,38679,Petrol,205,41.5,1.4
 Zafira,2014,11995.0,Automatic,14000,Petrol,190,40.4,1.4
 Zafira,2008,2650.0,Manual,82000,Petrol,235,38.7,1.6
 Zafira,2016,11323.0,Automatic,24586,Petrol,200,41.5,1.4
 Zafira,2019,10450.0,Automatic,28856,Diesel,205,46.3,2.0
 Zafira,2011,5490.0,Manual,56000,Diesel,145,55.4,1.7
 Zafira,2016,11500.0,Automatic,25901,Petrol,200,40.9,1.4
 Zafira,2014,6495.0,Manual,37167,Petrol,235,39.2,1.8
 Zafira,2010,3995.0,Manual,67230,Petrol,200,42.2,1.6
 Zafira,2016,10000.0,Manual,31755,Petrol,200,42.2,1.4
 Zafira,2017,10995.0,Manual,36098,Petrol,150,41.5,1.4
 Zafira,2010,1990.0,Manual,100000,Petrol,200,42.2,1.6
 Zafira,2013,3985.0,Manual,85112,Petrol,200,42.2,1.6
 Zafira,2016,12975.0,Automatic,6000,Petrol,240,39.2,1.4
 Zafira,2014,5990.0,Manual,40000,Petrol,235,39.2,1.8
 Zafira,2007,2050.0,Manual,80000,Petrol,235,38.7,1.6
 Zafira,2016,10876.0,Manual,16954,Petrol,205,42.2,1.4
 Zafira,2017,12276.0,Manual,9964,Petrol,205,42.2,1.4
 Zafira,2017,10753.0,Manual,19303,Petrol,205,42.2,1.4
 Zafira,2013,6490.0,Manual,36000,Petrol,200,42.2,1.6
 Zafira,2016,9994.0,Manual,26995,Petrol,205,42.2,1.4
 Zafira,2017,12000.0,Manual,20066,Petrol,150,41.5,1.4
 Zafira,2017,11700.0,Automatic,20291,Petrol,145,40.9,1.4
 Zafira,2017,13495.0,Automatic,16915,Petrol,150,40.9,1.4
 Zafira,2017,10935.0,Manual,17856,Petrol,200,42.2,1.4
 Zafira,2009,2990.0,Manual,68000,Petrol,200,42.2,1.6
 Zafira,2017,12232.0,Manual,21505,Petrol,200,41.5,1.4
 Zafira,2007,1900.0,Manual,102000,Petrol,235,38.7,1.6
 Zafira,2013,3899.0,Manual,84000,Petrol,200,42.2,1.6
 Zafira,2008,1375.0,Manual,108000,Petrol,240,38.7,1.6
 Zafira,2006,1895.0,Manual,97056,Petrol,240,38.7,1.6
 Zafira,2013,4495.0,Manual,53937,Petrol,205,42.2,1.6
 Zafira,2006,2790.0,Manual,56000,Diesel,205,46.3,1.9
 Zafira,2018,14995.0,Automatic,8000,Petrol,150,40.9,1.4
 Zafira,2017,9700.0,Manual,34108,Petrol,200,42.2,1.4
 Zafira,2016,14995.0,Automatic,8000,Petrol,200,40.9,1.4
 Zafira,2015,8950.0,Automatic,30130,Diesel,200,46.3,2.0
 Zafira,2017,9950.0,Manual,36766,Petrol,145,41.5,1.4
 Zafira,2016,10775.0,Automatic,51472,Petrol,200,40.9,1.4
 Zafira,2016,11950.0,Automatic,14085,Petrol,200,40.9,1.4
 Zafira,2015,7450.0,Manual,56411,Diesel,145,55.4,2.0
 Zafira,2016,9250.0,Manual,28196,Petrol,200,42.2,1.4
 Zafira,2011,4390.0,Manual,52000,Diesel,145,55.4,1.7
 Zafira,2012,3790.0,Manual,60650,Diesel,145,55.4,1.7
 Zafira,2017,14495.0,Automatic,1000,Petrol,200,40.9,1.4
 Zafira,2007,1350.0,Manual,99212,Petrol,235,38.7,1.6
 Zafira,2012,4995.0,Manual,51749,Diesel,145,55.4,1.7
 Zafira,2016,10000.0,Manual,31755,Petrol,145,49.6,1.4
 Zafira,2013,5000.0,Manual,54546,Petrol,205,42.2,1.6
 Zafira,2015,9599.0,Manual,15050,Petrol,205,42.2,1.4
 Zafira,2016,10999.0,Automatic,14019,Petrol,240,39.2,1.4
 Meriva,2017,8490.0,Manual,6000,Petrol,145,47.1,1.4
 Meriva,2007,1995.0,Manual,86680,Petrol,200,44.1,1.4
 Meriva,2011,3695.0,Manual,68787,Petrol,160,46.3,1.4
 Meriva,2010,4495.0,Automatic,74000,Diesel,230,44.1,1.7
 Meriva,2016,7495.0,Manual,35183,Petrol,145,47.9,1.4
 Meriva,2012,3995.0,Manual,41500,Petrol,160,46.3,1.4
 Meriva,2017,9500.0,Manual,6775,Petrol,145,47.1,1.4
 Meriva,2013,5495.0,Manual,37244,Petrol,145,47.1,1.4
 Meriva,2017,8773.0,Manual,9395,Petrol,145,47.9,1.4
 Meriva,2016,5498.0,Manual,54441,Petrol,145,47.1,1.4
 Meriva,2017,7298.0,Manual,40309,Petrol,145,47.1,1.4
 Meriva,2017,9298.0,Manual,7079,Petrol,150,47.1,1.4
 Meriva,2017,9998.0,Automatic,13846,Petrol,235,39.8,1.4
 Meriva,2016,6498.0,Manual,43121,Petrol,150,47.1,1.4
 Meriva,2016,8998.0,Automatic,23777,Petrol,235,39.8,1.4
 Meriva,2017,6298.0,Manual,44108,Petrol,145,47.1,1.4
 Meriva,2017,8698.0,Manual,20756,Petrol,150,47.1,1.4
 Meriva,2016,6640.0,Manual,33244,Petrol,145,47.1,1.4
 Meriva,2017,7150.0,Manual,16888,Petrol,145,47.1,1.4
 Meriva,2014,5498.0,Manual,47105,Petrol,145,47.1,1.4
 Meriva,2016,6698.0,Manual,43629,Petrol,145,47.1,1.4
 Meriva,2016,6595.0,Manual,22779,Petrol,145,47.1,1.4
 Meriva,2015,6698.0,Manual,21701,Petrol,145,47.1,1.4
 Meriva,2016,6991.0,Manual,48078,Petrol,145,47.9,1.4
 Meriva,2017,6798.0,Manual,28792,Petrol,145,47.1,1.4
 Meriva,2015,6998.0,Manual,21385,Petrol,150,47.1,1.4
 Meriva,2017,8998.0,Automatic,12726,Petrol,235,39.8,1.4
 Meriva,2017,9298.0,Manual,6484,Petrol,145,47.9,1.4
 Meriva,2017,6795.0,Manual,28970,Petrol,145,47.1,1.4
 Meriva,2016,6498.0,Manual,35752,Petrol,145,47.1,1.4
 Meriva,2015,5498.0,Manual,37601,Petrol,150,47.1,1.4
 Meriva,2016,6998.0,Manual,11024,Petrol,145,47.1,1.4
 Meriva,2014,7410.0,Automatic,15400,Petrol,235,39.8,1.4
 Meriva,2016,7991.0,Manual,8094,Petrol,145,47.1,1.4
 Meriva,2016,6232.0,Manual,28081,Petrol,145,47.1,1.4
 Meriva,2017,6800.0,Manual,26601,Petrol,145,47.1,1.4
 Meriva,2016,6900.0,Manual,26641,Petrol,145,47.1,1.4
 Meriva,2016,6998.0,Manual,21532,Petrol,145,47.1,1.4
 Meriva,2016,8995.0,Automatic,16607,Petrol,235,39.8,1.4
 Meriva,2017,6990.0,Manual,9985,Petrol,145,47.1,1.4
 Meriva,2013,4500.0,Manual,71168,Petrol,150,47.1,1.4
 Meriva,2017,8699.0,Manual,7566,Petrol,145,47.1,1.4
 Meriva,2015,5490.0,Manual,39629,Petrol,145,47.1,1.4
 Meriva,2016,6800.0,Manual,26233,Petrol,145,47.1,1.4
 Meriva,2015,6798.0,Manual,10750,Petrol,145,47.1,1.4
 Meriva,2017,7890.0,Manual,37120,Petrol,145,47.9,1.4
 Meriva,2016,8470.0,Manual,15100,Diesel,30,64.2,1.6
 Meriva,2017,8140.0,Manual,32345,Diesel,30,64.2,1.6
 Meriva,2017,6988.0,Manual,27724,Petrol,145,47.1,1.4
 Meriva,2017,8698.0,Manual,9820,Petrol,145,47.9,1.4
 Meriva,2016,6999.0,Manual,18508,Petrol,145,47.1,1.4
 Meriva,2016,7990.0,Manual,19142,Diesel,30,64.2,1.6
 Meriva,2016,7940.0,Manual,21383,Diesel,30,64.2,1.6
 Meriva,2015,5491.0,Manual,58075,Petrol,145,47.9,1.4
 Meriva,2017,9030.0,Automatic,8627,Petrol,235,39.8,1.4
 Meriva,2016,7590.0,Manual,20028,Petrol,145,47.1,1.4
 Meriva,2017,8999.0,Automatic,18957,Petrol,235,39.8,1.4
 Meriva,2014,5995.0,Manual,30773,Petrol,150,47.1,1.4
 Meriva,2016,6110.0,Manual,69900,Petrol,145,47.9,1.4
 Meriva,2014,4750.0,Manual,58559,Petrol,150,47.1,1.4
 Meriva,2016,7955.0,Manual,27616,Petrol,145,47.1,1.4
 Meriva,2015,5990.0,Manual,28172,Petrol,150,47.1,1.4
 Meriva,2013,4901.0,Manual,75000,Petrol,150,47.1,1.4
 Meriva,2015,5991.0,Manual,49000,Petrol,150,47.1,1.4
 Meriva,2016,6298.0,Manual,36259,Petrol,150,47.1,1.4
 Meriva,2017,8698.0,Manual,20672,Petrol,150,47.1,1.4
 Meriva,2017,6094.0,Manual,56907,Petrol,145,47.1,1.4
 Meriva,2015,5999.0,Manual,35433,Petrol,145,47.1,1.4
 Meriva,2017,7599.0,Manual,18127,Petrol,145,47.1,1.4
 Meriva,2016,6099.0,Manual,38885,Petrol,145,47.1,1.4
 Meriva,2017,7999.0,Manual,17229,Petrol,145,47.1,1.4
 Meriva,2017,7340.0,Manual,28842,Diesel,30,64.2,1.6
 Meriva,2015,5698.0,Manual,45078,Petrol,145,47.1,1.4
 Meriva,2016,6790.0,Manual,27772,Petrol,145,47.1,1.4
 Meriva,2017,7499.0,Manual,16726,Petrol,145,47.1,1.4
 Meriva,2016,8500.0,Automatic,17058,Petrol,235,39.8,1.4
 Meriva,2016,6800.0,Manual,34035,Petrol,145,47.1,1.4
 Meriva,2015,6720.0,Manual,22058,Petrol,145,47.1,1.4
 Meriva,2015,6698.0,Manual,18871,Petrol,145,47.1,1.4
 Meriva,2015,6991.0,Automatic,18979,Petrol,240,39.8,1.4
 Meriva,2015,5594.0,Manual,38550,Petrol,150,47.1,1.4
 Meriva,2017,6495.0,Manual,45779,Petrol,150,47.1,1.4
 Meriva,2017,9998.0,Automatic,3230,Petrol,235,39.8,1.4
 Meriva,2015,5500.0,Manual,68074,Petrol,150,47.1,1.4
 Meriva,2017,6995.0,Manual,26358,Petrol,145,47.1,1.4
 Meriva,2015,5391.0,Manual,48024,Petrol,145,47.1,1.4
 Meriva,2016,8320.0,Manual,20638,Petrol,160,44.8,1.4
 Meriva,2017,8199.0,Manual,24195,Petrol,145,47.9,1.4
 Meriva,2016,7640.0,Automatic,44367,Petrol,235,39.8,1.4
 Meriva,2016,6292.0,Manual,40843,Petrol,145,47.9,1.4
 Meriva,2016,7799.0,Manual,37453,Petrol,160,44.8,1.4
 Meriva,2017,7799.0,Manual,34642,Petrol,145,47.1,1.4
 Meriva,2017,6950.0,Manual,37265,Petrol,145,47.1,1.4
 Meriva,2017,7880.0,Manual,17254,Petrol,150,47.1,1.4
 Meriva,2017,10000.0,Automatic,8520,Petrol,235,39.8,1.4
 Meriva,2015,4480.0,Manual,80544,Petrol,145,47.1,1.4
 Meriva,2016,5910.0,Manual,39532,Petrol,145,47.1,1.4
 Meriva,2014,6560.0,Manual,21071,Petrol,145,47.1,1.4
 Meriva,2014,6888.0,Manual,24915,Petrol,145,47.1,1.4
 Meriva,2016,8000.0,Manual,37453,Petrol,160,44.8,1.4
 Meriva,2017,7789.0,Manual,31475,Petrol,145,47.9,1.4
 Meriva,2017,6999.0,Manual,10613,Petrol,145,47.1,1.4
 Meriva,2014,6610.0,Automatic,43792,Petrol,235,39.8,1.4
 Meriva,2015,6310.0,Manual,39287,Petrol,145,47.1,1.4
 Meriva,2016,7380.0,Manual,20654,Petrol,145,47.1,1.4
 Meriva,2017,7470.0,Manual,20144,Petrol,145,47.1,1.4
 Meriva,2015,6191.0,Manual,47447,Petrol,145,47.1,1.4
 Meriva,2015,6797.0,Manual,22982,Petrol,145,47.1,1.4
 Meriva,2017,9700.0,Automatic,2760,Petrol,145,39.8,1.4
 Meriva,2016,8495.0,Manual,19045,Petrol,160,44.8,1.4
 Meriva,2017,7430.0,Manual,36590,Diesel,30,64.2,1.6
 Meriva,2014,5678.0,Manual,63757,Diesel,30,64.2,1.6
 Meriva,2015,7495.0,Manual,39267,Petrol,145,47.1,1.4
 Meriva,2015,4699.0,Manual,72037,Petrol,150,47.1,1.4
 Meriva,2016,6291.0,Manual,31373,Petrol,150,47.1,1.4
 Meriva,2017,7291.0,Manual,10293,Petrol,150,47.1,1.4
 Meriva,2017,9400.0,Automatic,5774,Petrol,235,39.8,1.4
 Meriva,2014,6989.0,Automatic,34529,Petrol,235,39.2,1.4
 Meriva,2017,9495.0,Manual,11338,Petrol,165,44.8,1.4
 Meriva,2016,6725.0,Manual,19327,Petrol,145,47.1,1.4
 Meriva,2015,6990.0,Manual,24578,Petrol,145,47.1,1.4
 Meriva,2014,6995.0,Manual,38588,Petrol,145,47.1,1.4
 Meriva,2016,7995.0,Automatic,42930,Petrol,235,39.8,1.4
 Meriva,2016,7599.0,Manual,39788,Diesel,30,64.2,1.6
 Meriva,2015,5990.0,Manual,22679,Petrol,150,47.1,1.4
 Meriva,2017,7495.0,Manual,23000,Petrol,150,47.1,1.4
 Meriva,2016,5991.0,Manual,29175,Petrol,150,47.1,1.4
 Meriva,2017,6991.0,Manual,23511,Petrol,150,47.1,1.4
 Meriva,2016,8810.0,Automatic,23086,Petrol,235,39.8,1.4
 Meriva,2016,6680.0,Manual,13373,Petrol,145,47.1,1.4
 Meriva,2016,8410.0,Automatic,24161,Petrol,235,39.8,1.4
 Meriva,2017,9995.0,Manual,21000,Petrol,145,47.1,1.4
 Meriva,2016,9995.0,Automatic,16650,Petrol,235,39.8,1.4
 Meriva,2017,8995.0,Manual,17000,Petrol,145,47.1,1.4
 Meriva,2017,10595.0,Automatic,19800,Petrol,235,39.8,1.4
 Meriva,2017,9995.0,Manual,12000,Petrol,145,47.9,1.4
 Meriva,2017,10795.0,Automatic,4373,Petrol,235,39.8,1.4
 Meriva,2017,6995.0,Manual,40202,Petrol,150,47.1,1.4
 Meriva,2014,5495.0,Manual,45910,Petrol,145,47.1,1.4
 Meriva,2017,7495.0,Manual,29073,Petrol,145,47.1,1.4
 Meriva,2016,7990.0,Manual,22000,Petrol,145,47.9,1.4
 Meriva,2014,5995.0,Automatic,37692,Petrol,240,39.2,1.4
 Meriva,2016,7000.0,Manual,51279,Petrol,145,47.9,1.4
 Meriva,2017,7999.0,Manual,43970,Diesel,30,64.2,1.6
 Meriva,2017,7995.0,Manual,29500,Petrol,145,47.1,1.4
 Meriva,2017,8480.0,Manual,31500,Petrol,150,47.9,1.4
 Meriva,2017,7796.0,Automatic,36697,Petrol,235,39.8,1.4
 Meriva,2016,6295.0,Manual,16142,Petrol,145,47.1,1.4
 Meriva,2014,5750.0,Automatic,28000,Petrol,240,39.2,1.4
 Meriva,2014,4639.0,Manual,62604,Petrol,145,47.9,1.4
 Meriva,2014,5595.0,Manual,45700,Petrol,145,47.1,1.4
 Meriva,2015,5299.0,Manual,68300,Petrol,150,47.1,1.4
 Meriva,2015,5330.0,Manual,47911,Petrol,145,47.1,1.4
 Meriva,2015,6290.0,Manual,26464,Petrol,145,47.1,1.4
 Meriva,2017,7570.0,Manual,16304,Petrol,145,47.1,1.4
 Meriva,2014,5995.0,Manual,28000,Petrol,145,47.1,1.4
 Meriva,2014,5295.0,Manual,56284,Petrol,150,47.1,1.4
 Meriva,2016,8995.0,Automatic,18272,Petrol,235,39.8,1.4
 Meriva,2016,7000.0,Automatic,52900,Petrol,235,39.8,1.4
 Meriva,2013,4700.0,Manual,47256,Petrol,165,44.8,1.4
 Meriva,2015,6999.0,Manual,28234,Petrol,145,47.1,1.4
 Meriva,2014,6999.0,Manual,44151,Petrol,145,47.1,1.4
 Meriva,2017,6999.0,Manual,65530,Diesel,30,64.2,1.6
 Meriva,2015,6999.0,Manual,26854,Petrol,160,44.8,1.4
 Meriva,2011,3250.0,Manual,50500,Diesel,125,57.6,1.2
 Meriva,2016,7699.0,Manual,10000,Petrol,145,47.9,1.4
 Meriva,2016,8799.0,Automatic,22000,Petrol,235,39.8,1.4
 Meriva,2016,8990.0,Automatic,21000,Petrol,235,39.8,1.4
 Meriva,2016,8810.0,Automatic,3949,Petrol,235,39.8,1.4
 Meriva,2016,7850.0,Manual,23106,Petrol,145,47.9,1.4
 Meriva,2011,4000.0,Manual,51609,Petrol,165,46.3,1.4
 Meriva,2016,8695.0,Manual,11259,Diesel,30,64.2,1.6
 Meriva,2017,9995.0,Automatic,4967,Petrol,235,39.8,1.4
 Meriva,2016,8495.0,Manual,7381,Petrol,145,47.1,1.4
 Meriva,2015,6700.0,Manual,39147,Petrol,145,47.1,1.4
 Meriva,2016,7694.0,Manual,23080,Diesel,30,64.2,1.6
 Meriva,2016,6399.0,Manual,27566,Petrol,145,47.1,1.4
 Meriva,2014,5399.0,Manual,35000,Petrol,145,47.1,1.4
 Meriva,2009,1695.0,Manual,119337,Diesel,145,53.3,1.7
 Meriva,2016,6799.0,Manual,45131,Diesel,30,64.2,1.6
 Meriva,2016,6866.0,Manual,24381,Petrol,145,47.1,1.4
 Meriva,2008,2395.0,Manual,54936,Petrol,200,44.1,1.4
 Meriva,2010,1995.0,Manual,72000,Petrol,200,42.2,1.6
 Meriva,2007,1595.0,Manual,66541,Petrol,200,42.2,1.6
 Meriva,2017,8795.0,Manual,11436,Diesel,30,64.2,1.6
 Meriva,2017,7458.0,Manual,26838,Petrol,145,47.1,1.4
 Meriva,2011,1649.0,Manual,148000,Diesel,30,62.8,1.2
 Meriva,2011,3499.0,Manual,51000,Petrol,200,42.2,1.4
 Meriva,2017,9000.0,Manual,7283,Petrol,145,47.9,1.4
 Meriva,2017,9000.0,Automatic,9279,Petrol,150,39.8,1.4
 Meriva,2016,7589.0,Manual,19155,Petrol,150,47.1,1.4
 Meriva,2015,6995.0,Manual,42557,Petrol,145,47.1,1.4
 Meriva,2016,6494.0,Manual,32918,Petrol,145,47.1,1.4
 Meriva,2017,8995.0,Manual,27459,Diesel,30,64.2,1.6
 Meriva,2011,3899.0,Manual,48933,Petrol,160,46.3,1.4
 Meriva,2010,2699.0,Manual,77550,Petrol,160,46.3,1.4
 Meriva,2015,8500.0,Automatic,10260,Petrol,235,39.8,1.4
 Meriva,2015,6250.0,Manual,33286,Petrol,150,47.1,1.4
 Meriva,2016,7994.0,Automatic,7399,Petrol,235,39.8,1.4
 Meriva,2016,7942.0,Manual,14757,Petrol,145,47.9,1.4
 Meriva,2017,8000.0,Manual,31448,Diesel,30,64.2,1.6
 Meriva,2015,5999.0,Manual,28147,Petrol,145,47.1,1.4
 Meriva,2016,8499.0,Manual,21293,Diesel,30,64.2,1.6
 Meriva,2009,2990.0,Manual,44661,Petrol,200,42.2,1.6
 Meriva,2008,1000.0,Manual,135500,Diesel,145,56.5,1.2
 Meriva,2011,3995.0,Automatic,55000,Diesel,235,44.1,1.7
 Meriva,2009,1795.0,Manual,90771,Petrol,160,44.1,1.4
 Meriva,2012,3995.0,Manual,81000,Petrol,150,47.9,1.4
 Meriva,2010,3495.0,Manual,62000,Petrol,160,46.3,1.4
 Meriva,2003,2499.0,Manual,33647,Petrol,265,37.7,1.6
 Meriva,2010,5000.0,Manual,35875,Petrol,165,46.3,1.4
 Meriva,2011,2450.0,Manual,86300,Petrol,160,46.3,1.4
 Meriva,2016,6499.0,Manual,20561,Petrol,145,47.1,1.4
 Meriva,2015,6995.0,Automatic,34757,Diesel,205,46.3,1.7
 Meriva,2014,5990.0,Manual,36384,Petrol,145,47.1,1.4
 Meriva,2004,1995.0,Manual,77000,Petrol,300,36.2,1.6
 Meriva,2007,2999.0,Manual,64000,Diesel,145,37.7,1.7
 Meriva,2015,5999.0,Manual,46921,Petrol,150,47.1,1.4
 Meriva,2017,7990.0,Manual,19000,Petrol,145,47.9,1.4
 Meriva,2014,5999.0,Manual,37000,Petrol,145,47.1,1.4
 Meriva,2015,6499.0,Manual,30000,Petrol,150,47.1,1.4
 Meriva,2016,7498.0,Manual,19000,Petrol,145,47.1,1.4
 Meriva,2016,5998.0,Manual,50254,Petrol,145,47.1,0.0
 Meriva,2015,6990.0,Manual,42000,Petrol,150,47.1,1.4
 Meriva,2011,4195.0,Manual,51838,Petrol,160,46.3,1.4
 Meriva,2014,6495.0,Manual,55978,Petrol,145,47.1,1.4
 Meriva,2016,6995.0,Manual,20954,Petrol,150,47.1,1.4
 Meriva,2017,9995.0,Manual,15475,Petrol,150,47.9,1.4
 Meriva,2010,5295.0,Automatic,49264,Diesel,235,44.1,1.7
 Meriva,2016,10295.0,Automatic,35364,Petrol,235,39.8,1.4
 Meriva,2011,4295.0,Automatic,61000,Diesel,235,44.1,1.7
 Meriva,2010,3290.0,Manual,52116,Petrol,160,46.3,1.4
 Meriva,2011,4690.0,Manual,33000,Petrol,160,46.3,1.4
 Meriva,2013,3990.0,Manual,68500,Petrol,145,47.1,1.4
 Meriva,2014,5595.0,Manual,50000,Petrol,150,47.9,1.4
 Meriva,2016,7280.0,Manual,23058,Petrol,145,47.9,1.4
 Meriva,2015,6000.0,Manual,29670,Petrol,150,47.1,1.4
 Meriva,2016,7995.0,Manual,8937,Petrol,145,47.1,1.4
 Meriva,2017,7695.0,Manual,38000,Petrol,160,44.8,1.4
 Meriva,2011,2200.0,Manual,89000,Petrol,160,45.6,1.4
 Meriva,2016,7215.0,Manual,34761,Petrol,145,47.1,1.4
 Meriva,2012,3290.0,Manual,77000,Petrol,165,46.3,1.4
 Meriva,2011,3690.0,Manual,49000,Petrol,165,46.3,1.4
 Meriva,2017,7800.0,Manual,18859,Petrol,145,47.1,1.4
 Meriva,2012,4995.0,Manual,45000,Petrol,160,46.3,1.4
 Meriva,2015,5775.0,Manual,48156,Petrol,145,47.1,1.4
 Meriva,2012,3290.0,Manual,54500,Petrol,160,46.3,1.4
 Meriva,2012,3750.0,Automatic,39121,Diesel,200,46.3,1.7
 Meriva,2017,8829.0,Automatic,8000,Petrol,235,39.8,1.4
 Meriva,2011,4000.0,Manual,51245,Diesel,140,54.3,1.7
 Zafira Tourer,2017,12900.0,Automatic,15411,Petrol,145,40.9,1.4
 Zafira Tourer,2016,12900.0,Automatic,10475,Petrol,200,40.9,1.4
 Zafira Tourer,2017,9999.0,Manual,32447,Petrol,205,41.5,1.4
 Zafira Tourer,2016,9999.0,Manual,32363,Petrol,200,42.2,1.4
 Zafira Tourer,2014,7995.0,Manual,44930,Diesel,145,53.3,2.0
 Zafira Tourer,2015,10495.0,Manual,8711,Petrol,200,42.2,1.4
 Zafira Tourer,2016,8750.0,Manual,55000,Diesel,30,62.7,1.6
 Zafira Tourer,2016,9290.0,Automatic,28500,Diesel,200,46.3,2.0
 Zafira Tourer,2017,11250.0,Manual,22688,Petrol,150,41.5,1.4
 Zafira Tourer,2017,12200.0,Automatic,15000,Petrol,200,40.9,1.4
 Zafira Tourer,2017,11400.0,Manual,8131,Petrol,145,41.5,1.4
 Zafira Tourer,2016,11400.0,Manual,12886,Petrol,200,42.2,1.4
 Zafira Tourer,2017,11000.0,Manual,17527,Petrol,200,41.5,1.4
 Zafira Tourer,2017,12200.0,Manual,16107,Petrol,145,41.5,1.4
 Zafira Tourer,2016,9950.0,Manual,22983,Petrol,200,42.2,1.4
 Zafira Tourer,2017,11275.0,Automatic,27477,Petrol,200,40.9,1.4
 Zafira Tourer,2017,12999.0,Manual,8190,Petrol,205,42.2,1.4
 Zafira Tourer,2015,9000.0,Manual,29600,Diesel,30,62.7,1.6
 Zafira Tourer,2017,11199.0,Manual,28565,Petrol,145,41.5,1.4
 Zafira Tourer,2018,13999.0,Manual,8500,Petrol,145,43.0,1.4
 Zafira Tourer,2014,7800.0,Manual,46925,Petrol,200,42.8,1.4
 Zafira Tourer,2013,3750.0,Manual,121349,Petrol,235,39.2,1.8
 Zafira Tourer,2015,6795.0,Manual,84280,Diesel,20,68.9,1.6
 Zafira Tourer,2017,12999.0,Manual,28831,Diesel,145,54.3,2.0
 Zafira Tourer,2017,11499.0,Manual,29221,Petrol,145,41.5,1.4
 Zafira Tourer,2017,12295.0,Manual,21000,Diesel,145,62.8,1.6
 Zafira Tourer,2014,7699.0,Manual,45000,Diesel,145,55.4,2.0
 Zafira Tourer,2017,13795.0,Automatic,26625,Petrol,150,40.9,1.4
 Zafira Tourer,2017,12190.0,Manual,6527,Petrol,150,41.5,1.4
 Zafira Tourer,2017,10790.0,Automatic,34416,Petrol,200,40.9,1.4
 Zafira Tourer,2017,14990.0,Manual,6000,Petrol,205,41.5,1.4
 Zafira Tourer,2016,12990.0,Automatic,14000,Petrol,200,40.9,1.4
 Zafira Tourer,2017,11999.0,Manual,24017,Petrol,145,41.5,1.4
 Zafira Tourer,2017,13599.0,Automatic,5318,Petrol,145,40.9,1.4
 Zafira Tourer,2016,10999.0,Manual,28956,Petrol,200,42.2,1.4
 Zafira Tourer,2017,11499.0,Manual,16425,Petrol,150,41.5,1.4
 Zafira Tourer,2016,7398.0,Manual,56248,Petrol,200,42.2,1.4
 Zafira Tourer,2017,12500.0,Automatic,11460,Petrol,200,40.9,1.4
 Zafira Tourer,2017,10200.0,Manual,27629,Petrol,200,42.2,1.4
 Zafira Tourer,2016,8999.0,Manual,51300,Petrol,205,42.2,1.4
 Zafira Tourer,2017,10480.0,Manual,12845,Petrol,205,42.2,1.4
 Zafira Tourer,2014,7995.0,Manual,29000,Petrol,200,42.8,1.4
 Zafira Tourer,2016,8995.0,Automatic,45000,Petrol,235,39.2,1.4
 Zafira Tourer,2016,9350.0,Manual,43320,Petrol,200,42.2,1.4
 Zafira Tourer,2015,9350.0,Manual,59455,Diesel,145,53.3,2.0
 Zafira Tourer,2016,8850.0,Manual,44500,Diesel,30,62.7,1.6
 Zafira Tourer,2012,5950.0,Manual,105362,Diesel,145,54.3,2.0
 Zafira Tourer,2014,6450.0,Manual,59548,Diesel,145,55.4,2.0
 Zafira Tourer,2016,11925.0,Automatic,21491,Petrol,235,39.2,1.4
 Zafira Tourer,2017,11900.0,Automatic,21227,Petrol,200,40.9,1.4
 Zafira Tourer,2015,8500.0,Manual,50000,Petrol,205,42.2,1.4
 Zafira Tourer,2017,10500.0,Manual,23370,Petrol,200,41.5,1.4
 Zafira Tourer,2016,8495.0,Manual,58825,Petrol,205,42.2,1.4
 Zafira Tourer,2016,10043.0,Manual,20770,Petrol,200,43.0,1.4
 Zafira Tourer,2017,10795.0,Manual,15843,Petrol,200,41.5,1.4
 Zafira Tourer,2017,12995.0,Manual,18477,Petrol,150,41.5,1.4
 Zafira Tourer,2016,9650.0,Manual,19929,Petrol,200,42.2,1.4
 Zafira Tourer,2017,9950.0,Manual,28000,Petrol,200,42.2,1.4
 Adam,2017,7554.0,Manual,23220,Petrol,145,53.3,1.2
 Adam,2019,10695.0,Manual,8,Petrol,145,44.8,1.2
 Adam,2017,7950.0,Manual,12703,Petrol,145,53.3,1.2
 Adam,2015,6110.0,Manual,56441,Petrol,125,53.3,1.2
 Adam,2015,6990.0,Manual,21089,Petrol,125,53.3,1.2
 Adam,2017,9000.0,Manual,10886,Petrol,145,53.3,1.2
 Adam,2017,9934.0,Manual,21686,Petrol,145,47.9,1.4
 Adam,2018,9495.0,Manual,18917,Petrol,145,53.3,1.2
 Adam,2019,10995.0,Manual,15,Petrol,145,44.8,1.2
 Adam,2019,9995.0,Manual,3963,Petrol,145,44.8,1.2
 Adam,2019,9995.0,Manual,2909,Petrol,145,44.8,1.2
 Adam,2016,8495.0,Manual,29386,Petrol,125,52.3,1.4
 Adam,2019,9995.0,Manual,45,Petrol,145,44.8,1.2
 Adam,2019,10995.0,Manual,5,Petrol,145,44.8,1.2
 Adam,2014,5298.0,Manual,30481,Petrol,125,53.3,1.2
 Adam,2016,6698.0,Manual,39608,Petrol,125,52.3,1.4
 Adam,2014,4998.0,Manual,44932,Petrol,125,51.4,1.4
 Adam,2019,10385.0,Manual,15,Petrol,145,44.8,1.2
 Adam,2019,10185.0,Manual,2638,Petrol,145,44.8,1.2
 Adam,2017,7150.0,Manual,22385,Petrol,125,53.3,1.2
 Adam,2016,8798.0,Manual,10032,Petrol,125,52.3,1.4
 Adam,2015,7995.0,Manual,31000,Petrol,125,53.3,1.2
 Adam,2016,6595.0,Manual,19687,Petrol,125,53.3,1.2
 Adam,2015,6998.0,Manual,30301,Petrol,125,53.3,1.2
 Adam,2019,9995.0,Manual,3800,Petrol,145,44.8,1.2
 Adam,2017,7498.0,Manual,20590,Petrol,125,53.3,1.2
 Adam,2015,5703.0,Manual,39074,Petrol,125,53.3,1.2
 Adam,2018,9498.0,Manual,17116,Petrol,145,53.3,1.2
 Adam,2017,7661.0,Manual,23080,Petrol,125,53.3,1.2
 Adam,2015,6589.0,Manual,27171,Petrol,30,57.6,1.0
 Adam,2015,6979.0,Manual,18996,Petrol,125,53.3,1.2
 Adam,2016,6498.0,Manual,39812,Petrol,125,53.3,1.2
 Adam,2016,7401.0,Manual,14232,Petrol,125,53.3,1.2
 Adam,2019,10290.0,Manual,231,Petrol,145,44.8,1.2
 Adam,2014,5695.0,Manual,15379,Petrol,125,53.3,1.2
 Adam,2017,8298.0,Manual,8521,Petrol,150,53.3,1.2
 Adam,2017,7625.0,Manual,13682,Petrol,145,53.3,1.2
 Adam,2014,6395.0,Manual,20415,Petrol,125,51.4,1.4
 Adam,2015,6498.0,Manual,67690,Petrol,125,52.3,1.4
 Adam,2015,6498.0,Manual,33564,Petrol,125,53.3,1.2
 Adam,2015,5395.0,Manual,39839,Petrol,125,53.3,1.2
 Adam,2017,7698.0,Manual,22923,Petrol,125,52.3,1.4
 Adam,2014,6950.0,Manual,29473,Petrol,125,53.3,1.2
 Adam,2019,9890.0,Manual,9,Petrol,150,44.8,1.2
 Adam,2016,6490.0,Manual,34559,Petrol,125,52.3,1.4
 Adam,2014,4995.0,Manual,39658,Petrol,125,53.3,1.2
 Adam,2014,6450.0,Manual,46266,Petrol,125,51.4,1.4
 Adam,2017,8495.0,Manual,18584,Petrol,145,53.3,1.2
 Adam,2019,8795.0,Manual,18,Petrol,145,44.8,1.2
 Adam,2018,9495.0,Manual,170,Petrol,145,44.8,1.2
 Adam,2019,9995.0,Manual,14,Petrol,145,44.8,1.2
 Adam,2016,5990.0,Manual,46677,Petrol,125,52.3,1.4
 Adam,2018,16285.0,Manual,7500,Petrol,145,53.3,1.2
 Adam,2016,7995.0,Manual,13000,Petrol,125,52.3,1.4
 Adam,2019,9990.0,Manual,10,Petrol,145,44.8,1.2
 Adam,2018,6995.0,Manual,18500,Petrol,145,53.3,1.2
 Adam,2017,8295.0,Manual,11260,Petrol,145,52.3,1.4
 Adam,2014,4798.0,Manual,60073,Petrol,125,53.3,1.2
 Adam,2014,5998.0,Manual,28515,Petrol,125,51.4,1.4
 Adam,2017,7990.0,Manual,26822,Petrol,125,53.3,1.2
 Adam,2017,7990.0,Manual,9654,Petrol,125,53.3,1.2
 Adam,2016,7998.0,Manual,38256,Petrol,125,53.3,1.2
 Adam,2017,7717.0,Manual,22728,Petrol,125,52.3,1.4
 Adam,2018,8971.0,Manual,18014,Petrol,150,53.3,1.2
 Adam,2016,6967.0,Manual,28060,Petrol,125,53.3,1.2
 Adam,2017,7600.0,Manual,25196,Petrol,150,53.3,1.2
 Adam,2016,7490.0,Manual,23788,Petrol,125,53.3,1.2
 Adam,2018,8971.0,Manual,20861,Petrol,150,53.3,1.2
 Adam,2018,8999.0,Manual,11348,Petrol,150,53.3,1.2
 Adam,2016,6999.0,Manual,41672,Petrol,125,53.3,1.2
 Adam,2014,5999.0,Manual,44499,Petrol,125,53.3,1.2
 Adam,2015,6750.0,Manual,42571,Petrol,125,53.3,1.4
 Adam,2015,6200.0,Manual,32754,Petrol,125,53.3,1.2
 Adam,2015,7791.0,Manual,20000,Petrol,125,53.3,1.2
 Adam,2014,7450.0,Manual,25000,Petrol,125,51.4,1.4
 Adam,2014,5000.0,Manual,33034,Petrol,125,53.3,1.2
 Adam,2014,5355.0,Manual,51866,Petrol,125,53.3,1.2
 Adam,2015,6620.0,Manual,24698,Petrol,125,53.3,1.2
 Adam,2015,7190.0,Manual,28187,Petrol,125,53.3,1.2
 Adam,2016,6591.0,Manual,41507,Petrol,125,53.3,1.2
 Adam,2018,9295.0,Manual,11609,Petrol,145,44.8,1.2
 Adam,2018,8999.0,Manual,5844,Petrol,145,53.3,1.2
 Adam,2016,7795.0,Manual,13500,Petrol,125,53.3,1.2
 Adam,2015,6766.0,Manual,42752,Petrol,30,57.6,1.0
 Adam,2016,7300.0,Manual,32772,Petrol,125,53.3,1.4
 Adam,2016,6999.0,Manual,38000,Petrol,125,53.3,1.4
 Adam,2019,10578.0,Manual,2891,Petrol,145,44.8,1.2
 Adam,2015,6795.0,Manual,74519,Petrol,125,53.3,1.4
 Adam,2017,7491.0,Manual,31055,Petrol,145,53.3,1.2
 Adam,2017,7290.0,Manual,16237,Petrol,125,53.3,1.2
 Adam,2016,7495.0,Manual,26835,Petrol,125,53.3,1.2
 Adam,2017,8495.0,Manual,33000,Petrol,150,53.3,1.2
 Adam,2018,8180.0,Manual,11216,Petrol,145,53.3,1.2
 Adam,2016,6665.0,Manual,21322,Petrol,125,52.3,1.4
 Adam,2014,5950.0,Manual,51470,Petrol,125,51.4,1.4
 Adam,2017,7821.0,Manual,8607,Petrol,150,53.3,1.2
 Adam,2017,7380.0,Manual,9689,Petrol,125,53.3,1.2
 Adam,2016,7709.0,Manual,9697,Petrol,125,53.3,1.2
 Adam,2016,8955.0,Manual,19842,Petrol,30,56.5,1.0
 Adam,2017,7995.0,Manual,33346,Petrol,150,53.3,1.2
 Adam,2017,9000.0,Semi-Auto,14771,Petrol,145,56.5,1.4
 Adam,2016,6825.0,Manual,32978,Petrol,125,52.3,1.4
 Adam,2013,6170.0,Manual,22149,Petrol,125,51.4,1.4
 Adam,2016,8000.0,Manual,7778,Petrol,125,52.3,1.4
 Adam,2016,6936.0,Manual,30034,Petrol,125,52.3,1.4
 Adam,2016,8270.0,Manual,17473,Petrol,125,53.3,1.2
 Adam,2015,7230.0,Manual,8066,Petrol,125,53.3,1.2
 Adam,2016,8412.0,Manual,5991,Petrol,125,53.3,1.2
 Adam,2019,9781.0,Manual,4500,Petrol,145,44.8,1.2
 Adam,2016,7790.0,Manual,14871,Petrol,125,53.3,1.2
 Adam,2017,7998.0,Manual,15859,Petrol,145,52.3,1.4
 Adam,2018,8899.0,Manual,3899,Petrol,145,53.3,1.2
 Adam,2017,6998.0,Manual,59357,Petrol,150,53.3,1.2
 Adam,2017,8895.0,Manual,21262,Petrol,125,52.3,1.4
 Adam,2017,8495.0,Manual,19315,Petrol,150,53.3,1.2
 Adam,2019,9298.0,Manual,6179,Petrol,145,44.8,1.2
 Adam,2016,7950.0,Manual,6500,Petrol,125,52.3,1.4
 Adam,2017,7991.0,Manual,24166,Petrol,145,53.3,1.2
 Adam,2016,7140.0,Manual,35574,Petrol,125,53.3,1.2
 Adam,2019,10500.0,Manual,13,Petrol,150,44.8,1.2
 Adam,2018,9500.0,Manual,1095,Petrol,150,53.3,1.2
 Adam,2016,6995.0,Manual,24069,Petrol,125,53.3,1.2
 Adam,2018,9291.0,Manual,10490,Petrol,145,57.7,1.0
 Adam,2017,7696.0,Manual,21910,Petrol,145,53.3,1.2
 Adam,2019,9999.0,Manual,500,Petrol,145,44.8,1.2
 Adam,2015,5805.0,Manual,37217,Petrol,125,53.3,1.2
 Adam,2018,7991.0,Manual,11667,Petrol,145,53.3,1.2
 Adam,2018,9995.0,Manual,16092,Petrol,145,44.8,1.2
 Adam,2018,8998.0,Manual,9744,Petrol,145,44.8,1.2
 Adam,2017,8132.0,Manual,23425,Petrol,125,53.3,1.2
 Adam,2017,7498.0,Manual,41285,Petrol,125,53.3,1.2
 Adam,2014,5999.0,Manual,30075,Petrol,125,53.3,1.4
 Adam,2018,8415.0,Manual,4298,Petrol,145,53.3,1.2
 Adam,2018,8597.0,Manual,5883,Petrol,145,44.8,1.2
 Adam,2019,9960.0,Manual,5408,Petrol,145,44.8,1.2
 Adam,2017,7491.0,Manual,10257,Petrol,150,53.3,1.2
 Adam,2018,8117.0,Manual,4261,Petrol,145,53.3,1.2
 Adam,2018,8470.0,Manual,16788,Petrol,145,53.3,1.2
 Adam,2019,10040.0,Manual,1948,Petrol,145,44.8,1.2
 Adam,2016,7202.0,Manual,14241,Petrol,125,52.3,1.4
 Adam,2018,8291.0,Manual,10608,Petrol,145,53.3,1.2
 Adam,2014,5821.0,Manual,30897,Petrol,125,51.4,1.4
 Adam,2016,7498.0,Manual,18257,Petrol,125,53.3,1.2
 Adam,2017,8020.0,Manual,6125,Petrol,145,53.3,1.2
 Adam,2014,5995.0,Manual,32127,Petrol,125,51.4,1.4
 Adam,2016,7298.0,Manual,22049,Petrol,125,52.3,1.4
 Adam,2016,8220.0,Manual,24363,Petrol,125,52.3,1.4
 Adam,2017,7895.0,Manual,25725,Petrol,145,53.3,1.2
 Adam,2019,10195.0,Manual,100,Petrol,145,44.8,1.2
 Adam,2018,9695.0,Manual,26745,Petrol,145,44.1,1.4
 Adam,2019,10995.0,Manual,100,Petrol,145,44.8,1.2
 Adam,2017,9000.0,Manual,24376,Petrol,145,53.3,1.2
 Adam,2017,7990.0,Manual,12148,Petrol,150,53.3,1.2
 Adam,2016,7500.0,Manual,32285,Petrol,125,53.3,1.2
 Adam,2017,7450.0,Manual,10557,Petrol,125,53.3,1.2
 Adam,2016,8030.0,Manual,11284,Petrol,125,53.3,1.2
 Adam,2019,9617.0,Manual,2018,Petrol,145,44.8,1.2
 Adam,2016,6798.0,Manual,29278,Petrol,125,53.3,1.2
 Adam,2017,7995.0,Manual,19746,Petrol,125,53.3,1.2
 Adam,2018,8700.0,Manual,21605,Petrol,150,53.3,1.2
 Adam,2016,7560.0,Manual,22800,Petrol,30,55.4,1.0
 Adam,2016,7508.0,Manual,14863,Petrol,125,53.3,1.2
 Adam,2017,8299.0,Manual,5626,Petrol,125,53.3,1.2
 Adam,2018,9499.0,Manual,4214,Petrol,145,53.3,1.2
 Adam,2018,9990.0,Manual,5371,Petrol,145,44.8,1.2
 Adam,2013,5000.0,Manual,75953,Petrol,125,51.4,1.4
 Adam,2017,8330.0,Manual,5224,Petrol,145,53.3,1.2
 Adam,2018,8325.0,Manual,20679,Petrol,145,44.8,1.2
 Adam,2016,7121.0,Manual,19568,Petrol,125,52.3,1.4
 Adam,2015,8350.0,Manual,11768,Petrol,30,57.6,1.0
 Adam,2017,8000.0,Manual,16759,Petrol,145,53.3,1.2
 Adam,2013,5290.0,Manual,35996,Petrol,125,53.3,1.2
 Adam,2017,8500.0,Manual,5962,Petrol,125,53.3,1.2
 Adam,2014,6290.0,Manual,44001,Petrol,125,53.3,1.2
 Adam,2019,9995.0,Manual,3000,Petrol,145,44.8,1.2
 Adam,2015,5991.0,Manual,44500,Petrol,125,53.3,1.2
 Adam,2017,8399.0,Manual,7000,Petrol,145,53.3,1.2
 Adam,2017,8495.0,Manual,41000,Petrol,30,57.6,1.0
 Adam,2013,6000.0,Manual,26000,Petrol,125,51.4,1.4
 Adam,2017,8792.0,Manual,18519,Petrol,145,53.3,1.2
 Adam,2019,9800.0,Manual,5465,Petrol,145,44.8,1.2
 Adam,2016,7241.0,Manual,32629,Petrol,125,52.3,1.4
 Adam,2017,7990.0,Manual,16636,Petrol,145,53.3,1.2
 Adam,2018,8500.0,Manual,8593,Petrol,145,53.3,1.2
 Adam,2016,6691.0,Manual,37389,Petrol,125,53.3,1.2
 Adam,2017,7499.0,Manual,23459,Petrol,125,53.3,1.2
 Adam,2017,7491.0,Manual,23571,Petrol,125,53.3,1.2
 Adam,2016,7992.0,Manual,7490,Petrol,125,52.3,1.4
 Adam,2017,7691.0,Manual,30829,Petrol,125,53.3,1.2
 Adam,2018,8599.0,Manual,11010,Petrol,145,53.3,1.2
 Adam,2014,6000.0,Manual,38702,Petrol,125,51.4,1.4
 Adam,2015,5695.0,Manual,30605,Petrol,125,53.3,1.2
 Adam,2015,6798.0,Manual,44788,Petrol,125,53.3,1.4
 Adam,2017,7820.0,Manual,15830,Petrol,125,53.3,1.2
 Adam,2016,7990.0,Manual,13214,Petrol,125,52.3,1.4
 Adam,2018,8495.0,Manual,11783,Petrol,145,44.8,1.2
 Adam,2018,8995.0,Manual,16500,Petrol,145,53.3,1.2
 Adam,2015,6795.0,Manual,36000,Petrol,125,52.3,1.4
 Adam,2016,7130.0,Manual,23737,Petrol,125,53.3,1.2
 Adam,2014,4995.0,Manual,49191,Petrol,125,51.4,1.4
 Adam,2018,8698.0,Manual,14514,Petrol,150,44.8,1.2
 Adam,2017,8020.0,Manual,17204,Petrol,125,53.3,1.2
 Adam,2014,6611.0,Manual,8900,Petrol,125,51.4,1.4
 Adam,2017,7561.0,Manual,15898,Petrol,145,53.3,1.2
 Adam,2016,7038.0,Manual,30450,Petrol,125,53.3,1.2
 Adam,2017,8125.0,Manual,6910,Petrol,145,53.3,1.2
 Adam,2015,7290.0,Manual,39691,Petrol,125,52.3,1.4
 Adam,2016,6960.0,Manual,25260,Petrol,125,53.3,1.2
 Adam,2019,9950.0,Manual,1803,Petrol,145,44.8,1.2
 Adam,2017,7990.0,Manual,24616,Petrol,145,53.3,1.2
 Adam,2015,6000.0,Manual,40014,Petrol,125,53.3,1.2
 Adam,2015,7211.0,Manual,40891,Petrol,30,57.6,1.0
 Adam,2018,8888.0,Manual,14947,Petrol,145,52.3,1.4
 Adam,2016,6999.0,Manual,30626,Petrol,125,53.3,1.2
 Adam,2015,6295.0,Manual,42077,Petrol,30,55.4,1.0
 Adam,2017,8200.0,Manual,5089,Petrol,145,53.3,1.2
 Adam,2017,10200.0,Manual,3689,Petrol,125,52.3,1.4
 Adam,2017,7660.0,Manual,15071,Petrol,145,53.3,1.2
 Adam,2017,7960.0,Manual,26100,Petrol,145,53.3,1.2
 Adam,2017,9000.0,Manual,7756,Petrol,150,53.3,1.2
 Adam,2016,6259.0,Manual,42280,Petrol,125,52.3,1.4
 Adam,2019,9990.0,Manual,2508,Petrol,145,53.3,1.2
 Adam,2019,9500.0,Manual,2411,Petrol,145,44.8,1.2
 Adam,2017,8250.0,Manual,7150,Petrol,145,53.3,1.2
 Adam,2019,9490.0,Manual,6291,Petrol,145,53.3,1.2
 Adam,2018,8695.0,Manual,13531,Petrol,145,44.8,1.2
 Adam,2017,7870.0,Manual,4110,Petrol,145,53.3,1.2
 Adam,2015,5510.0,Manual,39060,Petrol,125,53.3,1.4
 Adam,2016,7810.0,Manual,27100,Petrol,125,53.3,1.2
 Adam,2015,4780.0,Manual,77607,Petrol,125,53.3,1.2
 Adam,2017,8225.0,Manual,3500,Petrol,145,53.3,1.2
 Adam,2017,6995.0,Manual,34675,Petrol,145,52.3,1.4
 Adam,2017,8900.0,Manual,5597,Petrol,145,53.3,1.2
 Adam,2017,7500.0,Manual,21595,Petrol,125,53.3,1.2
 Adam,2017,8494.0,Manual,17412,Petrol,150,52.3,1.4
 Adam,2019,9850.0,Manual,5034,Petrol,150,44.8,1.2
 Adam,2016,7250.0,Manual,23885,Petrol,125,53.3,1.2
 Adam,2018,8988.0,Manual,6695,Petrol,145,53.3,1.2
 Adam,2019,10400.0,Manual,2569,Petrol,145,44.8,1.2
 Adam,2017,6790.0,Manual,33157,Petrol,125,52.3,1.4
 Adam,2015,6250.0,Manual,10870,Petrol,125,53.3,1.2
 Adam,2019,9700.0,Manual,2594,Petrol,145,44.8,1.2
 Adam,2013,5995.0,Manual,32800,Petrol,125,51.4,1.4
 Adam,2015,7995.0,Manual,8500,Petrol,125,53.3,1.2
 Adam,2014,5620.0,Manual,45822,Petrol,125,53.3,1.2
 Adam,2014,5300.0,Manual,28227,Petrol,125,53.3,1.2
 Adam,2017,7350.0,Manual,19804,Petrol,150,53.3,1.2
 Adam,2019,9467.0,Manual,9131,Petrol,150,44.8,1.2
 Adam,2017,8490.0,Manual,17460,Petrol,125,53.3,1.2
 Adam,2017,8140.0,Manual,12536,Petrol,125,53.3,1.2
 Adam,2015,7000.0,Manual,55000,Petrol,150,47.9,1.4
 Adam,2018,8490.0,Manual,27704,Petrol,150,53.3,1.2
 Adam,2018,10996.0,Manual,3755,Petrol,145,53.3,1.2
 Adam,2015,6620.0,Manual,38561,Petrol,125,53.3,1.2
 Adam,2019,10995.0,Manual,100,Petrol,150,53.3,1.2
 Adam,2015,7310.0,Manual,7524,Petrol,125,53.3,1.2
 Adam,2018,8720.0,Manual,7358,Petrol,145,53.3,1.2
 Adam,2017,6799.0,Manual,33609,Petrol,145,53.3,1.2
 Adam,2018,8799.0,Manual,27704,Petrol,145,53.3,1.2
 Adam,2019,10495.0,Manual,20,Petrol,150,44.8,1.2
 Adam,2016,8000.0,Manual,12096,Petrol,125,52.3,1.4
 Adam,2019,10995.0,Manual,13,Petrol,150,44.8,1.2
 Adam,2019,10995.0,Manual,10,Petrol,150,44.8,1.2
 Adam,2015,7799.0,Manual,23594,Petrol,125,52.3,1.4
 Adam,2017,7499.0,Manual,30337,Petrol,150,52.3,1.4
 Adam,2019,10995.0,Manual,10,Petrol,145,44.8,1.2
 Adam,2014,6799.0,Manual,26152,Petrol,125,53.3,1.2
 Adam,2018,9495.0,Manual,11158,Petrol,145,53.3,1.2
 Adam,2017,7995.0,Manual,33399,Petrol,145,53.3,1.2
 Adam,2018,8795.0,Manual,20845,Petrol,145,53.3,1.2
 Adam,2017,8399.0,Manual,14299,Petrol,150,55.4,1.0
 Adam,2017,10499.0,Semi-Auto,11907,Petrol,30,56.5,1.4
 Adam,2016,8995.0,Semi-Auto,24500,Petrol,30,56.5,1.4
 Adam,2017,7995.0,Manual,25629,Petrol,125,53.3,1.2
 Adam,2018,9195.0,Manual,14085,Petrol,145,44.8,1.2
 Adam,2016,7290.0,Manual,28936,Petrol,125,53.3,1.2
 Adam,2014,6345.0,Manual,40955,Petrol,125,53.3,1.4
 Adam,2018,8790.0,Manual,21951,Petrol,145,53.3,1.2
 Adam,2017,7490.0,Manual,32000,Petrol,150,53.3,1.2
 Adam,2015,6495.0,Manual,38317,Petrol,125,53.3,1.2
 Adam,2016,6443.0,Manual,41524,Petrol,125,53.3,1.2
 Adam,2017,8150.0,Manual,12836,Petrol,145,53.3,1.2
 Adam,2017,8590.0,Manual,10531,Petrol,145,53.3,1.2
 Adam,2017,7999.0,Manual,40270,Petrol,125,53.3,1.2
 Adam,2015,6499.0,Manual,21429,Petrol,30,57.6,1.2
 Adam,2016,8495.0,Manual,29229,Petrol,30,57.6,1.0
 Adam,2019,9990.0,Manual,7123,Petrol,145,44.8,1.2
 Adam,2017,8260.0,Manual,22520,Petrol,145,53.3,1.2
 Adam,2017,9999.0,Manual,8387,Petrol,145,53.3,1.2
 Adam,2015,8750.0,Manual,37856,Petrol,145,47.9,1.4
 Adam,2017,7695.0,Manual,47409,Petrol,125,52.3,1.4
 Adam,2017,7325.0,Manual,37061,Petrol,125,53.3,1.2
 Adam,2017,7995.0,Manual,19250,Petrol,150,53.3,1.2
 Adam,2019,9743.0,Manual,1160,Petrol,145,44.8,1.2
 Adam,2016,6770.0,Manual,39638,Petrol,125,53.3,1.2
 Adam,2019,9995.0,Manual,10000,Petrol,145,44.8,1.2
 Adam,2017,9995.0,Manual,21873,Petrol,145,52.3,1.4
 Adam,2017,7490.0,Manual,13848,Petrol,145,53.3,1.2
 Adam,2017,6890.0,Manual,31389,Petrol,125,53.3,1.2
 Adam,2018,8970.0,Manual,5700,Petrol,145,44.8,1.2
 Adam,2019,10995.0,Manual,8,Petrol,145,44.8,1.2
 Adam,2017,7980.0,Manual,13501,Petrol,145,53.3,1.2
 Adam,2017,7390.0,Manual,12198,Petrol,145,53.3,1.2
 Adam,2019,9999.0,Manual,1857,Petrol,145,44.8,1.2
 Adam,2019,9999.0,Manual,6293,Petrol,145,44.8,1.2
 Adam,2018,8499.0,Manual,16374,Petrol,145,44.8,1.2
 Adam,2013,5947.0,Manual,21651,Petrol,125,51.4,1.4
 Adam,2018,9499.0,Manual,3569,Petrol,145,53.3,1.2
 Adam,2015,6550.0,Manual,28000,Petrol,125,53.3,1.4
 Adam,2014,6171.0,Manual,31526,Petrol,125,51.4,1.4
 Adam,2016,8378.0,Manual,22875,Petrol,125,52.3,1.4
 Adam,2016,5999.0,Manual,28135,Petrol,125,53.3,1.2
 Adam,2014,5699.0,Manual,27326,Petrol,125,53.3,1.2
 Adam,2019,10498.0,Manual,2424,Petrol,150,44.8,1.2
 Adam,2019,10495.0,Manual,3455,Petrol,145,44.8,1.2
 Adam,2018,8895.0,Manual,17800,Petrol,145,53.3,1.2
 Adam,2014,6495.0,Manual,57750,Petrol,125,53.3,1.4
 Adam,2019,8495.0,Manual,8000,Petrol,145,44.8,1.2
 Adam,2019,9995.0,Manual,9,Petrol,145,44.8,1.2
 Adam,2017,7999.0,Manual,7390,Petrol,150,53.3,1.2
 Adam,2016,7499.0,Manual,24456,Petrol,125,53.3,1.2
 Adam,2017,7499.0,Manual,23133,Petrol,150,53.3,1.2
 Adam,2016,7499.0,Manual,26703,Petrol,125,53.3,1.2
 Adam,2018,12499.0,Manual,9037,Petrol,145,44.8,1.2
 Adam,2018,8999.0,Manual,17281,Petrol,150,53.3,1.2
 Adam,2017,8499.0,Manual,9647,Petrol,125,53.3,1.2
 Adam,2014,5750.0,Manual,17000,Petrol,125,53.3,1.2
 Adam,2017,7290.0,Manual,32530,Petrol,125,53.3,1.2
 Adam,2018,7875.0,Manual,22157,Petrol,145,53.3,1.2
 Adam,2019,9994.0,Manual,529,Petrol,145,44.8,1.2
 Adam,2017,7995.0,Manual,8000,Petrol,145,53.3,1.2
 Adam,2018,8994.0,Manual,1753,Petrol,145,44.8,1.2
 Adam,2018,8994.0,Manual,1312,Petrol,145,44.8,1.2
 Adam,2018,8994.0,Manual,4734,Petrol,145,53.3,1.2
 Adam,2018,8994.0,Manual,3609,Petrol,145,44.8,1.2
 Adam,2018,8750.0,Manual,3288,Petrol,145,53.3,1.2
 Adam,2018,9450.0,Manual,4624,Petrol,145,44.8,1.2
 Adam,2018,9999.0,Manual,4933,Petrol,145,53.3,1.2
 Adam,2016,7450.0,Manual,14005,Petrol,125,53.3,1.4
 Adam,2015,7100.0,Manual,29577,Petrol,125,52.3,1.4
 Adam,2014,6000.0,Manual,30151,Petrol,125,53.3,1.2
 Adam,2014,6300.0,Manual,24517,Petrol,125,51.4,1.4
 Adam,2016,7500.0,Manual,22958,Petrol,125,53.3,1.4
 Adam,2015,7300.0,Manual,28938,Petrol,125,53.3,1.4
 Adam,2018,9000.0,Manual,25731,Petrol,145,44.1,0.0
 Adam,2016,7500.0,Manual,13000,Petrol,125,53.3,1.2
 Adam,2018,7990.0,Manual,18000,Petrol,145,53.3,1.2
 Adam,2019,11000.0,Manual,5,Petrol,145,44.8,1.2
 Adam,2016,7000.0,Manual,30000,Petrol,125,53.3,1.2
 Adam,2019,10750.0,Manual,1570,Petrol,145,44.8,1.2
 Adam,2016,8014.0,Manual,15922,Petrol,125,53.3,1.2
 Adam,2016,6990.0,Manual,18162,Petrol,125,53.3,1.2
 Adam,2015,5990.0,Manual,43289,Petrol,125,53.3,1.4
 Adam,2016,6999.0,Manual,34651,Petrol,125,53.3,1.2
 Adam,2014,5596.0,Manual,51254,Petrol,30,56.5,1.2
 Adam,2014,5561.0,Manual,55861,Petrol,125,53.3,1.2
 Adam,2013,5497.0,Manual,49879,Petrol,125,51.4,1.4
 Adam,2015,7660.0,Manual,9350,Petrol,125,53.3,1.4
 Adam,2013,4999.0,Manual,50000,Petrol,125,53.3,1.2
 Adam,2015,6495.0,Manual,43951,Petrol,125,53.3,1.2
 Adam,2014,6522.0,Manual,25001,Petrol,125,51.4,1.4
 Adam,2015,7500.0,Manual,16458,Petrol,125,51.4,1.4
 Adam,2017,10500.0,Manual,17350,Petrol,145,47.9,1.4
 Adam,2015,6000.0,Manual,48704,Petrol,125,51.4,1.4
 Adam,2016,7700.0,Manual,23011,Petrol,125,53.3,1.2
 Adam,2016,8300.0,Manual,29327,Petrol,125,52.3,1.4
 Adam,2016,8000.0,Manual,20324,Petrol,125,53.3,1.2
 Adam,2016,7600.0,Manual,10837,Petrol,125,53.3,1.2
 Adam,2015,7600.0,Manual,27174,Petrol,125,53.3,1.4
 Adam,2016,6600.0,Manual,38171,Petrol,125,53.3,1.2
 Adam,2015,6700.0,Manual,32068,Petrol,125,53.3,1.2
 Adam,2016,7400.0,Manual,26441,Petrol,125,53.3,1.2
 Adam,2016,7400.0,Manual,25723,Petrol,125,53.3,1.2
 Adam,2014,6000.0,Manual,50980,Petrol,125,51.4,1.4
 Adam,2015,7200.0,Manual,24069,Petrol,125,52.3,1.4
 Adam,2015,7000.0,Manual,27004,Petrol,125,53.3,1.2
 Adam,2018,9800.0,Manual,5401,Petrol,145,53.3,1.2
 Adam,2017,7700.0,Manual,44929,Petrol,145,53.3,1.2
 Adam,2018,9500.0,Manual,9912,Petrol,150,44.8,1.2
 Adam,2019,10700.0,Manual,12,Petrol,150,44.8,1.2
 Adam,2018,9000.0,Manual,29004,Petrol,145,52.3,1.4
 Adam,2017,8000.0,Manual,9983,Petrol,125,53.3,1.2
 Adam,2018,9100.0,Manual,5888,Petrol,145,53.3,1.2
 Adam,2017,8700.0,Manual,14165,Petrol,145,53.3,1.2
 Adam,2016,7200.0,Manual,18182,Petrol,125,52.3,1.4
 Adam,2018,9249.0,Manual,2339,Petrol,145,44.8,1.2
 Adam,2015,7299.0,Manual,20090,Petrol,125,53.3,1.4
 Adam,2013,7000.0,Manual,15303,Petrol,125,51.4,1.4
 Adam,2019,13499.0,Manual,1296,Petrol,145,44.8,1.2
 Adam,2018,8999.0,Manual,6736,Petrol,140,53.3,1.2
 Adam,2019,8799.0,Manual,1054,Petrol,145,44.8,1.2
 Adam,2015,7499.0,Manual,8522,Petrol,125,53.3,1.4
 Adam,2017,7499.0,Manual,5200,Petrol,145,53.3,1.2
 Adam,2015,7900.0,Manual,10716,Petrol,125,52.3,1.4
 Adam,2016,8295.0,Manual,25038,Petrol,125,52.3,1.4
 Adam,2017,9799.0,Manual,14190,Petrol,150,47.9,1.4
 Adam,2016,6699.0,Manual,29000,Petrol,125,53.3,1.2
 Adam,2014,5499.0,Manual,36781,Petrol,125,53.3,1.2
 Adam,2016,7299.0,Manual,28694,Petrol,125,53.3,1.2
 Adam,2017,7495.0,Manual,24182,Petrol,150,53.3,1.2
 Adam,2013,5499.0,Manual,64257,Petrol,125,53.3,1.2
 Adam,2017,7499.0,Manual,25280,Petrol,150,53.3,1.2
 Adam,2015,6799.0,Manual,28000,Petrol,125,53.3,1.4
 Adam,2014,5799.0,Manual,41200,Petrol,125,51.4,1.4
 Adam,2018,7299.0,Manual,45238,Petrol,145,53.3,1.2
 Adam,2015,6499.0,Manual,27500,Petrol,30,57.6,1.0
 Adam,2017,7699.0,Manual,16180,Petrol,125,53.3,1.2
 Adam,2017,6795.0,Manual,37464,Petrol,150,52.3,1.4
 Adam,2019,9999.0,Manual,3000,Petrol,145,53.3,1.2
 Adam,2014,5950.0,Manual,54968,Petrol,125,51.4,1.4
 Adam,2017,7749.0,Manual,21882,Petrol,125,53.3,1.2
 Adam,2018,11499.0,Manual,14000,Petrol,140,42.2,1.4
 Adam,2017,7699.0,Manual,22641,Petrol,125,53.3,1.2
 Adam,2013,5299.0,Manual,40474,Petrol,125,51.4,1.4
 Adam,2014,6149.0,Manual,32000,Petrol,125,51.4,1.4
 Adam,2013,5495.0,Manual,48395,Petrol,125,53.3,1.2
 Adam,2018,7899.0,Manual,16400,Petrol,145,53.3,1.2
 Adam,2017,8499.0,Manual,17657,Petrol,125,53.3,1.2
 Adam,2013,5295.0,Manual,59000,Petrol,30,55.4,1.4
 Adam,2017,8490.0,Manual,8854,Petrol,150,53.3,1.2
 Adam,2017,7990.0,Manual,27511,Petrol,150,52.3,1.4
 Adam,2017,8499.0,Manual,1000,Petrol,125,53.3,1.2
 Adam,2017,7999.0,Manual,9300,Petrol,145,53.3,1.2
 Adam,2016,6898.0,Manual,49632,Petrol,125,53.3,1.4
 Adam,2019,10500.0,Manual,7000,Petrol,145,44.8,1.2
 Adam,2019,10250.0,Manual,291,Petrol,145,44.8,1.2
 Adam,2019,10500.0,Manual,232,Petrol,145,44.8,1.2
 Adam,2014,6450.0,Manual,27000,Petrol,125,51.4,1.4
 Adam,2016,7950.0,Manual,12058,Petrol,125,53.3,1.2
 Adam,2018,10395.0,Manual,44,Petrol,150,53.3,1.2
 Adam,2018,8495.0,Manual,24925,Petrol,145,53.3,1.2
 Adam,2016,8900.0,Manual,22241,Petrol,30,57.6,1.0
 Adam,2015,6000.0,Manual,33245,Petrol,125,53.3,1.2
 Adam,2018,10495.0,Manual,900,Petrol,145,56.5,1.4
 Adam,2016,6895.0,Manual,22145,Petrol,125,53.3,1.2
 Adam,2018,9499.0,Manual,14330,Petrol,150,53.3,1.2
 Adam,2015,7195.0,Manual,18000,Petrol,125,51.4,1.4
 Adam,2014,6600.0,Manual,32809,Petrol,125,52.3,1.4
 Adam,2017,7475.0,Manual,22500,Petrol,145,53.3,1.2
 Adam,2016,7000.0,Manual,30517,Petrol,125,52.3,1.4
 Adam,2015,6100.0,Manual,49150,Petrol,125,53.3,1.2
 Adam,2014,3990.0,Manual,85086,Petrol,125,51.4,1.4
 Adam,2019,9743.0,Manual,1350,Petrol,145,44.8,1.2
 Adam,2019,10795.0,Manual,2959,Petrol,145,44.8,1.2
 Adam,2019,9740.0,Manual,1427,Petrol,145,44.8,1.2
 Adam,2015,6995.0,Manual,15430,Petrol,125,53.3,1.2
 Adam,2019,10995.0,Manual,3900,Petrol,145,44.8,1.2
 Adam,2017,9930.0,Manual,2650,Petrol,140,53.3,1.2
 Adam,2017,8282.0,Manual,4553,Petrol,145,53.3,1.2
 Adam,2017,8430.0,Manual,6300,Petrol,125,53.3,1.2
 Adam,2016,7999.0,Manual,21000,Petrol,125,53.3,1.4
 Adam,2018,9258.0,Manual,7235,Petrol,145,44.8,1.2
 Adam,2016,8143.0,Manual,4092,Petrol,125,53.3,1.2
 Grandland X,2019,16130.0,Manual,7330,Petrol,145,44.1,1.2
 Grandland X,2018,16000.0,Manual,30348,Petrol,145,55.4,1.5
 Grandland X,2019,17118.0,Automatic,1185,Diesel,145,57.7,1.5
 Grandland X,2019,18495.0,Manual,3156,Petrol,145,44.1,1.2
 Grandland X,2019,18495.0,Manual,13297,Petrol,145,44.1,1.2
 Grandland X,2018,14995.0,Manual,20732,Diesel,145,70.6,1.6
 Grandland X,2018,13995.0,Manual,24313,Diesel,145,70.6,1.6
 Grandland X,2019,17995.0,Manual,14776,Petrol,145,44.1,1.2
 Grandland X,2018,14995.0,Manual,24056,Petrol,145,55.4,1.2
 Grandland X,2019,18795.0,Manual,11973,Petrol,145,44.1,1.2
 Grandland X,2019,19985.0,Automatic,10,Diesel,145,57.7,1.5
 Grandland X,2018,17698.0,Manual,17775,Petrol,145,44.1,1.2
 Grandland X,2019,17995.0,Manual,12765,Petrol,145,44.1,1.2
 Grandland X,2019,15498.0,Manual,12408,Petrol,150,44.1,1.2
 Grandland X,2019,16198.0,Automatic,18435,Petrol,150,43.5,1.2
 Grandland X,2019,15998.0,Manual,14062,Petrol,145,44.1,1.2
 Grandland X,2019,15998.0,Manual,13553,Diesel,150,56.5,1.5
 Grandland X,2019,15998.0,Manual,10516,Petrol,145,44.1,1.2
 Grandland X,2018,17998.0,Manual,14833,Petrol,145,44.1,1.2
 Grandland X,2020,17498.0,Manual,808,Petrol,150,45.6,1.2
 Grandland X,2019,16498.0,Manual,8890,Diesel,145,56.5,1.5
 Grandland X,2019,15998.0,Manual,11752,Diesel,150,48.7,1.5
 Grandland X,2019,16498.0,Manual,7616,Diesel,145,56.5,1.5
 Grandland X,2019,16498.0,Automatic,17530,Petrol,145,43.5,1.2
 Grandland X,2019,16970.0,Manual,14703,Diesel,145,56.5,1.5
 Grandland X,2019,15990.0,Manual,5533,Petrol,145,44.1,1.2
 Grandland X,2019,16970.0,Manual,15557,Diesel,145,56.5,1.5
 Grandland X,2018,16998.0,Manual,18374,Petrol,145,44.1,1.2
 Grandland X,2019,15995.0,Manual,3000,Petrol,145,44.1,1.2
 Grandland X,2019,19390.0,Manual,6752,Diesel,145,48.7,1.5
 Grandland X,2018,14498.0,Automatic,25132,Diesel,150,65.7,1.6
 Grandland X,2019,15320.0,Manual,10661,Petrol,145,44.1,1.2
 Grandland X,2019,18990.0,Automatic,100,Diesel,145,57.7,1.5
 Grandland X,2019,19500.0,Manual,4578,Petrol,145,44.1,1.2
 Grandland X,2018,14190.0,Manual,9187,Diesel,145,70.6,1.6
 Grandland X,2018,14040.0,Manual,6889,Diesel,145,70.6,1.6
 Grandland X,2019,15680.0,Manual,11245,Petrol,145,44.1,1.2
 Grandland X,2019,17700.0,Manual,11372,Petrol,145,44.1,1.2
 Grandland X,2019,17495.0,Manual,8800,Petrol,145,44.1,1.2
 Grandland X,2018,13245.0,Automatic,32753,Diesel,145,65.7,1.6
 Grandland X,2018,14995.0,Manual,11251,Petrol,145,55.4,1.2
 Grandland X,2018,14995.0,Manual,48791,Diesel,145,56.5,1.5
 Grandland X,2018,13595.0,Manual,11583,Petrol,145,55.4,1.2
 Grandland X,2019,17995.0,Automatic,10,Diesel,145,57.7,1.5
 Grandland X,2019,14950.0,Manual,5102,Petrol,145,44.1,1.2
 Grandland X,2019,15995.0,Manual,11565,Petrol,145,44.1,1.2
 Grandland X,2019,18245.0,Manual,3614,Petrol,145,44.1,1.2
 Grandland X,2018,13995.0,Automatic,14200,Diesel,145,65.7,1.6
 Grandland X,2018,16000.0,Manual,10426,Petrol,150,55.4,1.2
 Grandland X,2018,15495.0,Manual,35597,Diesel,145,56.5,1.5
 Grandland X,2019,15970.0,Manual,22327,Petrol,145,44.1,1.2
 Grandland X,2019,16780.0,Manual,5490,Petrol,145,44.1,1.2
 Grandland X,2019,18810.0,Manual,5500,Diesel,145,48.7,1.5
 Grandland X,2019,16620.0,Manual,12211,Petrol,145,44.1,1.2
 Grandland X,2019,19971.0,Automatic,5902,Petrol,145,42.8,1.2
 Grandland X,2018,16499.0,Manual,10910,Petrol,150,44.1,1.2
 Grandland X,2018,15750.0,Manual,5000,Petrol,145,44.1,1.2
 Grandland X,2019,16140.0,Manual,4077,Diesel,145,53.3,1.5
 Grandland X,2019,15490.0,Manual,599,Petrol,145,44.1,1.2
 Grandland X,2019,19991.0,Manual,3287,Petrol,145,45.6,1.2
 Grandland X,2018,15220.0,Manual,12664,Diesel,145,70.6,1.6
 Grandland X,2019,18940.0,Manual,2128,Diesel,145,56.5,1.5
 Grandland X,2019,15798.0,Manual,15127,Diesel,145,56.5,1.5
 Grandland X,2019,18200.0,Manual,5711,Petrol,145,44.1,1.2
 Grandland X,2019,17301.0,Manual,15443,Petrol,145,44.1,1.2
 Grandland X,2018,15600.0,Automatic,32842,Diesel,145,57.7,1.5
 Grandland X,2018,13500.0,Manual,33129,Diesel,145,56.5,1.5
 Grandland X,2018,13999.0,Manual,41045,Diesel,145,56.5,1.5
 Grandland X,2019,15798.0,Manual,12539,Diesel,150,56.5,1.5
 Grandland X,2019,15798.0,Manual,13581,Diesel,150,48.7,1.5
 Grandland X,2019,15498.0,Manual,20535,Diesel,145,56.5,1.5
 Grandland X,2018,14698.0,Manual,16278,Petrol,150,55.4,1.2
 Grandland X,2019,13965.0,Manual,5955,Petrol,145,44.1,1.2
 Grandland X,2019,15498.0,Manual,20573,Diesel,150,56.5,1.5
 Grandland X,2018,15000.0,Manual,17500,Petrol,145,55.4,1.2
 Grandland X,2019,16400.0,Manual,7816,Petrol,145,44.1,1.2
 Grandland X,2019,16883.0,Manual,3879,Petrol,145,44.1,1.2
 Grandland X,2019,15698.0,Manual,7581,Diesel,145,56.5,1.5
 Grandland X,2019,19400.0,Automatic,7450,Diesel,145,57.7,1.5
 Grandland X,2018,16220.0,Automatic,8166,Petrol,145,54.3,1.2
 Grandland X,2019,19600.0,Manual,4890,Petrol,145,45.6,1.2
 Grandland X,2019,17998.0,Manual,40,Diesel,145,56.5,1.5
 Grandland X,2019,14800.0,Manual,7218,Petrol,145,44.1,1.2
 Grandland X,2018,16300.0,Automatic,21252,Diesel,145,57.7,1.5
 Grandland X,2018,15795.0,Manual,21897,Petrol,145,52.3,1.2
 Grandland X,2019,18999.0,Automatic,4557,Diesel,145,57.7,1.5
 Grandland X,2019,16899.0,Manual,9567,Petrol,150,44.1,1.2
 Grandland X,2018,17499.0,Manual,11118,Petrol,145,44.1,1.2
 Grandland X,2018,13698.0,Manual,12012,Petrol,150,44.1,1.2
 Grandland X,2019,19990.0,Manual,9751,Diesel,145,48.7,1.5
 Grandland X,2019,15449.0,Manual,12751,Petrol,145,44.1,1.2
 Grandland X,2019,17599.0,Manual,11624,Petrol,145,44.1,1.2
 Grandland X,2019,17998.0,Manual,31,Diesel,145,56.5,1.5
 Grandland X,2018,14199.0,Automatic,22087,Diesel,145,65.7,1.6
 Grandland X,2019,18999.0,Automatic,724,Petrol,145,43.5,1.2
 Grandland X,2019,15999.0,Automatic,2141,Petrol,145,43.5,1.2
 Grandland X,2018,15100.0,Automatic,38383,Diesel,145,57.7,1.5
 Grandland X,2019,17999.0,Manual,6351,Diesel,145,48.7,1.5
 Grandland X,2019,18480.0,Manual,13962,Petrol,150,44.1,1.2
 Grandland X,2018,15399.0,Manual,11133,Petrol,145,55.4,1.2
 Grandland X,2018,15000.0,Manual,5845,Petrol,150,44.1,1.2
 Grandland X,2019,16500.0,Manual,6459,Petrol,150,44.1,1.2
 Grandland X,2018,15246.0,Automatic,3856,Petrol,145,43.5,1.2
 Grandland X,2019,18121.0,Automatic,11,Diesel,145,57.7,1.5
 Grandland X,2019,18000.0,Manual,18,Diesel,145,70.6,1.6
 Grandland X,2019,18447.0,Manual,4007,Petrol,145,44.1,1.2
 Grandland X,2019,16000.0,Automatic,1612,Petrol,145,43.5,1.2
 Grandland X,2019,18498.0,Manual,5797,Diesel,145,48.7,1.5
 Grandland X,2019,17500.0,Automatic,10781,Petrol,150,43.5,1.2
 Grandland X,2018,15000.0,Manual,10112,Petrol,145,55.4,1.2
 Grandland X,2018,16000.0,Manual,16578,Diesel,150,56.5,1.5
 Grandland X,2019,17499.0,Manual,2876,Diesel,145,55.4,1.5
 Grandland X,2019,18500.0,Manual,12071,Diesel,145,56.5,1.5
 Grandland X,2019,17991.0,Manual,6524,Diesel,145,55.4,1.5
 Grandland X,2019,15991.0,Manual,5594,Petrol,145,44.1,1.2
 Grandland X,2019,18693.0,Manual,11277,Petrol,145,44.1,1.2
 Grandland X,2018,16195.0,Automatic,16669,Diesel,145,65.7,1.6
 Grandland X,2018,14699.0,Manual,10163,Diesel,145,56.5,1.5
 Grandland X,2018,14050.0,Manual,9389,Diesel,145,70.6,1.6
 Grandland X,2018,15499.0,Manual,9937,Diesel,145,70.6,1.6
 Grandland X,2018,13199.0,Manual,15943,Petrol,150,55.4,1.2
 Grandland X,2019,15300.0,Manual,4005,Petrol,145,44.1,1.2
 Grandland X,2019,18491.0,Manual,6259,Diesel,145,48.7,1.5
 Grandland X,2018,13990.0,Manual,26952,Diesel,145,70.6,1.6
 Grandland X,2019,15640.0,Manual,3349,Petrol,145,44.1,1.2
 Grandland X,2019,17120.0,Automatic,12502,Diesel,145,57.7,1.5
 Grandland X,2019,15998.0,Manual,13717,Petrol,150,44.1,1.2
 Grandland X,2019,15998.0,Manual,12301,Diesel,150,56.5,1.5
 Grandland X,2019,16298.0,Manual,8646,Diesel,150,48.7,1.5
 Grandland X,2019,15698.0,Manual,22921,Petrol,145,44.1,1.2
 Grandland X,2019,18193.0,Manual,11148,Petrol,145,44.1,1.2
 Grandland X,2018,16395.0,Automatic,16669,Diesel,150,65.7,1.6
 Grandland X,2019,16498.0,Manual,6440,Diesel,145,48.7,1.5
 Grandland X,2019,16298.0,Manual,9616,Petrol,150,44.1,1.2
 Grandland X,2019,15998.0,Manual,9935,Diesel,150,56.5,1.5
 Grandland X,2018,17998.0,Automatic,20186,Petrol,150,51.4,1.2
 Grandland X,2019,15798.0,Manual,10586,Diesel,150,48.7,1.5
 Grandland X,2019,15798.0,Manual,13284,Diesel,150,48.7,1.5
 Grandland X,2019,18193.0,Manual,11703,Petrol,145,44.1,1.2
 Grandland X,2019,18393.0,Manual,9859,Petrol,145,44.1,1.2
 Grandland X,2019,15590.0,Manual,18853,Petrol,150,44.1,1.2
 Grandland X,2018,13850.0,Manual,26779,Diesel,145,56.5,1.5
 Grandland X,2019,15998.0,Manual,14549,Petrol,150,44.1,1.2
 Grandland X,2019,16298.0,Manual,8039,Diesel,150,48.7,1.5
 Grandland X,2019,15495.0,Manual,7440,Petrol,145,44.1,1.2
 Grandland X,2019,18991.0,Manual,11015,Petrol,145,44.1,1.2
 Grandland X,2018,13913.0,Manual,26128,Diesel,145,56.5,1.5
 Grandland X,2019,19190.0,Automatic,16228,Diesel,150,57.7,1.5
 Grandland X,2019,15495.0,Manual,8753,Petrol,145,44.1,1.2
 Grandland X,2018,14989.0,Manual,7287,Diesel,145,70.6,1.6
 Grandland X,2018,15999.0,Manual,12909,Petrol,150,55.4,1.2
 Grandland X,2018,13587.0,Manual,11011,Diesel,145,70.6,1.6
 Grandland X,2019,16570.0,Manual,2460,Petrol,145,44.1,1.2
 Grandland X,2018,13677.0,Manual,10480,Diesel,145,70.6,1.6
 Grandland X,2019,16320.0,Manual,6167,Petrol,145,44.1,1.2
 Grandland X,2019,17698.0,Manual,63,Diesel,145,56.5,1.5
 Grandland X,2018,15590.0,Automatic,15263,Petrol,145,54.3,1.2
 Grandland X,2019,18132.0,Manual,11292,Petrol,150,44.1,1.2
 Grandland X,2020,17600.0,Manual,10,Petrol,145,45.6,1.2
 Grandland X,2019,16300.0,Manual,10,Petrol,150,44.1,1.2
 Grandland X,2019,16300.0,Manual,10,Petrol,145,44.1,1.2
 Grandland X,2018,14800.0,Manual,21337,Diesel,145,70.6,1.6
 Grandland X,2019,17700.0,Manual,13563,Petrol,145,44.1,1.2
 Grandland X,2019,17700.0,Manual,13328,Petrol,145,44.1,1.2
 Grandland X,2019,16899.0,Manual,14693,Diesel,145,56.5,1.5
 Grandland X,2018,14650.0,Automatic,15116,Diesel,145,65.7,1.6
 Grandland X,2019,16400.0,Manual,10,Petrol,145,44.1,1.2
 Grandland X,2019,17844.0,Automatic,2035,Diesel,145,57.7,1.5
 Grandland X,2019,18495.0,Automatic,11682,Petrol,145,43.5,1.2
 Grandland X,2018,17664.0,Automatic,4355,Diesel,145,57.7,1.5
 Grandland X,2018,14495.0,Manual,11000,Petrol,150,55.4,1.2
 Grandland X,2018,14295.0,Automatic,15885,Diesel,150,65.7,1.6
 Grandland X,2019,14995.0,Manual,16032,Petrol,150,44.1,1.2
 Grandland X,2018,16995.0,Manual,9400,Petrol,145,55.4,1.2
 Grandland X,2019,18299.0,Manual,11795,Petrol,150,44.1,1.2
 Grandland X,2019,19990.0,Manual,7234,Petrol,145,45.6,1.2
 Grandland X,2018,15000.0,Manual,29177,Diesel,150,56.5,1.5
 Grandland X,2018,13866.0,Automatic,24431,Diesel,145,65.7,1.6
 Grandland X,2019,18499.0,Manual,9553,Diesel,145,48.7,1.5
 Grandland X,2018,15498.0,Manual,8500,Petrol,145,55.4,1.2
 Grandland X,2019,16620.0,Manual,5143,Petrol,145,44.1,1.2
 Grandland X,2019,17598.0,Manual,14255,Petrol,145,44.1,1.2
 Grandland X,2018,16299.0,Manual,32026,Diesel,145,56.5,1.5
 Grandland X,2019,17000.0,Manual,10218,Diesel,145,56.5,1.5
 Grandland X,2019,19990.0,Manual,8041,Diesel,145,48.7,1.5
 Grandland X,2018,15799.0,Manual,22794,Diesel,145,56.5,1.5
 Grandland X,2019,15180.0,Manual,15114,Diesel,145,56.5,1.5
 Grandland X,2019,19580.0,Manual,5084,Diesel,145,48.7,1.5
 Grandland X,2019,18659.0,Automatic,4285,Petrol,150,43.5,1.2
 Grandland X,2018,15541.0,Manual,16403,Petrol,145,55.4,1.2
 Grandland X,2018,16240.0,Automatic,23836,Diesel,145,57.7,1.5
 Grandland X,2019,15250.0,Manual,11958,Diesel,145,56.5,1.5
 Grandland X,2018,14640.0,Manual,16172,Diesel,145,70.6,1.6
 Grandland X,2018,16020.0,Manual,31249,Diesel,145,56.5,1.5
 Grandland X,2019,17462.0,Manual,15426,Petrol,145,44.1,1.2
 Grandland X,2018,17500.0,Manual,16000,Diesel,145,56.5,1.5
 Grandland X,2019,19839.0,Manual,4500,Petrol,150,44.1,1.2
 Grandland X,2019,16299.0,Automatic,1342,Petrol,145,43.5,1.2
 Grandland X,2018,14599.0,Automatic,7260,Diesel,145,65.7,1.6
 Grandland X,2019,13199.0,Manual,28792,Petrol,145,44.1,1.2
 Grandland X,2018,12799.0,Manual,22222,Diesel,145,70.6,1.6
 Grandland X,2019,16499.0,Manual,12817,Petrol,145,44.1,1.2
 Grandland X,2018,16299.0,Automatic,8935,Diesel,145,57.7,1.5
 Grandland X,2019,17700.0,Manual,10690,Petrol,145,44.1,1.2
 Grandland X,2018,14799.0,Manual,9241,Diesel,145,70.6,1.6
 Grandland X,2019,16599.0,Manual,12554,Petrol,145,44.1,1.2
 Grandland X,2019,17999.0,Automatic,18000,Petrol,145,43.5,1.2
 Grandland X,2018,13399.0,Manual,14598,Diesel,145,70.6,1.6
 Grandland X,2019,17499.0,Manual,4060,Petrol,145,44.1,1.2
 Grandland X,2019,17099.0,Manual,6217,Petrol,145,44.1,1.2
 Grandland X,2019,16799.0,Automatic,6162,Diesel,145,57.7,1.5
 Grandland X,2018,15499.0,Manual,4330,Diesel,145,70.6,1.6
 Grandland X,2019,16799.0,Manual,3138,Diesel,145,48.7,1.5
 Grandland X,2019,16799.0,Manual,3613,Diesel,145,56.5,1.5
 Grandland X,2019,17489.0,Manual,20692,Petrol,150,44.1,1.2
 Grandland X,2019,16995.0,Manual,2417,Petrol,145,45.6,1.2
 Grandland X,2017,14170.0,Manual,19632,Diesel,145,70.6,1.6
 Grandland X,2019,14750.0,Manual,5108,Petrol,145,44.1,1.2
 Grandland X,2018,16491.0,Manual,30034,Diesel,145,56.5,1.5
 Grandland X,2019,18499.0,Automatic,10767,Petrol,150,43.5,1.2
 Grandland X,2018,14991.0,Manual,13331,Petrol,150,44.1,1.2
 Grandland X,2019,17991.0,Manual,13248,Petrol,150,44.1,1.2
 Grandland X,2018,15299.0,Manual,14300,Diesel,145,56.5,1.5
 Grandland X,2018,17999.0,Automatic,31029,Petrol,145,43.5,1.2
 Grandland X,2019,16495.0,Manual,9482,Petrol,150,44.1,1.2
 Grandland X,2019,18997.0,Automatic,4083,Petrol,150,43.5,1.2
 Grandland X,2018,15795.0,Manual,6805,Petrol,145,55.4,1.2
 Grandland X,2019,17450.0,Manual,9553,Diesel,145,48.7,1.5
 Grandland X,2018,17195.0,Manual,16984,Petrol,145,44.1,1.2
 Grandland X,2018,15250.0,Manual,18578,Petrol,145,55.4,1.2
 Grandland X,2019,16795.0,Manual,10552,Diesel,150,56.5,1.5
 Grandland X,2018,13695.0,Automatic,23807,Petrol,145,43.5,1.2
 Grandland X,2018,15295.0,Automatic,25768,Diesel,145,57.7,1.5
 Grandland X,2018,15700.0,Manual,16429,Petrol,145,55.4,1.2
 Grandland X,2018,13886.0,Manual,17821,Petrol,145,44.1,1.2
 Grandland X,2018,13900.0,Manual,17393,Petrol,145,55.4,1.2
 Grandland X,2019,15500.0,Manual,2583,Petrol,145,44.1,1.2
 Grandland X,2018,13500.0,Manual,15482,Petrol,145,55.4,1.2
 Grandland X,2018,13793.0,Manual,27970,Diesel,150,56.5,1.5
 Grandland X,2018,14599.0,Manual,24103,Diesel,150,70.6,1.6
 Grandland X,2018,16491.0,Manual,30034,Diesel,150,56.5,1.5
 Grandland X,2019,15967.0,Manual,4968,Petrol,150,44.1,1.2
 Grandland X,2019,16291.0,Manual,12026,Diesel,150,56.5,1.5
 Grandland X,2019,16291.0,Manual,9165,Petrol,150,44.1,1.2
 Grandland X,2019,16726.0,Manual,11325,Petrol,145,44.1,1.2
 Grandland X,2019,19500.0,Manual,2392,Petrol,150,44.1,1.2
 Grandland X,2019,16871.0,Manual,1066,Petrol,150,44.1,1.2
 Grandland X,2018,14995.0,Manual,16253,Diesel,145,70.6,1.6
 Grandland X,2018,14995.0,Manual,8737,Petrol,145,44.1,1.2
 Grandland X,2019,16300.0,Manual,15357,Petrol,150,44.1,1.2
 Grandland X,2018,17495.0,Automatic,6728,Petrol,145,54.3,1.2
 Grandland X,2018,14300.0,Manual,27725,Diesel,145,56.5,1.5
 Grandland X,2018,16100.0,Automatic,23352,Petrol,145,43.5,1.2
 Grandland X,2019,18995.0,Manual,6009,Petrol,145,45.6,1.2
 Grandland X,2019,15995.0,Manual,13700,Petrol,145,44.1,1.2
 Grandland X,2019,16800.0,Manual,5695,Petrol,145,44.1,1.2
 Grandland X,2019,19995.0,Automatic,2000,Diesel,145,57.7,1.5
 Grandland X,2019,18495.0,Manual,19800,Petrol,145,44.1,1.2
 Grandland X,2019,17495.0,Manual,13275,Petrol,145,44.1,1.2
 Grandland X,2019,16000.0,Manual,9312,Petrol,145,44.1,1.2
 Grandland X,2019,17250.0,Manual,2851,Petrol,150,44.1,1.2
 Grandland X,2018,14895.0,Manual,10000,Petrol,150,55.4,1.2
 Grandland X,2019,17995.0,Manual,1398,Petrol,150,44.1,1.2
 Grandland X,2019,15495.0,Automatic,23598,Diesel,150,57.7,1.5
 Grandland X,2018,14490.0,Manual,30515,Petrol,150,55.4,1.2
 Grandland X,2019,17289.0,Manual,14421,Diesel,145,56.5,1.5
 Grandland X,2018,13989.0,Manual,29094,Diesel,150,56.5,1.5
 Grandland X,2018,18496.0,Manual,6899,Diesel,145,56.5,1.5
 Grandland X,2018,17250.0,Manual,19092,Petrol,145,44.1,1.2
 Grandland X,2019,17295.0,Manual,8500,Petrol,150,44.1,1.2
 Grandland X,2019,15495.0,Manual,8500,Petrol,150,44.1,1.2
 Grandland X,2019,17050.0,Manual,4570,Petrol,145,44.1,1.2
 Grandland X,2018,13991.0,Automatic,32631,Diesel,145,57.7,1.5
 Grandland X,2019,15390.0,Manual,2128,Petrol,145,44.1,1.2
 Grandland X,2019,17871.0,Manual,18958,Diesel,145,56.5,1.5
 Grandland X,2019,17170.0,Manual,2030,Petrol,145,44.1,1.2
 Grandland X,2019,17651.0,Manual,2908,Diesel,145,56.5,1.5
 Grandland X,2019,17150.0,Manual,2703,Petrol,145,44.1,1.2
 Grandland X,2019,16799.0,Automatic,4117,Diesel,145,57.7,1.5
 Grandland X,2018,13995.0,Manual,6100,Petrol,145,44.1,1.2
 Grandland X,2018,15798.0,Manual,34394,Diesel,145,56.5,1.5
 Grandland X,2018,15798.0,Manual,20815,Diesel,145,56.5,1.5
 Grandland X,2019,18298.0,Manual,17150,Petrol,145,44.1,1.2
 Grandland X,2019,18298.0,Manual,16907,Petrol,145,44.1,1.2
 Grandland X,2018,13998.0,Manual,41033,Diesel,145,56.5,1.5
 Grandland X,2018,13998.0,Manual,26403,Diesel,145,56.5,1.5
 Grandland X,2020,18995.0,Manual,300,Petrol,150,45.6,1.2
 Grandland X,2018,16299.0,Automatic,18432,Petrol,145,43.5,1.2
 Grandland X,2018,13998.0,Manual,29094,Diesel,145,56.5,1.5
 Grandland X,2018,17995.0,Manual,17000,Diesel,145,65.7,1.6
 Grandland X,2019,18995.0,Automatic,5000,Petrol,145,43.5,1.2
 Grandland X,2019,19995.0,Manual,8940,Petrol,145,44.1,1.2
 Grandland X,2019,19995.0,Manual,8000,Petrol,145,44.1,1.2
 Grandland X,2019,18299.0,Automatic,5420,Diesel,145,57.7,1.5
 Grandland X,2019,17290.0,Manual,14940,Diesel,145,56.5,1.5
 Grandland X,2018,16299.0,Manual,27081,Petrol,145,44.1,1.2
 Grandland X,2018,16991.0,Automatic,20238,Petrol,145,43.5,1.2
 Grandland X,2019,17990.0,Automatic,9515,Diesel,145,57.7,1.5
 Grandland X,2019,17700.0,Manual,11104,Petrol,145,44.1,1.2
 Grandland X,2018,15995.0,Automatic,7458,Diesel,150,65.7,1.6
 Grandland X,2018,14995.0,Manual,19335,Petrol,150,55.4,1.2
 Grandland X,2019,14995.0,Manual,2555,Diesel,145,53.3,1.5
 Grandland X,2019,18490.0,Manual,1500,Diesel,145,48.7,1.5
 Grandland X,2019,17500.0,Automatic,7500,Diesel,145,57.7,1.5
 Grandland X,2019,17230.0,Automatic,28560,Diesel,145,57.7,1.5
 Grandland X,2019,16994.0,Automatic,422,Petrol,145,42.8,1.2
 Grandland X,2019,18200.0,Manual,7532,Petrol,145,44.1,1.2
 Grandland X,2018,15910.0,Automatic,14082,Diesel,145,57.7,1.5
 Grandland X,2019,19500.0,Manual,13000,Diesel,145,56.5,1.5
 Grandland X,2019,19990.0,Automatic,16300,Diesel,145,46.3,2.0
 Grandland X,2018,15798.0,Manual,22022,Diesel,145,56.5,1.5
 Grandland X,2018,15798.0,Manual,35078,Diesel,145,56.5,1.5
 Grandland X,2018,15299.0,Manual,35597,Diesel,145,56.5,1.5
 Grandland X,2019,16590.0,Manual,6639,Diesel,145,56.5,1.5
 Grandland X,2019,18490.0,Manual,5300,Petrol,145,44.1,1.2
 Grandland X,2019,15990.0,Manual,410,Petrol,145,44.1,1.2
 Grandland X,2019,17499.0,Manual,14251,Diesel,145,56.5,1.5
 Grandland X,2019,16599.0,Manual,14020,Diesel,145,56.5,1.5
 Grandland X,2019,17298.0,Manual,14931,Diesel,145,56.5,1.5
 Grandland X,2019,17060.0,Automatic,13991,Diesel,145,57.7,1.5
 Grandland X,2019,17400.0,Automatic,14263,Diesel,145,57.7,1.5
 Grandland X,2019,14995.0,Manual,12863,Petrol,150,44.1,1.2
 Grandland X,2018,16794.0,Manual,40773,Diesel,150,56.5,1.5
 Grandland X,2018,15798.0,Manual,41502,Diesel,145,56.5,1.5
 Grandland X,2018,15798.0,Manual,23742,Diesel,145,56.5,1.5
 Grandland X,2019,17995.0,Manual,2820,Petrol,145,44.1,1.2
 Grandland X,2019,16495.0,Manual,2653,Petrol,150,44.1,1.2
 Grandland X,2018,16995.0,Manual,8000,Petrol,150,44.1,1.2
 Grandland X,2018,16695.0,Automatic,17080,Diesel,145,65.7,1.6
 Grandland X,2018,15795.0,Manual,7000,Petrol,145,55.4,1.2
 Grandland X,2019,16790.0,Manual,11715,Petrol,145,44.1,1.2
 Grandland X,2019,16790.0,Manual,13085,Petrol,145,44.1,1.2
 Grandland X,2019,17900.0,Manual,10163,Petrol,145,44.1,1.2
 Grandland X,2019,16457.0,Manual,4804,Petrol,145,44.1,1.2
 Grandland X,2018,12750.0,Manual,53000,Diesel,150,70.6,1.6
 Grandland X,2019,18495.0,Manual,14750,Petrol,145,44.1,1.2
 Grandland X,2019,17495.0,Manual,13500,Petrol,150,44.1,1.2
 Grandland X,2019,19995.0,Automatic,13500,Petrol,150,43.5,1.2
 Grandland X,2019,17495.0,Manual,13000,Petrol,150,44.1,1.2
 Grandland X,2018,16991.0,Manual,4800,Petrol,145,55.4,1.2
 Grandland X,2019,18495.0,Manual,11847,Petrol,145,44.1,1.2
 Grandland X,2019,19495.0,Manual,7769,Petrol,145,44.1,1.2
 Grandland X,2019,17990.0,Manual,7042,Diesel,145,48.7,1.5
 Grandland X,2019,17795.0,Manual,14700,Diesel,145,56.5,1.5
 Grandland X,2019,18000.0,Manual,4998,Petrol,145,44.1,1.2
 Grandland X,2018,15798.0,Manual,28627,Diesel,145,56.5,1.5
 Grandland X,2019,16999.0,Manual,4734,Petrol,145,44.1,1.2
 Grandland X,2018,14600.0,Automatic,21313,Diesel,145,65.7,1.6
 Grandland X,2018,17250.0,Manual,17348,Petrol,145,44.1,1.2
 Grandland X,2019,18490.0,Manual,8215,Diesel,145,56.5,1.5
 Grandland X,2019,18499.0,Manual,16121,Diesel,150,56.5,1.5
 Grandland X,2018,14999.0,Manual,26651,Petrol,145,44.1,1.2
 Grandland X,2018,17999.0,Manual,12689,Petrol,145,44.1,1.2
 Grandland X,2018,14495.0,Manual,8755,Petrol,145,55.4,1.2
 Grandland X,2019,17499.0,Manual,11350,Petrol,145,44.1,1.2
 Grandland X,2019,16791.0,Manual,8402,Petrol,150,44.1,1.2
 Grandland X,2019,17991.0,Automatic,11695,Petrol,150,43.5,1.2
 Grandland X,2019,19691.0,Automatic,8743,Petrol,150,43.5,1.2
 Grandland X,2019,18695.0,Automatic,12564,Petrol,145,43.5,1.2
 Grandland X,2019,16688.0,Manual,10890,Petrol,145,44.1,1.2
 Grandland X,2019,18750.0,Manual,7890,Petrol,145,56.5,1.2
 Grandland X,2018,18500.0,Manual,12641,Diesel,145,56.5,1.5
 Grandland X,2018,14999.0,Manual,33566,Diesel,145,56.5,1.5
 Grandland X,2019,18500.0,Manual,6097,Petrol,145,44.1,1.2
 Grandland X,2018,15000.0,Manual,8174,Petrol,145,44.1,1.2
 Grandland X,2018,14999.0,Manual,24568,Diesel,145,56.5,1.5
 Grandland X,2019,18995.0,Automatic,2250,Petrol,150,43.5,1.2
 Grandland X,2018,14994.0,Manual,19493,Petrol,150,55.4,1.2
 Grandland X,2019,19000.0,Manual,2337,Diesel,145,56.5,1.5
 Grandland X,2018,15000.0,Manual,19859,Diesel,150,56.5,1.5
 Grandland X,2018,14499.0,Manual,13440,Diesel,145,70.6,1.6
 Grandland X,2018,14499.0,Manual,10628,Diesel,145,70.6,1.6
 Grandland X,2018,14499.0,Manual,6717,Petrol,145,55.4,1.2
 Grandland X,2019,19500.0,Manual,2238,Petrol,145,44.1,1.2
 Grandland X,2018,14499.0,Manual,8227,Diesel,145,70.6,1.6
 Grandland X,2018,14499.0,Manual,5492,Petrol,145,55.4,1.2
 Grandland X,2018,14499.0,Manual,7402,Diesel,145,70.6,1.6
 Grandland X,2018,14399.0,Manual,7321,Diesel,145,70.6,1.6
 Grandland X,2018,13890.0,Manual,18290,Diesel,145,70.6,1.6
 Grandland X,2018,14499.0,Manual,10086,Diesel,145,70.6,1.6
 Grandland X,2018,14499.0,Manual,9561,Diesel,145,70.6,1.6
 Grandland X,2018,14499.0,Manual,11188,Diesel,145,70.6,1.6
 Grandland X,2019,15990.0,Automatic,34327,Diesel,145,57.7,1.5
 Grandland X,2018,14689.0,Manual,9494,Diesel,145,70.6,1.6
 Grandland X,2019,16995.0,Manual,15180,Diesel,150,56.5,1.5
 Grandland X,2019,16887.0,Manual,11888,Diesel,145,56.5,1.5
 Grandland X,2019,17949.0,Automatic,13756,Diesel,150,47.1,2.0
 Grandland X,2019,14749.0,Manual,2410,Petrol,145,44.1,1.2
 Grandland X,2018,17995.0,Manual,6947,Petrol,150,44.1,1.2
 Grandland X,2018,14499.0,Manual,10794,Diesel,145,70.6,1.6
 Grandland X,2018,14499.0,Manual,8886,Petrol,145,55.4,1.2
 Grandland X,2018,14499.0,Manual,11186,Diesel,145,70.6,1.6
 Grandland X,2018,14995.0,Automatic,14453,Diesel,145,65.7,1.6
 Grandland X,2018,14499.0,Manual,10307,Diesel,145,70.6,1.6
 Grandland X,2018,14999.0,Automatic,5060,Petrol,145,43.5,1.2
 Grandland X,2019,16299.0,Manual,13016,Petrol,145,44.1,1.2
 Grandland X,2019,16000.0,Manual,10766,Petrol,145,44.1,1.2
 Grandland X,2018,16499.0,Automatic,13562,Petrol,145,54.3,1.2
 Grandland X,2019,16599.0,Manual,13053,Diesel,145,56.5,1.5
 Grandland X,2019,17499.0,Manual,8813,Petrol,140,55.4,1.2
 Grandland X,2018,16980.0,Automatic,20637,Diesel,145,61.4,1.6
 Grandland X,2018,15799.0,Manual,11955,Petrol,145,55.4,1.2
 Grandland X,2018,14499.0,Manual,14236,Diesel,145,70.6,1.6
 Grandland X,2020,16499.0,Manual,1032,Diesel,145,55.4,1.5
 Grandland X,2018,14499.0,Manual,10541,Diesel,145,70.6,1.6
 Grandland X,2018,14499.0,Manual,17497,Diesel,145,70.6,1.6
 Grandland X,2018,14499.0,Manual,14588,Diesel,145,70.6,1.6
 Grandland X,2018,14499.0,Manual,9572,Diesel,145,70.6,1.6
 Grandland X,2018,14299.0,Manual,7165,Diesel,145,70.6,1.6
 Grandland X,2019,16000.0,Manual,12277,Petrol,145,44.1,1.2
 Grandland X,2019,18500.0,Manual,1647,Petrol,145,44.1,1.2
 Grandland X,2019,13999.0,Manual,8150,Petrol,145,44.1,1.2
 Grandland X,2019,16000.0,Manual,13986,Petrol,145,44.1,1.2
 Grandland X,2018,15999.0,Manual,18559,Petrol,145,52.3,1.2
 Grandland X,2019,19799.0,Automatic,3222,Petrol,145,43.5,1.2
 Grandland X,2018,14495.0,Manual,21278,Petrol,150,55.4,1.2
 Grandland X,2019,18499.0,Manual,2900,Petrol,145,44.1,1.2
 Grandland X,2019,18999.0,Manual,12400,Petrol,145,44.1,1.2
 Grandland X,2018,13990.0,Manual,14913,Diesel,145,70.6,1.6
 Grandland X,2019,17499.0,Manual,15626,Petrol,145,44.1,1.2
 Grandland X,2018,14499.0,Manual,16158,Diesel,145,70.6,1.6
 Grandland X,2018,14499.0,Manual,12297,Diesel,145,70.6,1.6
 Grandland X,2018,14499.0,Manual,11878,Diesel,145,70.6,1.6
 Grandland X,2018,14499.0,Manual,13598,Diesel,145,70.6,1.6
 Grandland X,2018,14499.0,Manual,11369,Diesel,145,70.6,1.6
 Grandland X,2018,15899.0,Automatic,5397,Petrol,145,43.5,1.2
 Grandland X,2018,14499.0,Manual,10057,Diesel,145,70.6,1.6
 Grandland X,2018,14499.0,Manual,9392,Diesel,145,70.6,1.6
 Grandland X,2018,13778.0,Manual,7533,Petrol,145,55.4,1.2
 Grandland X,2019,15699.0,Manual,13040,Petrol,145,44.1,1.2
 Grandland X,2019,16494.0,Manual,9180,Petrol,145,44.1,1.2
 Grandland X,2019,15995.0,Automatic,8080,Diesel,150,57.7,1.5
 Grandland X,2018,14295.0,Manual,7124,Petrol,145,55.4,1.2
 Grandland X,2018,14495.0,Manual,14320,Diesel,145,70.6,1.6
 Grandland X,2018,19494.0,Automatic,7626,Diesel,145,57.7,1.5
 Grandland X,2019,17999.0,Manual,9945,Diesel,145,70.6,1.6
 Grandland X,2019,19990.0,Automatic,8996,Petrol,145,43.5,1.2
 Grandland X,2019,17990.0,Automatic,12412,Petrol,145,43.5,1.2
 Grandland X,2019,17130.0,Manual,11859,Petrol,145,44.1,1.2
 Grandland X,2019,17255.0,Manual,10059,Petrol,145,44.1,1.2
 Grandland X,2019,16990.0,Automatic,2221,Diesel,145,57.7,1.5
 Grandland X,2018,14790.0,Manual,34269,Petrol,145,44.1,1.2
 Grandland X,2019,15490.0,Manual,2500,Petrol,145,44.1,1.2
 Grandland X,2019,18290.0,Automatic,9007,Diesel,145,57.7,1.5
 Grandland X,2019,16490.0,Manual,4500,Petrol,145,44.1,1.2
 Grandland X,2018,16999.0,Automatic,16500,Petrol,145,43.5,1.2
 Grandland X,2019,17999.0,Automatic,17000,Diesel,145,57.7,1.5
 Grandland X,2019,16999.0,Manual,2500,Diesel,145,56.5,1.5
 Grandland X,2018,16499.0,Manual,16102,Petrol,145,44.1,1.2
 Grandland X,2019,17000.0,Manual,10000,Petrol,145,44.1,1.2
 Grandland X,2019,16995.0,Manual,9910,Petrol,150,44.1,1.2
 Grandland X,2019,19995.0,Manual,1436,Petrol,145,45.6,1.2
 Grandland X,2018,16989.0,Automatic,16000,Diesel,145,57.7,1.5
 Grandland X,2018,16749.0,Automatic,16123,Diesel,145,57.7,1.5
 Grandland X,2019,16995.0,Manual,12167,Diesel,150,56.5,1.5
 Grandland X,2019,18495.0,Automatic,1937,Petrol,145,43.5,1.2
 Grandland X,2019,17495.0,Manual,5154,Petrol,145,44.1,1.2
 Grandland X,2018,14000.0,Manual,12675,Petrol,150,55.4,1.2
 Grandland X,2019,14995.0,Manual,5000,Petrol,145,44.1,1.2
 Grandland X,2019,15995.0,Manual,12807,Petrol,145,44.1,1.2
 Grandland X,2019,16000.0,Automatic,4062,Petrol,145,43.5,1.2
 Grandland X,2019,14800.0,Manual,7555,Petrol,145,44.1,1.2
 Grandland X,2019,18995.0,Automatic,1000,Petrol,145,42.8,1.2
 Grandland X,2018,13500.0,Manual,14613,Diesel,145,56.5,1.5
 Grandland X,2019,19165.0,Manual,1992,Diesel,145,55.4,1.5
 Grandland X,2019,16856.0,Manual,8867,Petrol,145,44.1,1.2
 Grandland X,2019,16565.0,Manual,11470,Petrol,145,44.1,1.2
 Grandland X,2018,14050.0,Manual,9920,Diesel,145,70.6,1.6
 Grandland X,2019,16740.0,Manual,5314,Petrol,145,44.1,1.2
 Grandland X,2019,16590.0,Manual,8867,Petrol,145,44.1,1.2
 Grandland X,2019,16490.0,Manual,11470,Petrol,145,44.1,1.2
 Grandland X,2019,18990.0,Manual,6500,Diesel,145,70.6,1.6
 Grandland X,2019,17995.0,Manual,4626,Petrol,150,44.1,1.2
 Grandland X,2019,19985.0,Automatic,6629,Diesel,145,57.7,1.5
 Grandland X,2019,19995.0,Manual,12550,Diesel,145,45.6,1.5
 Grandland X,2019,18995.0,Automatic,14888,Diesel,145,53.3,1.5
 Grandland X,2018,15495.0,Manual,35494,Petrol,145,55.4,1.2
 Antara,2012,5490.0,Manual,67686,Diesel,235,44.1,2.2
 Antara,2015,7000.0,Manual,65000,Diesel,240,44.1,2.2
 Antara,2013,6700.0,Manual,38548,Diesel,235,44.1,2.2
 Antara,2015,6999.0,Manual,37617,Diesel,240,44.1,2.2
 Antara,2013,5490.0,Semi-Auto,79856,Diesel,330,35.8,2.2
 Antara,2015,6500.0,Manual,52889,Diesel,240,44.1,2.2
 Antara,2013,5495.0,Manual,82059,Diesel,235,44.1,2.2
 Antara,2013,6599.0,Manual,62000,Diesel,240,44.1,2.2
 Antara,2014,6580.0,Semi-Auto,62308,Diesel,330,33.2,2.2
 Antara,2013,6999.0,Manual,53469,Diesel,240,44.1,2.2
 Antara,2012,5800.0,Manual,50478,Diesel,235,42.8,2.2
 Antara,2012,6599.0,Automatic,53730,Diesel,325,36.2,2.2
 Antara,2012,4995.0,Manual,75023,Diesel,240,42.8,2.2
 Antara,2013,5299.0,Manual,67400,Diesel,235,44.1,2.2
 Antara,2014,6790.0,Manual,27495,Diesel,235,44.1,2.2
 Antara,2013,8990.0,Manual,47600,Diesel,240,44.1,2.2
 Antara,2007,2999.0,Automatic,99500,Diesel,565,32.8,2.0
 Antara,2014,6490.0,Manual,39003,Diesel,235,44.1,2.2
 Antara,2012,5695.0,Manual,63725,Diesel,240,42.8,2.2
 Antara,2008,2990.0,Manual,99000,Diesel,300,37.7,2.0
 Antara,2007,2895.0,Manual,116000,Diesel,300,37.7,2.0
 Antara,2012,7495.0,Manual,49000,Diesel,235,44.8,2.2
 Antara,2013,8495.0,Manual,45000,Diesel,235,44.1,2.2
 Antara,2013,5995.0,Manual,55470,Diesel,200,46.3,2.2
 Antara,2012,7850.0,Manual,35100,Diesel,230,44.1,2.2
 Antara,2009,2950.0,Manual,90000,Diesel,305,37.7,2.0
 Antara,2014,8995.0,Manual,6877,Diesel,240,44.1,2.2
 Insignia,2016,10699.0,Manual,16133,Diesel,20,72.4,1.6
 Insignia,2017,10260.0,Manual,38608,Diesel,30,64.2,1.6
 Insignia,2018,13998.0,Manual,25206,Diesel,145,65.7,1.6
 Insignia,2019,15698.0,Manual,19484,Diesel,145,49.6,2.0
 Insignia,2019,19295.0,Manual,11000,Diesel,145,65.7,1.6
 Insignia,2018,14495.0,Manual,9375,Diesel,145,65.7,1.6
 Insignia,2017,13795.0,Manual,18519,Diesel,145,54.3,2.0
 Insignia,2019,14998.0,Manual,27079,Diesel,150,53.3,2.0
 Insignia,2018,14995.0,Manual,9615,Diesel,145,65.7,1.6
 Insignia,2018,13995.0,Manual,12202,Petrol,145,47.1,1.5
 Insignia,2017,9798.0,Manual,27113,Diesel,145,62.8,2.0
 Insignia,2019,14998.0,Manual,10042,Petrol,145,50.4,1.5
 Insignia,2016,10498.0,Manual,34548,Diesel,20,68.9,1.6
 Insignia,2019,15995.0,Manual,10261,Petrol,145,50.4,1.5
 Insignia,2017,14995.0,Manual,15100,Petrol,145,47.1,1.5
 Insignia,2019,15298.0,Manual,13974,Petrol,145,50.4,1.5
 Insignia,2017,13995.0,Manual,31746,Diesel,145,54.3,2.0
 Insignia,2017,14995.0,Manual,13000,Petrol,145,47.1,1.5
 Insignia,2016,9998.0,Manual,20985,Petrol,125,50.4,1.4
 Insignia,2015,8998.0,Manual,32337,Diesel,30,62.8,2.0
 Insignia,2017,13998.0,Manual,33254,Diesel,150,53.3,2.0
 Insignia,2016,7690.0,Manual,50678,Diesel,30,62.8,2.0
 Insignia,2016,9698.0,Manual,6551,Petrol,125,50.4,1.4
 Insignia,2018,14300.0,Manual,7800,Petrol,145,47.1,1.5
 Insignia,2017,11500.0,Manual,14145,Petrol,145,47.1,1.5
 Insignia,2019,14998.0,Manual,16082,Petrol,145,50.4,1.5
 Insignia,2015,7498.0,Manual,43427,Diesel,20,72.4,2.0
 Insignia,2018,13998.0,Manual,33014,Diesel,150,54.3,2.0
 Insignia,2019,15298.0,Manual,9754,Petrol,145,50.4,1.5
 Insignia,2019,15298.0,Manual,9837,Petrol,145,50.4,1.5
 Insignia,2019,16498.0,Manual,15413,Diesel,145,49.6,2.0
 Insignia,2019,15498.0,Manual,26499,Diesel,145,49.6,2.0
 Insignia,2017,14498.0,Manual,24802,Diesel,145,54.3,2.0
 Insignia,2018,14698.0,Manual,19227,Petrol,145,50.4,1.5
 Insignia,2017,14698.0,Manual,24849,Diesel,150,53.3,2.0
 Insignia,2016,8998.0,Manual,55003,Diesel,20,68.9,1.6
 Insignia,2016,8295.0,Manual,49050,Petrol,125,50.4,1.4
 Insignia,2018,14995.0,Manual,14888,Petrol,145,50.4,1.5
 Insignia,2016,8990.0,Manual,47746,Diesel,20,68.9,1.6
 Insignia,2017,14498.0,Manual,13411,Petrol,145,47.1,1.5
 Insignia,2019,14498.0,Manual,24991,Diesel,150,53.3,2.0
 Insignia,2019,15498.0,Manual,17559,Diesel,145,53.3,2.0
 Insignia,2017,13998.0,Manual,11812,Petrol,145,47.1,1.5
 Insignia,2017,10995.0,Manual,18404,Petrol,145,47.1,1.5
 Insignia,2016,6998.0,Manual,63088,Diesel,30,62.8,2.0
 Insignia,2019,15798.0,Manual,23974,Diesel,145,49.6,2.0
 Insignia,2018,14698.0,Manual,21079,Petrol,145,47.1,1.5
 Insignia,2018,14998.0,Manual,25307,Diesel,145,54.3,2.0
 Insignia,2019,15998.0,Manual,15302,Diesel,145,49.6,2.0
 Insignia,2019,15698.0,Manual,16326,Diesel,145,53.3,2.0
 Insignia,2019,15698.0,Manual,16553,Diesel,145,53.3,2.0
 Insignia,2019,15698.0,Manual,11785,Diesel,145,53.3,2.0
 Insignia,2018,14998.0,Manual,7421,Petrol,145,50.4,1.5
 Insignia,2019,17298.0,Manual,17665,Diesel,145,49.6,2.0
 Insignia,2019,14998.0,Manual,16479,Petrol,145,50.4,1.5
 Insignia,2019,14998.0,Manual,12477,Petrol,145,50.4,1.5
 Insignia,2017,14998.0,Manual,6414,Petrol,145,47.1,1.5
 Insignia,2015,8298.0,Manual,52076,Diesel,20,68.9,1.6
 Insignia,2017,10998.0,Manual,25679,Diesel,145,68.9,1.6
 Insignia,2019,14498.0,Manual,12743,Petrol,145,50.4,1.5
 Insignia,2019,17291.0,Manual,11132,Petrol,145,49.6,1.5
 Insignia,2017,12698.0,Manual,26446,Diesel,150,54.3,2.0
 Insignia,2019,15998.0,Manual,16429,Diesel,150,53.3,2.0
 Insignia,2019,15498.0,Manual,8256,Petrol,145,50.4,1.5
 Insignia,2019,15990.0,Manual,16958,Diesel,145,61.4,1.6
 Insignia,2017,12999.0,Manual,14668,Diesel,150,54.3,2.0
 Insignia,2018,15791.0,Manual,14481,Petrol,145,47.1,1.5
 Insignia,2016,8395.0,Manual,15665,Petrol,235,38.6,1.8
 Insignia,2017,12600.0,Manual,17930,Diesel,145,54.3,2.0
 Insignia,2016,8180.0,Manual,58025,Diesel,20,68.9,1.6
 Insignia,2017,12999.0,Manual,14668,Diesel,145,54.3,2.0
 Insignia,2017,12600.0,Manual,17930,Diesel,150,54.3,2.0
 Insignia,2019,14698.0,Manual,13880,Petrol,145,50.4,1.5
 Insignia,2016,7498.0,Manual,56816,Diesel,30,62.8,2.0
 Insignia,2017,13498.0,Manual,19006,Diesel,145,53.3,2.0
 Insignia,2017,12998.0,Manual,18342,Diesel,145,54.3,2.0
 Insignia,2017,13698.0,Manual,19772,Diesel,145,53.3,2.0
 Insignia,2017,13498.0,Manual,25427,Diesel,145,53.3,2.0
 Insignia,2017,10798.0,Manual,31602,Diesel,30,64.2,1.6
 Insignia,2015,6298.0,Manual,72806,Diesel,0,76.3,2.0
 Insignia,2018,13498.0,Manual,26435,Diesel,145,53.3,2.0
 Insignia,2017,12698.0,Manual,24568,Diesel,145,54.3,2.0
 Insignia,2019,14998.0,Manual,14282,Petrol,145,50.4,1.5
 Insignia,2016,9298.0,Manual,44787,Diesel,20,68.9,1.6
 Insignia,2019,15998.0,Manual,21590,Diesel,150,53.3,2.0
 Insignia,2015,7991.0,Manual,32708,Diesel,0,76.3,2.0
 Insignia,2019,15298.0,Manual,9704,Petrol,145,50.4,1.5
 Insignia,2018,12785.0,Manual,31615,Diesel,145,65.7,1.6
 Insignia,2018,14985.0,Automatic,33100,Diesel,145,51.4,2.0
 Insignia,2019,14998.0,Manual,11381,Petrol,145,50.4,1.5
 Insignia,2017,11485.0,Manual,22179,Diesel,145,70.6,1.6
 Insignia,2019,18985.0,Manual,21,Diesel,145,53.3,2.0
 Insignia,2019,14998.0,Manual,9795,Petrol,145,50.4,1.5
 Insignia,2019,16298.0,Manual,10139,Diesel,145,53.3,2.0
 Insignia,2019,15498.0,Manual,15334,Diesel,145,53.3,2.0
 Insignia,2014,6998.0,Manual,60150,Diesel,30,62.8,2.0
 Insignia,2017,12498.0,Manual,23184,Diesel,145,65.7,1.6
 Insignia,2019,15298.0,Manual,8446,Petrol,150,50.4,1.5
 Insignia,2019,16998.0,Manual,3018,Petrol,145,50.4,1.5
 Insignia,2017,11491.0,Automatic,14847,Diesel,145,52.3,1.6
 Insignia,2019,14998.0,Manual,18510,Petrol,145,50.4,1.5
 Insignia,2017,11995.0,Manual,31585,Petrol,145,47.1,1.5
 Insignia,2016,8991.0,Manual,29510,Petrol,125,50.4,1.4
 Insignia,2018,13450.0,Manual,14000,Petrol,145,47.1,1.5
 Insignia,2018,13998.0,Manual,22767,Diesel,145,53.3,2.0
 Insignia,2019,13998.0,Manual,20052,Petrol,145,50.4,1.5
 Insignia,2016,9500.0,Manual,20000,Diesel,30,65.7,2.0
 Insignia,2017,14000.0,Manual,25000,Diesel,145,53.3,2.0
 Insignia,2017,12998.0,Manual,22108,Petrol,145,47.1,1.5
 Insignia,2015,9298.0,Manual,36464,Diesel,20,68.9,1.6
 Insignia,2017,12898.0,Manual,23222,Diesel,145,54.3,2.0
 Insignia,2017,12698.0,Manual,27676,Diesel,145,54.3,2.0
 Insignia,2017,12998.0,Manual,19048,Diesel,145,54.3,2.0
 Insignia,2018,14295.0,Manual,26902,Diesel,150,61.4,1.6
 Insignia,2019,14998.0,Manual,13604,Petrol,145,50.4,1.5
 Insignia,2016,9998.0,Manual,31504,Diesel,20,68.9,1.6
 Insignia,2017,10998.0,Manual,23451,Diesel,30,64.2,1.6
 Insignia,2013,6640.0,Manual,54863,Diesel,30,65.7,2.0
 Insignia,2013,7131.0,Manual,65913,Diesel,30,65.7,2.0
 Insignia,2018,14410.0,Manual,7974,Petrol,145,47.1,1.5
 Insignia,2018,14390.0,Manual,8385,Petrol,145,47.1,1.5
 Insignia,2018,14700.0,Manual,10553,Petrol,145,47.1,1.5
 Insignia,2018,15298.0,Manual,27158,Diesel,150,53.3,2.0
 Insignia,2017,8795.0,Manual,39000,Diesel,20,68.9,1.6
 Insignia,2016,7630.0,Manual,43447,Diesel,0,74.3,1.6
 Insignia,2019,13500.0,Manual,17868,Petrol,145,50.4,1.5
 Insignia,2014,5995.0,Manual,45016,Diesel,0,76.3,2.0
 Insignia,2017,11998.0,Manual,42007,Diesel,145,54.3,2.0
 Insignia,2013,5998.0,Manual,41713,Petrol,235,39.2,1.8
 Insignia,2015,8995.0,Manual,37859,Diesel,20,72.4,2.0
 Insignia,2018,13998.0,Manual,20310,Petrol,145,47.1,1.5
 Insignia,2018,13698.0,Manual,22234,Petrol,145,47.1,1.5
 Insignia,2018,14490.0,Manual,22114,Diesel,150,53.3,2.0
 Insignia,2019,15998.0,Manual,16263,Diesel,150,53.3,2.0
 Insignia,2016,6498.0,Manual,65973,Diesel,0,74.3,1.6
 Insignia,2016,7498.0,Manual,84432,Diesel,20,68.9,1.6
 Insignia,2015,7795.0,Manual,61538,Diesel,0,76.3,2.0
 Insignia,2015,8295.0,Manual,14666,Diesel,0,76.3,2.0
 Insignia,2018,11995.0,Manual,41838,Diesel,145,65.7,1.6
 Insignia,2019,16490.0,Manual,14989,Diesel,145,49.6,2.0
 Insignia,2018,14795.0,Manual,19500,Diesel,145,53.3,2.0
 Insignia,2018,12985.0,Manual,29557,Diesel,145,70.6,1.6
 Insignia,2020,19795.0,Manual,10,Petrol,145,49.6,1.5
 Insignia,2020,15495.0,Manual,10,Petrol,145,50.4,1.5
 Insignia,2018,12995.0,Manual,35607,Diesel,145,53.3,2.0
 Insignia,2019,19495.0,Manual,10,Diesel,145,61.4,1.6
 Insignia,2020,19990.0,Manual,25,Petrol,145,49.6,1.5
 Insignia,2017,9995.0,Manual,24174,Diesel,145,64.2,1.6
 Insignia,2014,5990.0,Manual,69500,Diesel,30,65.7,2.0
 Insignia,2017,11500.0,Manual,38276,Diesel,145,65.7,1.6
 Insignia,2016,8999.0,Manual,35647,Diesel,0,74.3,1.6
 Insignia,2014,7999.0,Manual,40214,Diesel,30,65.7,2.0
 Insignia,2014,8195.0,Manual,61201,Diesel,0,76.3,2.0
 Insignia,2016,6999.0,Manual,68002,Diesel,0,74.3,1.6
 Insignia,2017,14999.0,Manual,27356,Diesel,145,54.3,2.0
 Insignia,2017,12995.0,Manual,17500,Diesel,150,65.7,1.6
 Insignia,2017,12495.0,Manual,27655,Diesel,150,65.7,1.6
 Insignia,2016,7995.0,Manual,27666,Diesel,20,68.9,1.6
 Insignia,2018,12995.0,Manual,18200,Petrol,150,47.1,1.5
 Insignia,2018,14000.0,Manual,11983,Petrol,145,47.1,1.5
 Insignia,2019,17850.0,Manual,14500,Diesel,145,53.3,2.0
 Insignia,2017,13798.0,Manual,27426,Diesel,145,54.3,2.0
 Insignia,2016,9927.0,Manual,43810,Diesel,20,68.9,1.6
 Insignia,2018,14270.0,Manual,17544,Diesel,145,54.3,2.0
 Insignia,2015,7495.0,Manual,53939,Diesel,0,76.3,2.0
 Insignia,2014,6416.0,Manual,67125,Diesel,30,65.7,2.0
 Insignia,2016,7710.0,Manual,63481,Diesel,0,74.3,1.6
 Insignia,2018,14640.0,Manual,27089,Petrol,145,50.4,1.5
 Insignia,2015,8471.0,Automatic,50410,Diesel,125,57.6,1.6
 Insignia,2019,17690.0,Automatic,34023,Diesel,145,42.2,2.0
 Insignia,2019,15998.0,Manual,16959,Diesel,150,49.6,2.0
 Insignia,2016,8471.0,Automatic,55174,Diesel,125,56.5,1.6
 Insignia,2016,9500.0,Manual,20500,Petrol,235,38.6,1.8
 Insignia,2018,12165.0,Manual,51921,Diesel,145,53.3,2.0
 Insignia,2014,7800.0,Manual,46587,Diesel,30,65.7,2.0
 Insignia,2018,13820.0,Manual,36807,Diesel,145,54.3,2.0
 Insignia,2019,12491.0,Manual,20174,Petrol,145,47.1,1.5
 Insignia,2014,7491.0,Manual,71420,Diesel,30,62.8,2.0
 Insignia,2017,11490.0,Manual,33611,Diesel,145,70.6,1.6
 Insignia,2018,11990.0,Manual,32489,Diesel,145,65.7,1.6
 Insignia,2017,11790.0,Manual,52076,Diesel,145,65.7,1.6
 Insignia,2018,15220.0,Automatic,34456,Diesel,145,51.4,2.0
 Insignia,2015,7059.0,Manual,72495,Diesel,0,76.3,2.0
 Insignia,2015,8998.0,Manual,36501,Diesel,20,68.9,1.6
 Insignia,2018,13400.0,Manual,12704,Petrol,145,47.1,1.5
 Insignia,2016,10995.0,Manual,17713,Diesel,20,68.9,1.6
 Insignia,2018,12499.0,Manual,34097,Diesel,145,65.7,1.6
 Insignia,2015,6977.0,Manual,69624,Diesel,125,60.1,2.0
 Insignia,2018,13550.0,Manual,40055,Diesel,145,54.3,2.0
 Insignia,2017,11999.0,Manual,21959,Diesel,145,65.7,1.6
 Insignia,2015,7495.0,Automatic,75040,Diesel,145,50.4,2.0
 Insignia,2016,9620.0,Manual,42777,Diesel,20,68.9,1.6
 Insignia,2019,14998.0,Manual,32596,Diesel,150,49.6,2.0
 Insignia,2015,9500.0,Manual,50050,Diesel,30,65.7,1.6
 Insignia,2016,9995.0,Manual,23922,Petrol,125,50.4,1.4
 Insignia,2014,6610.0,Manual,53665,Petrol,200,40.4,1.8
 Insignia,2019,15499.0,Manual,16208,Petrol,150,47.1,1.5
 Insignia,2016,8000.0,Manual,43500,Diesel,20,68.9,1.6
 Insignia,2018,14498.0,Manual,9280,Petrol,145,47.1,1.5
 Insignia,2017,13032.0,Manual,36011,Diesel,145,54.3,2.0
 Insignia,2019,14698.0,Manual,18799,Petrol,145,50.4,1.5
 Insignia,2017,10795.0,Manual,50083,Diesel,145,68.9,1.6
 Insignia,2018,12998.0,Manual,49046,Diesel,145,65.7,1.6
 Insignia,2017,11650.0,Manual,30681,Diesel,145,54.3,2.0
 Insignia,2017,11995.0,Manual,32050,Diesel,145,54.3,2.0
 Insignia,2016,7980.0,Manual,41529,Diesel,20,68.9,1.6
 Insignia,2017,14000.0,Manual,23560,Diesel,150,54.3,2.0
 Insignia,2016,9125.0,Manual,17656,Diesel,20,72.4,1.6
 Insignia,2017,12500.0,Manual,36010,Diesel,145,65.7,1.6
 Insignia,2015,6891.0,Manual,52410,Diesel,0,76.3,2.0
 Insignia,2018,13998.0,Manual,22112,Diesel,145,65.7,1.6
 Insignia,2019,15298.0,Manual,12388,Petrol,145,50.4,1.5
 Insignia,2017,11992.0,Manual,6850,Diesel,145,65.7,1.6
 Insignia,2014,6110.0,Manual,78864,Diesel,0,76.3,2.0
 Insignia,2015,7400.0,Manual,51965,Diesel,20,72.4,2.0
 Insignia,2018,14591.0,Manual,21021,Petrol,145,47.1,1.5
 Insignia,2017,12583.0,Manual,27879,Diesel,145,65.7,1.6
 Insignia,2017,11800.0,Manual,17050,Petrol,150,47.1,1.5
 Insignia,2016,9510.0,Manual,10662,Diesel,0,74.3,1.6
 Insignia,2017,10991.0,Manual,13882,Petrol,150,47.9,1.5
 Insignia,2016,6495.0,Manual,86002,Diesel,20,72.4,1.6
 Insignia,2016,8617.0,Manual,41706,Diesel,20,72.4,1.6
 Insignia,2016,8360.0,Manual,48903,Diesel,20,72.4,1.6
 Insignia,2018,13400.0,Automatic,19736,Diesel,150,55.4,1.6
 Insignia,2015,7399.0,Manual,42406,Diesel,20,72.4,2.0
 Insignia,2019,18699.0,Manual,3300,Diesel,145,51.4,2.0
 Insignia,2018,14999.0,Manual,4490,Petrol,150,50.4,1.5
 Insignia,2019,13998.0,Manual,29067,Petrol,150,50.4,1.5
 Insignia,2019,16498.0,Manual,3560,Petrol,150,46.3,1.5
 Insignia,2019,15998.0,Manual,17570,Diesel,150,53.3,2.0
 Insignia,2016,9920.0,Manual,10580,Petrol,125,50.4,1.4
 Insignia,2016,8630.0,Manual,39500,Petrol,125,50.4,1.4
 Insignia,2018,14170.0,Manual,33122,Diesel,145,54.3,2.0
 Insignia,2016,9298.0,Manual,16452,Petrol,125,50.4,1.4
 Insignia,2016,10298.0,Manual,13393,Diesel,20,68.9,1.6
 Insignia,2019,18499.0,Manual,14052,Diesel,145,49.6,2.0
 Insignia,2018,12699.0,Automatic,37504,Diesel,145,55.4,1.6
 Insignia,2018,12499.0,Manual,31410,Petrol,145,47.1,1.5
 Insignia,2018,13899.0,Automatic,21500,Petrol,145,46.3,1.5
 Insignia,2018,13298.0,Manual,20321,Diesel,145,65.7,1.6
 Insignia,2015,5601.0,Manual,79759,Diesel,0,76.3,2.0
 Insignia,2018,14399.0,Manual,21181,Petrol,145,47.1,1.5
 Insignia,2017,12000.0,Manual,23124,Diesel,145,54.3,2.0
 Insignia,2018,13799.0,Manual,6474,Petrol,145,47.1,1.5
 Insignia,2018,12799.0,Manual,24684,Diesel,145,65.7,1.6
 Insignia,2018,14499.0,Manual,23587,Petrol,145,49.6,1.5
 Insignia,2018,14399.0,Manual,9571,Diesel,145,65.7,1.6
 Insignia,2017,12000.0,Manual,27878,Diesel,145,65.7,1.6
 Insignia,2018,13699.0,Manual,23889,Petrol,145,50.4,1.5
 Insignia,2018,14799.0,Manual,2688,Petrol,145,50.4,1.5
 Insignia,2019,17991.0,Manual,3528,Diesel,145,52.3,1.6
 Insignia,2019,15699.0,Manual,3026,Petrol,145,50.4,1.5
 Insignia,2017,12791.0,Manual,48771,Diesel,150,54.3,2.0
 Insignia,2018,13000.0,Manual,18914,Petrol,145,47.1,1.5
 Insignia,2019,16950.0,Manual,14553,Diesel,145,49.6,2.0
 Insignia,2019,14995.0,Manual,31635,Petrol,145,50.4,1.5
 Insignia,2017,13000.0,Manual,15906,Diesel,145,65.7,1.6
 Insignia,2019,14998.0,Manual,22670,Diesel,145,53.3,2.0
 Insignia,2017,11698.0,Manual,21518,Diesel,145,64.2,1.6
 Insignia,2019,15998.0,Manual,14732,Diesel,150,49.6,2.0
 Insignia,2019,15498.0,Manual,19023,Diesel,150,53.3,2.0
 Insignia,2015,8698.0,Automatic,28781,Diesel,150,53.3,2.0
 Insignia,2018,14990.0,Manual,24723,Diesel,150,53.3,2.0
 Insignia,2017,13941.0,Manual,15146,Petrol,150,47.1,1.5
 Insignia,2014,5388.0,Manual,75810,Petrol,200,40.4,1.8
 Insignia,2019,16090.0,Manual,17357,Diesel,145,53.3,2.0
 Insignia,2018,14998.0,Manual,24950,Diesel,150,53.3,2.0
 Insignia,2019,14998.0,Manual,27394,Diesel,145,53.3,2.0
 Insignia,2018,13990.0,Manual,15216,Diesel,145,61.4,1.6
 Insignia,2019,14990.0,Manual,3041,Petrol,145,50.4,1.5
 Insignia,2018,12795.0,Manual,10505,Petrol,150,47.1,1.5
 Insignia,2018,12992.0,Automatic,37064,Diesel,145,55.4,1.6
 Insignia,2015,7798.0,Manual,50545,Diesel,0,76.3,2.0
 Insignia,2018,13798.0,Manual,25733,Diesel,145,53.3,2.0
 Insignia,2018,13998.0,Manual,23158,Diesel,145,65.7,1.6
 Insignia,2018,16699.0,Manual,15281,Diesel,145,53.3,2.0
 Insignia,2018,13490.0,Manual,9625,Petrol,145,47.1,1.5
 Insignia,2015,7791.0,Manual,39734,Diesel,30,65.7,2.0
 Insignia,2018,16500.0,Automatic,21020,Diesel,145,49.6,2.0
 Insignia,2015,8291.0,Manual,30916,Petrol,235,38.6,1.8
 Insignia,2018,14690.0,Manual,8410,Petrol,145,50.4,1.5
 Insignia,2018,13990.0,Manual,6494,Petrol,145,50.4,1.5
 Insignia,2017,12499.0,Manual,18295,Diesel,150,53.3,2.0
 Insignia,2019,16999.0,Manual,20000,Diesel,145,49.6,2.0
 Insignia,2017,11699.0,Manual,25000,Petrol,145,47.1,1.5
 Insignia,2017,11699.0,Manual,16500,Petrol,145,47.1,1.5
 Insignia,2019,16999.0,Manual,25000,Diesel,145,54.3,2.0
 Insignia,2017,15299.0,Manual,12784,Diesel,145,53.3,2.0
 Insignia,2017,11699.0,Manual,23731,Petrol,150,47.1,1.5
 Insignia,2019,15999.0,Manual,10000,Diesel,150,53.3,2.0
 Insignia,2017,11499.0,Manual,55946,Petrol,145,46.3,1.5
 Insignia,2018,13000.0,Manual,15491,Petrol,145,47.1,1.5
 Insignia,2018,12999.0,Manual,15000,Diesel,145,65.7,1.6
 Insignia,2018,13299.0,Manual,21208,Diesel,145,65.7,1.6
 Insignia,2018,13499.0,Manual,20000,Diesel,145,65.7,1.6
 Insignia,2018,13991.0,Manual,33099,Diesel,145,54.3,2.0
 Insignia,2016,9550.0,Manual,11696,Petrol,125,50.4,1.4
 Insignia,2018,14599.0,Automatic,36832,Diesel,145,51.4,2.0
 Insignia,2018,14498.0,Manual,35386,Diesel,145,53.3,2.0
 Insignia,2017,9899.0,Manual,32235,Petrol,125,50.4,1.4
 Insignia,2016,8991.0,Manual,44733,Diesel,20,72.4,1.6
 Insignia,2018,12791.0,Automatic,39562,Diesel,150,55.4,1.6
 Insignia,2017,13491.0,Manual,33165,Diesel,150,54.3,2.0
 Insignia,2018,13010.0,Manual,28924,Petrol,145,47.1,1.5
 Insignia,2016,9200.0,Manual,27478,Diesel,30,62.8,2.0
 Insignia,2016,8130.0,Manual,62400,Diesel,20,72.4,1.6
 Insignia,2018,14691.0,Manual,8821,Petrol,145,50.4,1.5
 Insignia,2018,15495.0,Manual,12869,Diesel,145,54.3,2.0
 Insignia,2017,9990.0,Automatic,30000,Diesel,145,50.4,2.0
 Insignia,2018,13193.0,Manual,16047,Petrol,145,47.1,1.5
 Insignia,2016,8500.0,Manual,22717,Diesel,0,74.3,1.6
 Insignia,2019,15998.0,Manual,19801,Diesel,145,49.6,2.0
 Insignia,2018,11495.0,Manual,29603,Petrol,145,47.1,1.5
 Insignia,2017,14500.0,Manual,21248,Diesel,145,53.3,2.0
 Insignia,2015,7990.0,Manual,48534,Diesel,0,76.3,2.0
 Insignia,2017,13880.0,Manual,37875,Diesel,145,54.3,2.0
 Insignia,2016,7891.0,Manual,53033,Diesel,20,68.9,1.6
 Insignia,2018,13890.0,Automatic,40425,Diesel,150,51.4,2.0
 Insignia,2016,8490.0,Manual,26994,Petrol,125,50.4,1.4
 Insignia,2019,13990.0,Manual,21388,Petrol,145,50.4,1.5
 Insignia,2016,8550.0,Manual,34850,Petrol,125,50.4,1.4
 Insignia,2018,14798.0,Manual,9112,Petrol,150,47.1,1.5
 Insignia,2018,13100.0,Automatic,37153,Diesel,145,55.4,1.6
 Insignia,2019,14990.0,Manual,10892,Petrol,145,47.1,1.5
 Insignia,2016,8725.0,Manual,48165,Diesel,20,68.9,1.6
 Insignia,2017,11795.0,Manual,45000,Diesel,145,54.3,2.0
 Insignia,2018,11998.0,Manual,21123,Diesel,145,65.7,1.6
 Insignia,2018,13990.0,Automatic,39915,Diesel,150,51.4,2.0
 Insignia,2018,13850.0,Manual,47913,Diesel,150,54.3,2.0
 Insignia,2017,11659.0,Manual,47245,Diesel,145,54.3,2.0
 Insignia,2017,12990.0,Manual,31503,Diesel,150,54.3,2.0
 Insignia,2017,11750.0,Manual,30749,Petrol,150,47.1,1.5
 Insignia,2019,18990.0,Manual,7866,Diesel,150,49.6,2.0
 Insignia,2017,10990.0,Manual,32058,Diesel,145,65.7,1.6
 Insignia,2017,11495.0,Manual,35140,Petrol,145,47.1,1.5
 Insignia,2015,8210.0,Manual,42042,Diesel,20,72.4,1.6
 Insignia,2014,6773.0,Manual,77099,Diesel,0,76.3,2.0
 Insignia,2015,6999.0,Manual,28697,Petrol,205,40.4,1.8
 Insignia,2018,13000.0,Manual,35138,Diesel,145,65.7,1.6
 Insignia,2016,8290.0,Manual,29185,Diesel,0,74.3,1.6
 Insignia,2016,9391.0,Manual,23540,Diesel,20,68.9,1.6
 Insignia,2018,13660.0,Manual,20331,Diesel,145,61.4,1.6
 Insignia,2019,13990.0,Manual,7280,Petrol,145,50.4,1.5
 Insignia,2016,8490.0,Automatic,60500,Diesel,150,51.4,2.0
 Insignia,2015,8498.0,Manual,29903,Diesel,30,62.8,2.0
 Insignia,2014,7495.0,Manual,52040,Petrol,125,54.3,1.4
 Insignia,2015,7090.0,Manual,42225,Petrol,200,40.4,1.8
 Insignia,2019,17911.0,Manual,11064,Diesel,145,54.3,2.0
 Insignia,2014,5388.0,Manual,75810,Petrol,205,40.4,1.8
 Insignia,2019,15500.0,Manual,19942,Petrol,150,50.4,1.5
 Insignia,2018,15590.0,Automatic,39176,Diesel,145,49.6,2.0
 Insignia,2019,14498.0,Manual,12160,Petrol,145,50.4,1.5
 Insignia,2019,15998.0,Manual,21211,Diesel,145,49.6,2.0
 Insignia,2018,14298.0,Manual,13817,Petrol,145,50.4,1.5
 Insignia,2017,11499.0,Manual,14907,Petrol,145,47.1,1.5
 Insignia,2018,13498.0,Manual,9870,Petrol,145,47.1,1.5
 Insignia,2018,17600.0,Manual,13329,Diesel,145,54.3,2.0
 Insignia,2016,8395.0,Manual,42000,Diesel,125,60.1,2.0
 Insignia,2017,13650.0,Manual,26377,Petrol,145,47.1,1.5
 Insignia,2018,12900.0,Manual,9274,Petrol,145,47.1,1.5
 Insignia,2015,7991.0,Automatic,37174,Diesel,150,50.4,2.0
 Insignia,2018,15695.0,Manual,11793,Diesel,145,65.7,1.6
 Insignia,2017,12498.0,Manual,26517,Diesel,145,54.3,2.0
 Insignia,2017,12770.0,Manual,18671,Diesel,145,54.3,2.0
 Insignia,2018,12981.0,Manual,25203,Petrol,145,47.1,1.5
 Insignia,2018,12330.0,Manual,34391,Petrol,145,47.1,1.5
 Insignia,2018,14580.0,Automatic,33798,Diesel,145,51.4,2.0
 Insignia,2018,15249.0,Manual,9735,Diesel,145,65.7,1.6
 Insignia,2019,19495.0,Manual,6222,Diesel,150,51.4,2.0
 Insignia,2017,13987.0,Manual,30066,Diesel,145,54.3,2.0
 Insignia,2017,13295.0,Manual,26410,Petrol,145,47.1,1.5
 Insignia,2016,7998.0,Manual,40018,Diesel,30,62.8,2.0
 Insignia,2018,11998.0,Manual,29556,Diesel,150,65.7,1.6
 Insignia,2015,9249.0,Automatic,47061,Diesel,160,49.6,2.0
 Insignia,2015,7495.0,Manual,45958,Diesel,0,76.3,2.0
 Insignia,2019,16998.0,Manual,14156,Diesel,150,51.4,2.0
 Insignia,2018,12995.0,Manual,16200,Petrol,145,50.4,1.5
 Insignia,2017,11495.0,Automatic,35698,Diesel,145,55.4,1.6
 Insignia,2018,11990.0,Automatic,39201,Diesel,145,55.4,1.6
 Insignia,2018,12995.0,Manual,14250,Diesel,145,65.7,1.6
 Insignia,2018,14295.0,Manual,23962,Petrol,145,49.6,1.5
 Insignia,2019,16498.0,Manual,6195,Petrol,150,46.3,1.5
 Insignia,2019,15998.0,Manual,26769,Diesel,150,49.6,2.0
 Insignia,2016,9999.0,Manual,41580,Diesel,30,62.8,2.0
 Insignia,2018,12295.0,Manual,33795,Diesel,145,65.7,1.6
 Insignia,2018,12295.0,Manual,36132,Diesel,150,65.7,1.6
 Insignia,2018,13795.0,Manual,11600,Petrol,145,47.1,1.5
 Insignia,2018,15495.0,Manual,16501,Diesel,145,54.3,2.0
 Insignia,2019,15495.0,Manual,11366,Petrol,145,50.4,1.5
 Insignia,2018,14298.0,Manual,22410,Diesel,145,53.3,2.0
 Insignia,2018,12998.0,Manual,31637,Petrol,145,47.1,1.5
 Insignia,2019,16498.0,Manual,19282,Diesel,150,49.6,2.0
 Insignia,2016,9425.0,Manual,29213,Diesel,20,72.4,1.6
 Insignia,2018,15801.0,Automatic,27581,Diesel,145,51.4,2.0
 Insignia,2019,17930.0,Manual,31212,Diesel,145,53.3,2.0
 Insignia,2018,13410.0,Automatic,36869,Petrol,145,46.3,1.5
 Insignia,2018,14298.0,Manual,17558,Diesel,145,53.3,2.0
 Insignia,2017,13798.0,Manual,21105,Diesel,145,53.3,2.0
 Insignia,2019,14799.0,Manual,4320,Petrol,145,50.4,1.5
 Insignia,2016,7490.0,Automatic,75000,Diesel,125,57.6,1.6
 Insignia,2013,7299.0,Manual,44135,Petrol,200,40.4,1.8
 Insignia,2017,13791.0,Manual,3259,Petrol,145,47.1,1.5
 Insignia,2015,6351.0,Manual,71412,Diesel,20,68.9,1.6
 Insignia,2016,12000.0,Manual,39545,Diesel,125,60.1,2.0
 Insignia,2017,14298.0,Manual,20260,Petrol,145,46.3,1.5
 Insignia,2018,12299.0,Manual,33140,Diesel,145,65.7,1.6
 Insignia,2018,12999.0,Manual,34855,Petrol,145,47.1,1.5
 Insignia,2017,11499.0,Manual,39975,Petrol,145,47.1,1.5
 Insignia,2017,16500.0,Automatic,23947,Diesel,150,51.4,2.0
 Insignia,2017,10995.0,Manual,41302,Petrol,150,47.1,1.5
 Insignia,2018,14299.0,Manual,43213,Diesel,145,53.3,2.0
 Insignia,2018,13499.0,Manual,17380,Petrol,150,50.4,1.5
 Insignia,2018,13698.0,Manual,25013,Diesel,145,53.3,2.0
 Insignia,2018,14998.0,Manual,25428,Diesel,150,53.3,2.0
 Insignia,2016,6950.0,Manual,67247,Diesel,20,72.4,1.6
 Insignia,2018,13480.0,Manual,19674,Diesel,145,65.7,1.6
 Insignia,2019,16498.0,Manual,4771,Petrol,150,44.8,1.5
 Insignia,2019,17298.0,Manual,12928,Diesel,145,53.3,2.0
 Insignia,2019,16498.0,Manual,21736,Diesel,150,49.6,2.0
 Insignia,2013,6798.0,Manual,38740,Petrol,200,40.4,1.8
 Insignia,2018,13998.0,Manual,27145,Petrol,150,46.3,1.5
 Insignia,2017,12998.0,Manual,19125,Diesel,145,65.7,1.6
 Insignia,2018,13698.0,Manual,22200,Diesel,145,53.3,2.0
 Insignia,2019,14698.0,Manual,17143,Petrol,150,50.4,1.5
 Insignia,2018,14998.0,Manual,20644,Petrol,150,46.3,1.5
 Insignia,2019,16998.0,Manual,16499,Diesel,150,53.3,2.0
 Insignia,2014,5990.0,Manual,38021,Petrol,200,40.4,1.8
 Insignia,2016,6980.0,Manual,76330,Diesel,0,74.3,1.6
 Insignia,2019,16498.0,Manual,5894,Petrol,150,44.8,1.5
 Insignia,2015,7497.0,Automatic,46495,Diesel,145,53.3,2.0
 Insignia,2014,8191.0,Manual,46302,Diesel,30,62.8,2.0
 Insignia,2019,16208.0,Manual,21651,Diesel,145,53.3,2.0
 Insignia,2018,14260.0,Automatic,37213,Diesel,145,51.4,2.0
 Insignia,2019,17530.0,Manual,8296,Diesel,145,55.4,1.6
 Insignia,2015,8990.0,Manual,67582,Diesel,0,76.3,2.0
 Insignia,2017,13499.0,Manual,22539,Diesel,150,54.3,2.0
 Insignia,2017,12766.0,Manual,33605,Petrol,145,47.1,1.5
 Insignia,2019,16464.0,Manual,10000,Petrol,145,50.4,1.5
 Insignia,2016,6999.0,Manual,79344,Diesel,0,74.3,1.6
 Insignia,2014,7675.0,Manual,54000,Petrol,125,54.3,1.4
 Insignia,2014,7434.0,Manual,45160,Petrol,200,40.4,1.8
 Insignia,2017,11494.0,Manual,13000,Diesel,150,62.8,2.0
 Insignia,2017,14599.0,Automatic,20080,Diesel,145,51.4,2.0
 Insignia,2017,10699.0,Manual,15614,Petrol,150,47.9,1.5
 Insignia,2017,13199.0,Manual,14557,Diesel,145,54.3,2.0
 Insignia,2018,11899.0,Manual,44557,Petrol,145,46.3,1.5
 Insignia,2017,13349.0,Manual,20597,Diesel,145,54.3,2.0
 Insignia,2017,12699.0,Manual,27726,Diesel,145,53.3,2.0
 Insignia,2016,8600.0,Manual,30142,Diesel,30,65.7,1.6
 Insignia,2016,6499.0,Manual,97841,Diesel,20,72.4,1.6
 Insignia,2018,15999.0,Automatic,19754,Petrol,145,45.6,1.5
 Insignia,2018,13799.0,Manual,15112,Diesel,145,65.7,1.6
 Insignia,2018,13999.0,Manual,18000,Diesel,145,65.7,1.6
 Insignia,2019,15999.0,Manual,15000,Petrol,145,44.8,1.5
 Insignia,2018,14489.0,Manual,36988,Diesel,150,53.3,2.0
 Insignia,2016,8290.0,Manual,43810,Petrol,125,53.3,1.4
 Insignia,2018,13991.0,Manual,23821,Petrol,145,47.1,1.5
 Insignia,2018,13890.0,Manual,16258,Petrol,145,50.4,1.5
 Insignia,2018,13530.0,Manual,14654,Diesel,145,65.7,1.6
 Insignia,2018,13490.0,Manual,22537,Diesel,145,65.7,1.6
 Insignia,2019,17990.0,Manual,25234,Diesel,145,52.3,1.6
 Insignia,2016,8827.0,Manual,36580,Petrol,125,50.4,1.4
 Insignia,2019,14997.0,Manual,20962,Petrol,145,50.4,1.5
 Insignia,2019,14595.0,Manual,21003,Petrol,145,50.4,1.5
 Insignia,2015,7690.0,Manual,51663,Petrol,125,50.4,1.4
 Insignia,2016,12491.0,Manual,16085,Diesel,30,65.7,1.6
 Insignia,2018,12991.0,Manual,11823,Petrol,150,47.1,1.5
 Insignia,2018,13994.0,Manual,36185,Diesel,145,53.3,2.0
 Insignia,2015,8991.0,Manual,40376,Diesel,20,68.9,1.6
 Insignia,2018,13991.0,Manual,35467,Diesel,150,54.3,2.0
 Insignia,2019,15369.0,Manual,15015,Petrol,145,50.4,1.5
 Insignia,2017,11495.0,Manual,26587,Petrol,150,47.1,1.5
 Insignia,2016,9999.0,Automatic,41346,Diesel,125,57.6,1.6
 Insignia,2015,9695.0,Automatic,45453,Diesel,160,52.3,2.0
 Insignia,2019,13495.0,Manual,4070,Petrol,145,44.8,1.5
 Insignia,2018,14800.0,Manual,19283,Petrol,150,47.1,1.5
 Insignia,2018,17500.0,Manual,15846,Diesel,145,51.4,2.0
 Insignia,2018,12893.0,Manual,29104,Diesel,145,70.6,1.6
 Insignia,2018,15350.0,Manual,13344,Diesel,145,54.3,2.0
 Insignia,2017,9487.0,Manual,26055,Petrol,235,38.6,1.8
 Insignia,2018,14895.0,Manual,16669,Diesel,145,65.7,1.6
 Insignia,2019,18495.0,Automatic,13515,Diesel,150,42.2,2.0
 Insignia,2019,15791.0,Manual,18579,Diesel,150,53.3,2.0
 Insignia,2018,15890.0,Manual,13040,Diesel,150,54.3,2.0
 Insignia,2019,13991.0,Manual,21255,Diesel,150,64.2,1.6
 Insignia,2018,16291.0,Manual,9850,Diesel,150,53.3,2.0
 Insignia,2018,14423.0,Manual,22352,Petrol,145,47.1,1.5
 Insignia,2018,14995.0,Manual,41054,Diesel,145,53.3,2.0
 Insignia,2019,15800.0,Manual,17989,Diesel,145,53.3,2.0
 Insignia,2017,11398.0,Manual,23000,Petrol,150,47.1,1.5
 Insignia,2017,12520.0,Manual,41269,Diesel,145,54.3,2.0
 Insignia,2017,12422.0,Manual,47100,Diesel,145,54.3,2.0
 Insignia,2018,13500.0,Manual,15452,Petrol,150,50.4,1.5
 Insignia,2018,12995.0,Manual,32428,Diesel,145,65.7,1.6
 Insignia,2017,13250.0,Manual,19729,Diesel,145,53.3,2.0
 Insignia,2019,17250.0,Automatic,13002,Diesel,145,50.4,2.0
 Insignia,2019,16995.0,Manual,50,Petrol,145,47.1,1.5
 Insignia,2018,13995.0,Manual,40308,Diesel,145,54.3,2.0
 Insignia,2015,8995.0,Manual,41200,Diesel,20,68.9,1.6
 Insignia,2015,8495.0,Automatic,57000,Diesel,145,53.3,2.0
 Insignia,2018,15495.0,Manual,6550,Petrol,145,47.1,1.5
 Insignia,2017,11995.0,Manual,21541,Diesel,145,54.3,2.0
 Insignia,2018,15495.0,Manual,6500,Petrol,145,47.1,1.5
 Insignia,2015,7990.0,Automatic,61631,Diesel,145,53.3,2.0
 Insignia,2018,12990.0,Manual,32642,Petrol,145,47.1,1.5
 Insignia,2018,11758.0,Manual,41657,Petrol,150,47.1,1.5
 Insignia,2018,13989.0,Manual,45431,Diesel,150,53.3,2.0
 Insignia,2019,16991.0,Manual,16705,Diesel,145,49.6,2.0
 Insignia,2018,15995.0,Manual,11000,Petrol,145,47.1,1.5
 Insignia,2018,12591.0,Manual,24196,Diesel,145,65.7,1.6
 Insignia,2018,13999.0,Manual,10,Petrol,150,47.1,1.5
 Insignia,2016,9150.0,Manual,21076,Petrol,125,53.3,1.4
 Insignia,2018,11799.0,Manual,32255,Diesel,145,65.7,1.6
 Insignia,2018,12999.0,Manual,37988,Petrol,145,47.1,1.5
 Insignia,2018,12999.0,Manual,36025,Petrol,145,47.1,1.5
 Insignia,2018,14998.0,Manual,35789,Diesel,145,53.3,2.0
 Insignia,2018,12999.0,Manual,48400,Petrol,145,47.1,1.5
 Insignia,2018,14998.0,Manual,37211,Diesel,145,53.3,2.0
 Insignia,2018,14998.0,Manual,40543,Diesel,145,53.3,2.0
 Insignia,2016,10995.0,Manual,17000,Diesel,20,68.9,1.6
 Insignia,2018,17299.0,Manual,9527,Petrol,145,46.3,1.5
 Insignia,2018,12999.0,Manual,31680,Petrol,145,47.1,1.5
 Insignia,2018,12999.0,Manual,42863,Petrol,145,47.1,1.5
 Insignia,2014,6499.0,Manual,42000,Petrol,205,40.4,1.8
 Insignia,2019,18495.0,Manual,100,Diesel,145,49.6,2.0
 Insignia,2018,14995.0,Manual,22400,Diesel,150,65.7,1.6
 Insignia,2018,13790.0,Manual,21449,Diesel,145,65.7,1.6
 Insignia,2018,14998.0,Manual,37041,Diesel,150,53.3,2.0
 Insignia,2015,7895.0,Manual,20500,Diesel,20,68.9,1.6
 Insignia,2015,6999.0,Manual,65201,Diesel,0,76.3,2.0
 Insignia,2018,16299.0,Manual,13336,Petrol,145,50.4,1.5
 Insignia,2019,18000.0,Manual,29982,Diesel,145,54.3,2.0
 Insignia,2019,16248.0,Manual,2551,Diesel,145,52.3,1.6
 Insignia,2018,15299.0,Manual,15431,Petrol,145,47.1,1.5
 Insignia,2016,9295.0,Manual,15028,Diesel,20,72.4,1.6
 Insignia,2018,14820.0,Manual,12331,Petrol,145,47.1,1.5
 Insignia,2017,10499.0,Manual,42690,Diesel,145,65.7,1.6
 Insignia,2019,15598.0,Manual,77,Petrol,145,50.4,1.5
 Insignia,2018,12590.0,Manual,32173,Diesel,145,65.7,1.6
 Insignia,2016,8990.0,Manual,33905,Petrol,235,38.6,1.8
 Insignia,2018,15490.0,Automatic,10000,Petrol,145,47.1,1.5
 Insignia,2019,18990.0,Manual,20,Diesel,150,49.6,2.0
 Insignia,2014,10990.0,Automatic,15600,Diesel,150,53.3,2.0
 Insignia,2019,16690.0,Manual,50,Petrol,145,44.8,1.5
 Insignia,2018,14390.0,Manual,5871,Petrol,150,50.4,1.5
 Insignia,2018,14000.0,Manual,14525,Petrol,150,47.1,1.5
 Insignia,2015,8995.0,Automatic,36911,Diesel,165,50.4,2.0
 Insignia,2018,14999.0,Manual,21621,Petrol,150,50.4,1.5
 Insignia,2014,7750.0,Manual,21500,Petrol,200,40.4,1.8
 Insignia,2019,16190.0,Manual,7405,Diesel,145,61.4,1.6
 Insignia,2018,12140.0,Automatic,38039,Diesel,145,55.4,1.6
 Insignia,2018,14850.0,Automatic,40511,Diesel,145,49.6,2.0
 Insignia,2018,14400.0,Manual,15099,Petrol,145,47.1,1.5
 Insignia,2018,16990.0,Manual,9200,Petrol,145,44.8,1.6
 Insignia,2018,14070.0,Manual,39057,Diesel,145,53.3,2.0
 Insignia,2017,8857.0,Manual,52450,Diesel,30,64.2,1.6
 Insignia,2018,16490.0,Manual,12500,Petrol,145,46.3,1.5
 Insignia,2018,16990.0,Manual,9000,Diesel,145,54.3,2.0
 Insignia,2017,12995.0,Manual,22410,Diesel,145,65.7,1.6
 Insignia,2017,13490.0,Manual,29610,Diesel,145,53.3,2.0
 Insignia,2015,5999.0,Manual,97134,Diesel,0,76.3,2.0
 Insignia,2015,8570.0,Manual,34088,Diesel,0,76.3,2.0
 Insignia,2018,12250.0,Manual,34098,Petrol,145,47.1,1.5
 Insignia,2018,15990.0,Manual,9210,Petrol,145,50.4,1.5
 Insignia,2018,14499.0,Manual,12735,Diesel,150,61.4,1.6
 Insignia,2018,14499.0,Manual,5791,Petrol,150,50.4,1.5
 Insignia,2013,6321.0,Automatic,90532,Diesel,200,48.7,2.0
 Insignia,2018,14850.0,Manual,26576,Diesel,145,65.7,1.6
 Insignia,2018,14995.0,Automatic,36972,Diesel,150,55.4,1.6
 Insignia,2019,13980.0,Manual,9500,Petrol,145,44.8,1.5
 Insignia,2018,16995.0,Manual,13511,Petrol,145,44.8,1.6
 Insignia,2019,14559.0,Manual,10887,Petrol,145,50.4,1.5
 Insignia,2015,7495.0,Manual,52200,Diesel,0,76.3,2.0
 Insignia,2018,13495.0,Manual,18000,Diesel,145,65.7,1.6
 Insignia,2018,14495.0,Manual,19250,Petrol,150,47.1,1.5
 Insignia,2019,19495.0,Manual,5000,Diesel,145,49.6,2.0
 Insignia,2014,5995.0,Manual,65000,Petrol,205,40.4,1.8
 Insignia,2018,13950.0,Manual,6256,Petrol,150,50.4,1.5
 Insignia,2018,15490.0,Manual,16829,Petrol,145,47.1,1.5
 Insignia,2018,13990.0,Manual,13468,Petrol,150,50.4,1.5
 Insignia,2018,14590.0,Manual,16278,Petrol,145,47.1,1.5
 Insignia,2017,12690.0,Manual,40911,Diesel,145,53.3,2.0
 Insignia,2018,12299.0,Manual,36474,Diesel,145,65.7,1.6
 Insignia,2018,15995.0,Manual,23658,Diesel,145,53.3,2.0
 Insignia,2019,15800.0,Manual,9000,Petrol,145,49.6,1.5
 Insignia,2016,6710.0,Manual,67564,Diesel,0,74.3,1.6
 Insignia,2014,6040.0,Manual,66237,Diesel,0,76.3,2.0
 Insignia,2017,12500.0,Automatic,48500,Diesel,145,55.4,1.6
 Insignia,2019,16995.0,Manual,7226,Diesel,145,49.6,2.0
 Insignia,2018,13670.0,Manual,7500,Petrol,145,47.1,1.5
 Insignia,2015,7980.0,Manual,36522,Diesel,20,68.9,1.6
 Insignia,2015,8670.0,Manual,42292,Diesel,0,76.3,2.0
 Insignia,2017,11991.0,Automatic,40582,Diesel,145,55.4,1.6
 Insignia,2018,15688.0,Manual,23958,Diesel,145,53.3,2.0
 Insignia,2014,6040.0,Manual,73419,Petrol,200,40.4,1.8
 Insignia,2018,14690.0,Manual,32151,Diesel,145,53.3,2.0
 Insignia,2015,6722.0,Manual,83128,Diesel,0,76.3,2.0
 Insignia,2014,7495.0,Manual,36908,Diesel,30,65.7,2.0
 Insignia,2017,14295.0,Automatic,38469,Diesel,145,51.4,2.0
 Insignia,2019,16999.0,Automatic,15040,Diesel,145,51.4,2.0
 Insignia,2019,19995.0,Automatic,9588,Diesel,145,42.2,2.0
 Insignia,2016,7490.0,Automatic,50177,Diesel,165,52.3,2.0
 Insignia,2019,14988.0,Manual,17371,Petrol,145,50.4,1.5
 Insignia,2016,10124.0,Manual,30965,Diesel,30,65.7,2.0
 Insignia,2014,7500.0,Manual,57500,Diesel,20,72.4,2.0
 Insignia,2016,8995.0,Manual,49000,Diesel,20,68.9,1.6
 Insignia,2018,12999.0,Manual,30120,Diesel,145,61.4,1.6
 Insignia,2016,8599.0,Manual,49078,Diesel,20,68.9,1.6
 Insignia,2018,17500.0,Manual,19882,Diesel,145,53.3,2.0
 Insignia,2016,7995.0,Manual,62000,Diesel,20,72.4,1.6
 Insignia,2018,14499.0,Manual,30447,Diesel,150,54.3,2.0
 Insignia,2012,4995.0,Automatic,83300,Diesel,160,49.6,2.0
 Insignia,2016,9200.0,Manual,22014,Petrol,125,53.3,1.4
 Insignia,2016,9500.0,Manual,45793,Diesel,20,68.9,1.6
 Insignia,2015,8999.0,Manual,51985,Diesel,0,76.3,2.0
 Insignia,2014,5488.0,Manual,77000,Petrol,200,40.4,1.8
 Insignia,2014,7999.0,Manual,50053,Diesel,30,65.7,2.0
 Insignia,2018,13999.0,Manual,30143,Diesel,145,65.7,1.6
 Insignia,2019,17999.0,Manual,1000,Petrol,145,47.1,1.5
 Insignia,2014,6499.0,Manual,67590,Diesel,0,76.3,2.0
 Insignia,2016,9999.0,Manual,43105,Diesel,20,68.9,1.6
 Insignia,2018,15499.0,Automatic,33490,Diesel,145,51.4,2.0
 Insignia,2018,13499.0,Manual,36178,Diesel,145,65.7,1.6
 Insignia,2017,8500.0,Manual,18000,Diesel,145,62.8,2.0
 Insignia,2017,11000.0,Manual,20214,Diesel,30,62.8,2.0
 Insignia,2011,3250.0,Manual,94400,Diesel,160,52.3,2.0
 Insignia,2016,6995.0,Manual,93850,Diesel,20,72.4,1.6
 Insignia,2016,7500.0,Manual,86400,Diesel,30,62.8,2.0
 Insignia,2010,2950.0,Manual,66000,Petrol,265,37.2,1.8
 Insignia,2009,1950.0,Manual,105000,Diesel,205,47.1,2.0
 Insignia,2011,3450.0,Manual,61000,Diesel,165,52.3,2.0
 Insignia,2018,14493.0,Manual,12294,Diesel,145,65.7,1.6
 Insignia,2018,14999.0,Manual,4209,Petrol,145,47.1,1.5
 Insignia,2018,16989.0,Automatic,27000,Diesel,145,51.4,2.0
 Insignia,2018,14490.0,Manual,9781,Petrol,150,47.1,1.5
 Insignia,2018,12453.0,Manual,10875,Petrol,145,47.1,1.5
 Insignia,2017,9995.0,Manual,24041,Petrol,20,68.9,1.6
 Insignia,2015,8790.0,Manual,31606,Diesel,30,62.8,2.0
 Insignia,2017,13995.0,Manual,17125,Petrol,150,47.1,1.5
 Insignia,2016,7700.0,Manual,44401,Petrol,125,50.4,1.4
 Insignia,2017,13250.0,Manual,23282,Petrol,145,47.1,1.5
 Insignia,2017,9000.0,Manual,30602,Diesel,150,68.9,1.6
 Insignia,2018,14220.0,Manual,36970,Diesel,145,53.3,2.0
 Insignia,2018,12260.0,Manual,11850,Petrol,145,47.1,1.5
 Insignia,2009,2699.0,Manual,106000,Diesel,200,48.7,2.0
 Insignia,2016,7977.0,Manual,78000,Diesel,20,72.4,1.6
 Insignia,2010,1925.0,Manual,138000,Diesel,165,52.3,2.0
 Insignia,2019,19250.0,Manual,5559,Diesel,145,51.4,2.0
 Insignia,2018,12350.0,Automatic,38985,Diesel,145,55.4,1.6
 Insignia,2016,9900.0,Manual,24487,Diesel,30,62.8,2.0
 Insignia,2017,13100.0,Manual,46147,Diesel,145,65.7,1.6
 Insignia,2018,15975.0,Automatic,14223,Diesel,145,51.4,2.0
 Insignia,2016,10500.0,Manual,15954,Diesel,20,72.4,1.6
 Insignia,2019,13700.0,Manual,19642,Diesel,145,53.3,2.0
 Insignia,2017,12000.0,Manual,49063,Petrol,145,47.1,1.5
 Insignia,2014,8000.0,Manual,45780,Diesel,0,76.3,2.0
 Insignia,2013,9000.0,Manual,39723,Diesel,125,60.1,2.0
 Insignia,2016,10400.0,Automatic,24885,Diesel,125,57.6,1.6
 Insignia,2016,9000.0,Manual,36630,Diesel,0,74.3,1.6
 Insignia,2016,9000.0,Manual,49584,Diesel,30,62.8,2.0
 Insignia,2019,19000.0,Manual,10737,Diesel,145,49.6,2.0
 Insignia,2015,8550.0,Manual,43000,Diesel,20,72.4,1.6
 Insignia,2016,10795.0,Manual,31138,Diesel,30,62.8,2.0
 Insignia,2016,11500.0,Manual,17052,Diesel,30,65.7,1.6
 Insignia,2017,9990.0,Manual,24000,Diesel,145,64.2,1.6
 Insignia,2016,7750.0,Manual,59000,Diesel,0,74.3,1.6
 Insignia,2015,5490.0,Manual,88000,Diesel,0,76.3,2.0
 Insignia,2016,7990.0,Manual,58000,Diesel,30,62.8,2.0
 Insignia,2014,6490.0,Manual,40000,Diesel,30,65.7,2.0
 Insignia,2015,6490.0,Automatic,83000,Diesel,145,53.3,2.0
 Insignia,2015,6490.0,Manual,74000,Diesel,30,62.8,2.0
 Insignia,2016,8490.0,Manual,25000,Diesel,30,65.7,1.6
 Insignia,2016,6990.0,Manual,43000,Diesel,0,74.3,1.6
 Insignia,2018,11490.0,Manual,35000,Diesel,145,54.3,2.0
 Insignia,2015,5990.0,Manual,57000,Diesel,0,76.3,2.0
 Insignia,2016,6990.0,Manual,58000,Diesel,20,68.9,1.6
 Insignia,2014,6490.0,Manual,61000,Diesel,0,76.3,2.0
 Insignia,2015,6490.0,Manual,55000,Diesel,0,76.3,2.0
 Insignia,2016,6990.0,Manual,80000,Diesel,20,68.9,1.6
 Insignia,2017,10490.0,Manual,47000,Diesel,145,65.7,1.6
 Insignia,2016,5990.0,Manual,85000,Diesel,0,74.3,1.6
 Insignia,2017,10490.0,Automatic,44000,Diesel,145,55.4,1.6
 Insignia,2019,18249.0,Manual,5000,Petrol,145,44.8,1.5
 Insignia,2016,9000.0,Manual,30526,Diesel,0,74.3,1.6
 Insignia,2017,12999.0,Manual,37150,Diesel,145,54.3,2.0
 Insignia,2017,11739.0,Manual,25462,Diesel,145,64.2,1.6
 Insignia,2016,6490.0,Manual,70000,Diesel,0,74.3,1.6
 Insignia,2016,10374.0,Manual,29988,Diesel,30,62.8,2.0
 Insignia,2016,9999.0,Manual,24536,Diesel,20,68.9,1.6
 Insignia,2018,13000.0,Automatic,34647,Diesel,145,55.4,1.6
 Insignia,2015,6969.0,Manual,51276,Diesel,0,76.3,2.0
 Insignia,2016,8899.0,Manual,31979,Petrol,125,50.4,1.4
 Insignia,2015,10699.0,Manual,19615,Diesel,125,60.1,2.0
 Insignia,2015,7399.0,Manual,57364,Diesel,0,76.3,2.0
 Insignia,2015,7490.0,Manual,35000,Petrol,200,40.4,1.8
 Insignia,2018,12750.0,Automatic,33959,Diesel,145,51.4,2.0
 Insignia,2016,10633.0,Manual,16384,Diesel,20,72.4,1.6
 Insignia,2017,13583.0,Manual,20763,Diesel,145,54.3,2.0
 Insignia,2017,8470.0,Manual,42773,Diesel,30,64.2,1.6
 Insignia,2016,8590.0,Manual,40100,Diesel,20,68.9,1.6
 Insignia,2015,7980.0,Automatic,74321,Diesel,160,52.3,2.0
 Insignia,2016,8440.0,Manual,79985,Diesel,30,62.8,2.0
 Insignia,2013,4950.0,Manual,58942,Petrol,235,39.2,1.8
 Insignia,2016,8640.0,Automatic,67456,Diesel,160,51.4,2.0
 Insignia,2016,10640.0,Automatic,29640,Diesel,125,57.6,1.6
 Insignia,2018,14989.0,Automatic,31702,Diesel,145,51.4,2.0
 Insignia,2016,8550.0,Manual,33702,Diesel,0,74.3,1.6
 Insignia,2016,8688.0,Manual,20184,Diesel,0,74.3,1.6
 Insignia,2019,18990.0,Manual,11112,Diesel,145,61.4,1.6
 Insignia,2015,8299.0,Manual,48000,Diesel,20,72.4,1.6
 Insignia,2016,10349.0,Manual,29592,Diesel,20,68.9,1.6
 Insignia,2017,11780.0,Manual,30786,Diesel,150,65.7,1.6
 Insignia,2015,5990.0,Manual,88448,Diesel,0,76.3,2.0
 Insignia,2014,6495.0,Manual,77215,Diesel,30,65.7,2.0
 Insignia,2014,6000.0,Manual,63254,Diesel,0,76.3,2.0
 Insignia,2017,12645.0,Manual,10156,Petrol,145,47.1,1.5
 Insignia,2014,5995.0,Manual,115241,Diesel,0,76.3,2.0
 Insignia,2011,3995.0,Manual,55041,Petrol,265,37.2,1.8
 Insignia,2016,6293.0,Manual,102000,Diesel,125,60.1,2.0
 Insignia,2016,6491.0,Manual,102000,Diesel,30,62.8,2.0
 Insignia,2016,5794.0,Manual,105000,Diesel,20,72.4,1.6
 Insignia,2015,5191.0,Manual,116000,Diesel,20,72.4,1.6
 Insignia,2017,11970.0,Manual,53299,Diesel,150,53.3,2.0
 Insignia,2016,6794.0,Manual,105000,Diesel,20,68.9,1.6
 Insignia,2016,5691.0,Manual,124000,Diesel,20,72.4,1.6
 Insignia,2015,5492.0,Manual,126000,Diesel,30,62.8,2.0
 Insignia,2016,5493.0,Manual,108000,Diesel,0,74.3,1.6
 Insignia,2016,5394.0,Manual,117000,Diesel,0,74.3,1.6
 Insignia,2014,4391.0,Manual,150000,Diesel,30,62.8,2.0
 Insignia,2015,4993.0,Manual,129000,Diesel,20,72.4,1.6
 Insignia,2015,5991.0,Automatic,134000,Diesel,160,50.4,2.0
 Insignia,2015,5792.0,Manual,102000,Diesel,0,74.3,1.6
 Insignia,2016,4791.0,Manual,132000,Diesel,0,74.3,1.6
 Insignia,2016,4991.0,Manual,130000,Diesel,0,74.3,1.6
 Insignia,2014,4991.0,Manual,85000,Diesel,0,76.3,2.0
 Insignia,2016,6590.0,Manual,90551,Diesel,30,62.8,2.0
 Insignia,2018,16495.0,Manual,20607,Diesel,150,53.3,2.0
 Insignia,2016,6793.0,Manual,94000,Diesel,30,62.8,2.0
 Insignia,2016,5992.0,Manual,124000,Diesel,20,72.4,1.6
 Insignia,2016,7999.0,Manual,50625,Petrol,125,50.4,1.4
 Insignia,2016,8749.0,Manual,47157,Diesel,20,68.9,1.6
 Insignia,2015,7899.0,Manual,49585,Diesel,0,76.3,2.0
 Insignia,2017,15299.0,Manual,11867,Diesel,145,54.3,2.0
 Insignia,2016,9699.0,Manual,28666,Diesel,20,72.4,1.6
 Insignia,2016,5680.0,Manual,117000,Diesel,30,62.8,2.0
 Insignia,2011,3888.0,Automatic,99982,Diesel,205,47.1,2.0
 Insignia,2016,7799.0,Manual,88853,Diesel,20,68.9,1.6
 Insignia,2016,7799.0,Manual,41802,Diesel,0,74.3,1.6
 Insignia,2016,7949.0,Manual,82271,Diesel,20,72.4,1.6
 Insignia,2016,7249.0,Manual,86980,Diesel,20,68.9,1.6
 Insignia,2015,7499.0,Manual,35562,Diesel,20,72.4,1.6
 Insignia,2017,11099.0,Manual,47448,Diesel,145,65.7,1.6
 Insignia,2016,7899.0,Manual,54016,Diesel,20,72.4,1.6
 Insignia,2017,12803.0,Manual,45265,Diesel,145,53.3,2.0
 Insignia,2016,6599.0,Manual,75478,Diesel,20,72.4,1.6
 Insignia,2017,9995.0,Manual,19352,Petrol,125,50.4,1.4
 Insignia,2014,6499.0,Manual,62193,Diesel,0,76.3,2.0
 Insignia,2016,9753.0,Automatic,27375,Diesel,125,57.6,1.6
 Insignia,2016,8899.0,Manual,25105,Petrol,125,50.4,1.4
 Insignia,2018,12995.0,Automatic,36285,Diesel,145,55.4,1.6
 Insignia,2016,9999.0,Manual,27712,Diesel,30,62.8,2.0
 Insignia,2017,11499.0,Manual,35209,Diesel,30,64.2,1.6
 Insignia,2017,7899.0,Manual,67272,Diesel,145,62.8,2.0
 Insignia,2018,11500.0,Automatic,55990,Diesel,150,55.4,1.6
 Insignia,2014,5295.0,Manual,64550,Diesel,0,76.3,2.0
 Insignia,2009,1995.0,Manual,98561,Diesel,150,54.7,2.0
 Insignia,2011,4999.0,Manual,55152,Petrol,305,33.6,2.0
 Insignia,2017,8500.0,Automatic,64809,Diesel,125,57.6,1.6
 Insignia,2016,11000.0,Manual,14810,Diesel,20,72.4,1.6
 Insignia,2015,9000.0,Manual,51937,Diesel,0,76.3,2.0
 Insignia,2016,10500.0,Automatic,43058,Diesel,125,57.6,1.6
 Insignia,2016,9500.0,Automatic,35469,Diesel,125,60.1,1.6
 Insignia,2015,7600.0,Manual,41554,Diesel,0,76.3,2.0
 Insignia,2016,9800.0,Manual,31469,Diesel,20,72.4,1.6
 Insignia,2013,3999.0,Manual,93367,Diesel,30,65.7,2.0
 Insignia,2016,7000.0,Manual,50000,Diesel,30,65.7,2.0
 Insignia,2017,12200.0,Automatic,15566,Diesel,145,54.3,1.6
 Insignia,2017,11200.0,Manual,32818,Petrol,150,47.1,1.5
 Insignia,2016,10000.0,Manual,27862,Diesel,125,60.1,2.0
 Insignia,2015,9500.0,Manual,32462,Diesel,30,65.7,1.6
 Insignia,2014,8400.0,Manual,27659,Diesel,30,62.8,2.0
 Insignia,2018,14000.0,Manual,31545,Diesel,145,54.3,2.0
 Insignia,2016,10400.0,Manual,28723,Diesel,20,68.9,1.6
 Insignia,2016,8200.0,Manual,34842,Diesel,0,74.3,1.6
 Insignia,2017,11489.0,Automatic,39172,Diesel,145,55.4,1.6
 Insignia,2017,14000.0,Manual,8725,Petrol,145,47.1,0.0
 Insignia,2016,10300.0,Manual,29025,Diesel,20,68.9,1.6
 Insignia,2016,10000.0,Manual,31167,Diesel,20,72.4,1.6
 Insignia,2018,15000.0,Manual,30619,Diesel,145,53.3,0.0
 Insignia,2016,10500.0,Manual,28042,Diesel,20,72.4,1.6
 Insignia,2017,13000.0,Manual,36595,Petrol,145,47.1,0.0
 Insignia,2017,12000.0,Manual,18299,Petrol,150,47.1,0.0
 Insignia,2016,9800.0,Manual,32122,Diesel,20,72.4,1.6
 Insignia,2018,11700.0,Manual,48472,Diesel,150,65.7,1.6
 Insignia,2016,9500.0,Manual,36682,Diesel,30,62.8,2.0
 Insignia,2018,15500.0,Manual,17733,Petrol,145,46.3,0.0
 Insignia,2016,9000.0,Manual,49184,Diesel,30,62.8,2.0
 Insignia,2018,17000.0,Manual,9633,Petrol,150,42.8,0.0
 Insignia,2017,13400.0,Manual,32000,Diesel,145,54.3,2.0
 Insignia,2014,7500.0,Manual,43561,Petrol,200,40.4,1.8
 Insignia,2015,10500.0,Automatic,35180,Diesel,115,50.4,2.0
 Insignia,2016,10000.0,Manual,21390,Diesel,30,62.8,2.0
 Insignia,2017,10500.0,Manual,26648,Diesel,30,65.7,1.6
 Insignia,2017,11500.0,Manual,30740,Diesel,150,65.7,0.0
 Insignia,2016,10500.0,Manual,36283,Diesel,30,65.7,1.6
 Insignia,2018,14100.0,Manual,26640,Diesel,145,65.7,1.6
 Insignia,2016,10000.0,Manual,46563,Diesel,30,62.8,2.0
 Insignia,2010,4999.0,Manual,49600,Petrol,265,37.2,1.8
 Insignia,2015,8999.0,Automatic,55221,Diesel,150,53.3,2.0
 Insignia,2017,13200.0,Manual,20896,Petrol,145,47.1,1.5
 Insignia,2019,19299.0,Automatic,18500,Diesel,145,42.2,2.0
 Insignia,2016,8450.0,Manual,32706,Petrol,145,50.4,1.4
 Insignia,2016,9800.0,Manual,29036,Petrol,125,50.4,1.4
 Insignia,2016,8700.0,Manual,38630,Diesel,20,68.9,1.6
 Insignia,2019,18000.0,Manual,11840,Diesel,145,54.3,2.0
 Insignia,2012,4495.0,Automatic,101000,Diesel,160,49.6,2.0
 Insignia,2018,12650.0,Manual,35897,Petrol,145,50.4,1.5
 Insignia,2015,6795.0,Manual,63600,Diesel,30,65.7,2.0
 Insignia,2015,9600.0,Manual,23153,Diesel,20,72.4,1.6
 Insignia,2017,9989.0,Manual,17750,Petrol,125,50.4,1.4
 Insignia,2016,8295.0,Manual,31800,Diesel,0,74.3,1.6
 Insignia,2018,12695.0,Manual,24452,Diesel,150,70.6,1.6
 Insignia,2014,7995.0,Manual,39856,Diesel,165,50.4,2.0
 Insignia,2016,8699.0,Manual,36770,Diesel,20,72.4,1.6
 Insignia,2016,7499.0,Manual,71305,Diesel,0,74.3,1.6
 Insignia,2015,7295.0,Manual,85236,Diesel,20,68.9,1.6
 Insignia,2015,8799.0,Automatic,39074,Diesel,160,52.3,2.0
 Insignia,2016,7999.0,Manual,77214,Diesel,20,68.9,1.6
 Insignia,2014,5999.0,Manual,63096,Petrol,200,40.4,1.8
 Insignia,2012,9999.0,Manual,48490,Petrol,555,25.9,2.8
 Insignia,2016,9649.0,Manual,29672,Diesel,20,72.4,1.6
 Insignia,2016,8449.0,Manual,39967,Diesel,20,72.4,1.6
 Insignia,2016,8699.0,Manual,41252,Diesel,20,72.4,1.6
 Insignia,2015,6999.0,Manual,60632,Diesel,0,74.3,1.6
 Insignia,2016,9098.0,Manual,51159,Diesel,20,68.9,1.6
 Insignia,2015,5999.0,Manual,82632,Diesel,0,74.3,1.6
 Insignia,2013,6799.0,Automatic,46002,Diesel,160,49.6,2.0
 Insignia,2016,8413.0,Manual,25748,Diesel,0,74.3,1.6
 Insignia,2016,10000.0,Manual,19380,Petrol,125,50.4,1.4
 Insignia,2017,7250.0,Manual,65898,Diesel,20,72.4,1.6
 Insignia,2016,7990.0,Manual,88000,Diesel,20,72.4,1.6
 Insignia,2012,3999.0,Manual,103355,Diesel,30,65.7,2.0
 Insignia,2016,9499.0,Manual,39408,Diesel,20,68.9,1.6
 Insignia,2018,16000.0,Manual,6398,Petrol,145,47.1,1.5
 Insignia,2013,2950.0,Manual,101154,Petrol,235,39.2,1.8
 Insignia,2016,7599.0,Manual,67121,Diesel,20,72.4,1.6
 Insignia,2013,5391.0,Manual,79460,Petrol,200,40.4,1.8
 Insignia,2010,1799.0,Manual,120000,Diesel,205,48.4,2.0
 Insignia,2015,6500.0,Manual,70880,Diesel,20,72.4,1.6
 Insignia,2016,8695.0,Manual,39460,Petrol,125,50.4,1.4
 Insignia,2019,19499.0,Manual,1940,Diesel,150,49.6,2.0
 Insignia,2016,6000.0,Manual,85740,Diesel,30,65.7,2.0
 Insignia,2016,6000.0,Manual,97500,Diesel,0,74.3,1.6
 Insignia,2016,6500.0,Manual,91430,Diesel,20,68.9,1.6
 Insignia,2015,5500.0,Manual,93370,Diesel,0,76.3,2.0
 Insignia,2016,5500.0,Manual,106520,Diesel,0,74.3,1.6
 Insignia,2016,6195.0,Manual,92100,Diesel,0,74.3,1.6
 Insignia,2014,5995.0,Manual,79000,Diesel,20,72.4,2.0
 Insignia,2009,2175.0,Automatic,136000,Diesel,265,41.5,2.0
 Insignia,2016,7695.0,Manual,44420,Diesel,0,74.3,1.6
 Insignia,2017,8590.0,Manual,50537,Diesel,145,68.9,1.6
 Insignia,2018,18990.0,Manual,8100,Diesel,145,49.6,2.0
 Insignia,2017,7999.0,Manual,50500,Diesel,145,68.9,1.6
 Insignia,2009,2495.0,Manual,116000,Diesel,200,47.1,2.0
 Insignia,2017,13499.0,Manual,12148,Petrol,145,47.1,1.5
 Insignia,2017,8499.0,Manual,34147,Diesel,145,68.9,1.6
 Insignia,2018,14299.0,Manual,15942,Petrol,145,47.1,1.5
 Insignia,2016,7599.0,Manual,60228,Diesel,20,68.9,1.6
 Insignia,2013,4495.0,Manual,84000,Diesel,125,58.9,2.0
 Insignia,2011,4695.0,Manual,76000,Diesel,145,53.3,2.0
 Insignia,2016,8499.0,Manual,42632,Diesel,20,72.4,1.6
 Insignia,2011,8449.0,Manual,63978,Petrol,555,26.6,2.8
 Insignia,2016,8399.0,Manual,44519,Diesel,20,68.9,1.6
 Insignia,2016,6899.0,Manual,72575,Diesel,20,72.4,1.6
 Insignia,2012,4495.0,Manual,85000,Diesel,30,65.7,2.0
 Insignia,2011,3990.0,Automatic,90847,Diesel,165,49.6,2.0
 Insignia,2016,7699.0,Manual,49456,Diesel,30,62.8,2.0
 Insignia,2016,8999.0,Manual,30003,Diesel,20,72.4,1.6
 Insignia,2017,16399.0,Manual,39450,Petrol,555,26.6,2.8
 Insignia,2013,3495.0,Manual,135000,Diesel,120,58.9,2.0
 Insignia,2018,12500.0,Manual,23149,Diesel,145,64.2,1.6
 Insignia,2018,14999.0,Manual,4073,Petrol,145,47.1,1.5
 Insignia,2016,6999.0,Manual,75529,Diesel,20,72.4,1.6
 Insignia,2016,6799.0,Manual,65015,Diesel,20,72.4,1.6
 Insignia,2016,7795.0,Manual,28552,Diesel,30,62.8,2.0
 Insignia,2016,9299.0,Automatic,35088,Diesel,125,60.1,1.6
 Insignia,2017,14499.0,Manual,14821,Diesel,145,60.1,2.0
 Insignia,2017,11999.0,Manual,44800,Diesel,145,53.3,2.0
 Insignia,2017,12299.0,Manual,27826,Diesel,145,54.3,2.0
 Insignia,2018,14299.0,Manual,25871,Diesel,145,54.3,2.0
 Insignia,2016,8499.0,Manual,82597,Diesel,20,72.4,1.6
 Insignia,2017,10199.0,Manual,51228,Diesel,145,65.7,1.6
 Insignia,2013,7699.0,Manual,56266,Diesel,0,76.3,2.0
 Insignia,2016,7299.0,Manual,76735,Diesel,20,72.4,1.6
 Insignia,2015,7199.0,Manual,72932,Diesel,0,74.3,1.6
 Insignia,2013,6999.0,Automatic,60299,Diesel,145,53.3,2.0
 Insignia,2015,5499.0,Manual,86219,Diesel,0,72.4,2.0
 Insignia,2016,9199.0,Manual,34094,Diesel,20,72.4,1.6
 Insignia,2015,5990.0,Manual,58000,Diesel,0,76.3,2.0
 Insignia,2015,6995.0,Manual,49000,Diesel,0,76.3,2.0
 Insignia,2017,11995.0,Manual,33311,Diesel,125,60.1,2.0
 Insignia,2016,7850.0,Manual,52990,Diesel,20,68.9,1.6
 Insignia,2016,7250.0,Manual,53626,Diesel,0,74.3,1.6
 Insignia,2016,9295.0,Manual,68067,Diesel,30,62.8,2.0
 Insignia,2016,6999.0,Automatic,71103,Diesel,125,57.6,1.6
 Insignia,2015,7799.0,Manual,52287,Diesel,20,72.4,2.0
 Insignia,2013,5379.0,Manual,63581,Diesel,125,58.9,2.0
 Insignia,2016,7999.0,Manual,45511,Diesel,20,72.4,1.6
 Insignia,2016,8999.0,Manual,55886,Diesel,20,68.9,1.6
 Insignia,2015,6499.0,Manual,56054,Diesel,30,65.7,2.0
 Insignia,2016,8349.0,Manual,63898,Diesel,20,68.9,1.6
 Insignia,2015,6899.0,Manual,73188,Diesel,0,76.3,2.0
 Insignia,2016,8000.0,Manual,40000,Petrol,240,38.6,1.8
 Insignia,2016,8999.0,Manual,8554,Petrol,125,50.4,1.4
 Insignia,2017,11678.0,Manual,59951,Diesel,145,54.3,2.0
 Insignia,2017,12495.0,Manual,23000,Diesel,145,54.3,2.0
 Insignia,2017,12995.0,Manual,26000,Diesel,145,53.3,2.0
 Insignia,2017,12695.0,Manual,17000,Diesel,145,54.3,2.0
 Insignia,2017,10495.0,Manual,24000,Diesel,145,62.8,2.0
 Insignia,2013,5895.0,Manual,69000,Diesel,0,76.3,2.0
 Insignia,2013,6490.0,Manual,63000,Diesel,30,65.7,2.0
 Insignia,2011,2995.0,Manual,136000,Diesel,135,56.5,2.0
 Insignia,2015,8995.0,Manual,22898,Diesel,30,65.7,1.6
 Insignia,2018,14495.0,Manual,35463,Diesel,145,53.3,2.0
 Insignia,2019,17999.0,Manual,17982,Diesel,145,54.3,2.0
 Insignia,2018,14495.0,Manual,35901,Diesel,145,54.3,2.0
 Insignia,2016,7195.0,Manual,60790,Diesel,0,74.3,1.6
 Insignia,2017,7695.0,Manual,51840,Diesel,0,74.3,1.6
 Insignia,2018,14299.0,Manual,35597,Diesel,145,54.3,2.0
 Insignia,2011,5995.0,Manual,43000,Petrol,260,37.2,1.8
 Insignia,2015,8995.0,Manual,26110,Diesel,30,62.8,2.0
 Insignia,2017,6795.0,Manual,101310,Diesel,30,65.7,1.6
 Insignia,2018,15950.0,Manual,5390,Petrol,145,47.1,1.5
 Insignia,2011,4295.0,Manual,80701,Diesel,160,52.3,2.0
 Insignia,2018,13690.0,Manual,19230,Petrol,145,47.1,1.5
 Insignia,2017,9950.0,Manual,23719,Diesel,30,64.2,1.6
 Insignia,2017,14990.0,Manual,17320,Diesel,140,54.3,2.0
 Insignia,2018,13990.0,Manual,30000,Diesel,145,65.7,1.6
 Insignia,2018,15990.0,Manual,19144,Diesel,145,54.3,2.0
 Insignia,2017,17490.0,Automatic,7000,Diesel,145,49.6,2.0
 Insignia,2016,9490.0,Manual,43000,Diesel,20,72.4,1.6
 Insignia,2018,14499.0,Automatic,7941,Diesel,145,55.4,1.6
 Insignia,2018,14000.0,Automatic,34820,Diesel,145,55.4,1.6
 Insignia,2018,14499.0,Automatic,41766,Diesel,145,49.6,2.0
 Insignia,2019,16790.0,Manual,9718,Diesel,145,64.2,1.6
 Insignia,2018,13499.0,Manual,15698,Diesel,145,64.2,1.6
 Insignia,2018,14000.0,Automatic,33681,Diesel,145,54.3,1.6
 Insignia,2018,14000.0,Manual,11624,Diesel,145,65.7,1.6
 Insignia,2018,14499.0,Automatic,34715,Diesel,145,51.4,2.0
 Insignia,2018,15199.0,Automatic,33894,Diesel,145,51.4,2.0
 Insignia,2018,16999.0,Manual,10112,Diesel,145,65.7,1.6
 Insignia,2016,11000.0,Automatic,15000,Diesel,125,57.6,1.6
 Insignia,2017,10000.0,Manual,91480,Petrol,145,46.3,1.5
 Insignia,2014,7250.0,Manual,40063,Petrol,125,54.3,1.4
 Insignia,2014,6995.0,Automatic,72193,Diesel,150,53.3,2.0
 Insignia,2014,6995.0,Manual,48236,Petrol,200,40.4,1.8
 Insignia,2018,16494.0,Manual,23000,Diesel,145,53.3,2.0
 Insignia,2016,8295.0,Manual,39407,Diesel,0,74.3,1.6
 Insignia,2019,15995.0,Manual,19196,Diesel,145,53.3,2.0
 Insignia,2019,19494.0,Manual,11936,Diesel,145,49.6,2.0
 Insignia,2016,7995.0,Manual,50158,Diesel,0,74.3,1.6
 Insignia,2018,15395.0,Manual,7849,Petrol,145,47.1,1.5
 Insignia,2011,4990.0,Automatic,121000,Diesel,200,45.6,2.0
 Insignia,2010,5350.0,Manual,44500,Diesel,155,52.3,2.0
 Insignia,2015,11495.0,Manual,14285,Diesel,20,72.4,1.6
 Insignia,2018,15995.0,Automatic,36030,Diesel,145,49.6,2.0
 Insignia,2016,8499.0,Manual,48350,Diesel,30,65.7,2.0
 Insignia,2013,3998.0,Manual,101000,Diesel,30,65.7,2.0
 Insignia,2016,4999.0,Manual,148000,Diesel,20,72.4,1.6
 Insignia,2016,9000.0,Manual,23154,Petrol,235,38.6,1.8
 Insignia,2012,4295.0,Automatic,90000,Diesel,200,47.9,2.0
 Insignia,2016,7490.0,Manual,47000,Diesel,0,74.3,1.6
 Insignia,2017,9499.0,Manual,29500,Diesel,20,72.4,1.6
 Insignia,2018,18000.0,Manual,7135,Diesel,145,53.3,2.0
 Insignia,2018,13695.0,Manual,24600,Diesel,145,53.3,2.0
 Insignia,2011,3000.0,Manual,94000,Diesel,125,60.1,2.0
 Insignia,2017,8490.0,Manual,50000,Diesel,145,64.2,1.6
 Insignia,2019,16887.0,Manual,13157,Diesel,145,54.3,2.0
 Insignia,2019,15995.0,Manual,10412,Petrol,145,50.4,1.5
 Insignia,2017,12100.0,Manual,18050,Diesel,145,65.7,1.6
 Insignia,2017,10300.0,Manual,46548,Diesel,145,70.6,1.6
 Insignia,2017,11700.0,Manual,30675,Petrol,145,47.1,1.5
 Insignia,2017,11400.0,Manual,45912,Diesel,145,70.6,1.6
 Insignia,2018,12900.0,Manual,28324,Diesel,145,65.7,1.6
 Insignia,2018,14500.0,Automatic,39440,Diesel,145,51.4,2.0
 Insignia,2017,9000.0,Manual,42112,Diesel,20,72.4,1.6
 Insignia,2018,13300.0,Manual,23220,Diesel,145,65.7,1.6
 Insignia,2015,10995.0,Automatic,1000,Diesel,145,53.3,2.0
 Insignia,2016,12200.0,Manual,30418,Diesel,145,60.1,2.0
 Insignia,2016,13995.0,Automatic,14000,Diesel,160,49.6,2.0
 Insignia,2014,6495.0,Manual,93000,Diesel,30,65.7,2.0
 Insignia,2011,4473.0,Automatic,81236,Diesel,160,49.6,2.0
 Insignia,2014,6950.0,Automatic,71970,Diesel,145,53.3,2.0
 Insignia,2016,12995.0,Automatic,10000,Diesel,125,57.6,1.6
 Insignia,2015,6300.0,Manual,69659,Diesel,0,76.3,2.0
 Insignia,2015,7200.0,Manual,73667,Diesel,30,62.8,2.0
 Insignia,2010,2750.0,Manual,59200,Petrol,260,37.2,1.8
 Insignia,2016,8995.0,Manual,56380,Diesel,20,68.9,1.6
 Insignia,2019,14995.0,Manual,6284,Petrol,145,44.8,1.6
 Insignia,2019,14000.0,Manual,9756,Petrol,145,47.1,1.5
 Insignia,2017,11618.0,Automatic,36553,Diesel,145,55.4,1.6
 Ampera,2014,10495.0,Automatic,50486,Hybrid,0,235.4,0.0
 Ampera,2014,11400.0,Automatic,64764,Hybrid,0,235.4,0.0
 Ampera,2015,12999.0,Automatic,34461,Electric,0,235.4,1.4
 GTC,2017,10998.0,Manual,15630,Petrol,145,47.1,1.4
 GTC,2016,15491.0,Manual,14682,Petrol,260,36.2,2.0
 GTC,2017,11498.0,Manual,13533,Petrol,145,47.1,1.4
 GTC,2017,11998.0,Manual,15593,Petrol,145,47.1,1.4
 GTC,2018,12495.0,Manual,2305,Petrol,145,47.1,1.4
 GTC,2018,18998.0,Manual,9297,Petrol,145,36.2,2.0
 GTC,2016,10998.0,Automatic,21716,Petrol,200,42.8,1.4
 GTC,2017,9395.0,Manual,25798,Diesel,30,65.7,1.6
 GTC,2017,10998.0,Manual,23903,Petrol,165,47.1,1.4
 GTC,2016,9498.0,Manual,43589,Diesel,125,60.1,2.0
 GTC,2015,8998.0,Manual,20123,Petrol,160,44.8,1.6
 GTC,2015,8998.0,Manual,25100,Petrol,160,47.1,1.4
 GTC,2015,8298.0,Manual,36538,Petrol,160,47.1,1.4
 GTC,2014,7298.0,Manual,51099,Diesel,125,60.1,2.0
 GTC,2016,8298.0,Manual,28521,Petrol,160,47.1,1.4
 GTC,2018,12550.0,Manual,11661,Diesel,145,65.7,1.6
 GTC,2016,9898.0,Manual,15569,Petrol,160,47.1,1.4
 GTC,2016,10498.0,Automatic,15466,Petrol,200,42.8,1.4
 GTC,2018,18998.0,Manual,11882,Petrol,145,36.2,2.0
 GTC,2018,18998.0,Manual,9882,Petrol,150,36.2,2.0
 GTC,2017,7298.0,Manual,67928,Diesel,150,65.7,1.6
 GTC,2016,5995.0,Manual,56269,Petrol,160,47.1,1.4
 GTC,2016,7190.0,Manual,26342,Petrol,160,47.1,1.4
 GTC,2015,7980.0,Manual,55891,Diesel,125,60.1,2.0
 GTC,2015,6450.0,Manual,47043,Diesel,125,60.1,2.0
 GTC,2015,6998.0,Manual,49897,Petrol,165,47.1,1.4
 GTC,2015,7498.0,Manual,32584,Petrol,160,47.1,1.4
 GTC,2016,13995.0,Manual,30000,Petrol,260,36.2,2.0
 GTC,2017,11995.0,Automatic,5817,Petrol,200,42.8,1.4
 GTC,2017,8250.0,Manual,17378,Petrol,160,47.1,1.4
 GTC,2017,14950.0,Manual,34404,Petrol,145,36.2,2.0
 GTC,2016,6940.0,Manual,34372,Petrol,160,47.1,1.4
 GTC,2015,7627.0,Manual,49523,Diesel,125,60.1,2.0
 GTC,2016,8460.0,Manual,17363,Petrol,160,47.1,1.4
 GTC,2015,9288.0,Manual,13764,Petrol,160,47.1,1.4
 GTC,2016,8998.0,Manual,40646,Petrol,160,47.1,1.4
 GTC,2016,7891.0,Manual,44916,Petrol,160,47.1,1.4
 GTC,2016,8991.0,Manual,48877,Diesel,30,67.3,1.6
 GTC,2016,10498.0,Manual,14112,Petrol,165,47.1,1.4
 GTC,2016,7998.0,Manual,38330,Petrol,160,47.1,1.4
 GTC,2016,9965.0,Manual,22351,Petrol,165,47.1,1.4
 GTC,2015,13762.0,Manual,32910,Petrol,260,36.2,2.0
 GTC,2015,5498.0,Manual,79205,Petrol,165,47.1,1.4
 GTC,2016,5991.0,Manual,53722,Petrol,160,47.1,1.4
 GTC,2017,11237.0,Manual,9278,Diesel,145,67.3,1.6
 GTC,2016,9897.0,Manual,31050,Diesel,30,65.7,1.6
 GTC,2017,14510.0,Manual,33894,Petrol,145,36.2,2.0
 GTC,2015,7280.0,Manual,33217,Diesel,125,60.1,2.0
 GTC,2016,8099.0,Manual,29982,Petrol,160,47.1,1.4
 GTC,2015,6995.0,Manual,63605,Diesel,30,65.7,1.6
 GTC,2018,9490.0,Manual,4694,Petrol,145,47.1,1.4
 GTC,2015,7360.0,Manual,34758,Petrol,160,47.1,1.4
 GTC,2014,6349.0,Manual,52994,Diesel,125,60.1,2.0
 GTC,2017,10830.0,Manual,18927,Diesel,30,64.2,1.6
 GTC,2015,7660.0,Manual,32795,Petrol,160,47.1,1.4
 GTC,2016,10590.0,Manual,17887,Petrol,160,47.1,1.4
 GTC,2015,8691.0,Manual,36189,Petrol,160,44.8,1.6
 GTC,2017,11395.0,Manual,26738,Petrol,150,47.1,1.4
 GTC,2015,7990.0,Manual,54071,Diesel,30,65.7,1.6
 GTC,2016,7820.0,Manual,7754,Petrol,160,47.1,1.4
 GTC,2015,7999.0,Manual,36429,Petrol,160,44.8,1.6
 GTC,2016,7280.0,Manual,24000,Petrol,160,47.1,1.4
 GTC,2016,8430.0,Manual,13270,Petrol,160,47.1,1.4
 GTC,2017,11495.0,Manual,26514,Petrol,150,47.1,1.4
 GTC,2016,15995.0,Manual,11991,Petrol,260,36.2,2.0
 GTC,2016,7495.0,Manual,34391,Petrol,160,47.1,1.4
 GTC,2015,6645.0,Manual,62700,Diesel,125,60.1,2.0
 GTC,2016,9240.0,Automatic,44310,Petrol,200,42.8,1.4
 GTC,2017,12298.0,Automatic,8596,Petrol,205,42.8,1.4
 GTC,2015,7700.0,Manual,47870,Diesel,125,60.1,2.0
 GTC,2015,9434.0,Manual,34000,Petrol,160,47.1,1.4
 GTC,2016,10999.0,Manual,15000,Petrol,165,44.8,1.6
 GTC,2015,6420.0,Manual,65688,Diesel,125,60.1,2.0
 GTC,2016,7760.0,Manual,21188,Petrol,160,47.1,1.4
 GTC,2017,11891.0,Manual,7225,Petrol,165,47.1,1.4
 GTC,2016,10230.0,Manual,20810,Diesel,30,65.7,1.6
 GTC,2015,8790.0,Manual,32160,Petrol,160,44.8,1.6
 GTC,2016,9670.0,Manual,31050,Diesel,30,65.7,1.6
 GTC,2017,10795.0,Manual,19000,Petrol,145,47.1,1.4
 GTC,2018,13995.0,Manual,9802,Petrol,145,47.1,1.4
 GTC,2016,7891.0,Manual,25389,Petrol,160,47.1,1.4
 GTC,2017,10991.0,Automatic,9616,Petrol,200,42.8,1.4
 GTC,2017,10990.0,Automatic,19965,Petrol,200,42.8,1.4
 GTC,2018,13496.0,Manual,8193,Petrol,145,47.1,1.4
 GTC,2017,16491.0,Manual,16541,Petrol,145,36.2,2.0
 GTC,2016,10000.0,Manual,27742,Diesel,30,65.7,1.6
 GTC,2015,8499.0,Manual,32300,Diesel,125,60.1,2.0
 GTC,2015,8495.0,Manual,31156,Petrol,165,44.8,1.6
 GTC,2017,10499.0,Manual,11547,Petrol,165,47.1,1.4
 GTC,2015,7830.0,Manual,52145,Diesel,30,67.3,1.6
 GTC,2015,7270.0,Manual,53588,Petrol,160,47.1,1.4
 GTC,2016,9480.0,Manual,26397,Petrol,165,47.1,1.4
 GTC,2016,7250.0,Automatic,17775,Petrol,200,42.8,1.4
 GTC,2015,8927.0,Manual,29188,Petrol,160,47.1,1.4
 GTC,2016,6713.0,Manual,27004,Petrol,160,47.1,1.4
 GTC,2017,15289.0,Manual,25983,Petrol,145,36.2,2.0
 GTC,2017,8795.0,Automatic,24628,Petrol,200,42.8,1.4
 GTC,2016,7399.0,Manual,37841,Petrol,160,47.1,1.4
 GTC,2016,9549.0,Manual,10337,Petrol,160,47.1,1.4
 GTC,2016,10499.0,Manual,10985,Diesel,30,65.7,1.6
 Combo Life,2019,19995.0,Manual,2048,Diesel,145,53.3,1.5
 Combo Life,2019,13998.0,Manual,6950,Diesel,145,53.3,1.5
 Combo Life,2018,14985.0,Manual,1146,Diesel,145,53.3,1.5
 Combo Life,2019,13998.0,Manual,7555,Diesel,145,53.3,1.5
 Combo Life,2019,14298.0,Manual,6797,Diesel,145,53.3,1.5
 Combo Life,2019,14998.0,Manual,8001,Diesel,150,53.3,1.5
 Combo Life,2019,13998.0,Manual,9381,Diesel,145,53.3,1.5
 Combo Life,2019,13798.0,Manual,10543,Diesel,145,53.3,1.5
 Combo Life,2018,14498.0,Manual,5486,Diesel,145,53.3,1.5
 Combo Life,2019,15990.0,Manual,17957,Diesel,145,53.3,1.5
 Combo Life,2019,14298.0,Manual,4960,Diesel,145,53.3,1.5
 Combo Life,2019,13798.0,Manual,10098,Diesel,145,53.3,1.5
 Combo Life,2019,13498.0,Manual,8556,Diesel,145,53.3,1.5
 Combo Life,2019,13998.0,Manual,11685,Diesel,145,53.3,1.5
 Combo Life,2019,13998.0,Manual,10450,Diesel,145,53.3,1.5
 Combo Life,2019,13998.0,Manual,6551,Diesel,145,53.3,1.5
 Combo Life,2018,13330.0,Manual,13658,Diesel,145,53.3,1.5
 Combo Life,2019,16490.0,Manual,7742,Diesel,145,53.3,1.5
 Combo Life,2019,15298.0,Manual,4144,Petrol,145,42.2,1.2
 Combo Life,2019,15990.0,Manual,9751,Diesel,145,53.3,1.5
 Combo Life,2019,14498.0,Manual,4538,Diesel,150,53.3,1.5
 Combo Life,2019,13798.0,Manual,9004,Diesel,145,53.3,1.5
 Combo Life,2019,16130.0,Automatic,826,Diesel,145,50.4,1.5
 Combo Life,2019,15590.0,Manual,8125,Diesel,145,53.3,1.5
 Combo Life,2019,15240.0,Manual,6701,Petrol,145,42.2,1.2
 Combo Life,2018,12770.0,Manual,12679,Diesel,145,53.3,1.5
 Combo Life,2018,13500.0,Manual,10000,Diesel,145,53.3,1.5
 Combo Life,2019,14244.0,Manual,2721,Petrol,145,42.2,1.2
 Combo Life,2019,18999.0,Manual,2859,Diesel,145,50.4,1.5
 Combo Life,2019,15990.0,Manual,2123,Diesel,145,50.4,1.5
 Combo Life,2019,13990.0,Manual,5234,Petrol,145,42.2,1.2
 Combo Life,2019,13798.0,Manual,9726,Diesel,145,53.3,1.5
 Combo Life,2019,15640.0,Automatic,2812,Diesel,145,50.4,1.5
 Combo Life,2019,16240.0,Manual,5012,Diesel,145,53.3,1.5
 Combo Life,2019,14457.0,Manual,1686,Petrol,145,42.2,1.2
 Combo Life,2019,16899.0,Manual,800,Diesel,145,50.4,1.5
 Combo Life,2019,13998.0,Manual,8087,Diesel,150,53.3,1.5
 Combo Life,2020,18588.0,Manual,1858,Petrol,145,42.2,1.2
 Combo Life,2019,13887.0,Manual,6526,Petrol,145,42.2,1.2
 Combo Life,2019,13998.0,Manual,8067,Diesel,150,53.3,1.5
 Combo Life,2019,14199.0,Manual,5699,Petrol,145,42.2,1.2
 Combo Life,2019,14591.0,Manual,2072,Petrol,145,42.2,1.2
 Combo Life,2019,15000.0,Manual,4396,Diesel,145,53.3,1.5
 Combo Life,2019,13998.0,Manual,11438,Diesel,150,53.3,1.5
 Combo Life,2019,16991.0,Manual,2083,Diesel,145,53.3,1.5
 Combo Life,2019,13498.0,Manual,12545,Diesel,145,53.3,1.5
 Combo Life,2018,16195.0,Manual,11017,Diesel,145,53.3,1.5
 Combo Life,2019,19200.0,Manual,2915,Diesel,145,53.3,1.5
 Combo Life,2019,17999.0,Automatic,10000,Diesel,145,50.4,1.5
 Combo Life,2019,16000.0,Manual,805,Petrol,145,42.2,1.2
 Combo Life,2018,14495.0,Manual,6000,Diesel,145,53.3,1.5
 Combo Life,2019,16438.0,Manual,1248,Diesel,145,53.3,1.5
 Combo Life,2019,13957.0,Manual,1800,Petrol,145,42.2,1.2
 Combo Life,2019,13798.0,Manual,10048,Diesel,145,53.3,1.5
 Combo Life,2019,13498.0,Manual,10994,Diesel,145,53.3,1.5
 Combo Life,2019,13798.0,Manual,6690,Diesel,145,53.3,1.5
 Combo Life,2019,14750.0,Manual,4528,Petrol,145,42.2,1.2
 Combo Life,2019,17995.0,Automatic,5278,Diesel,145,50.4,1.5
 Combo Life,2019,15393.0,Manual,8707,Diesel,145,53.3,1.5
 Combo Life,2020,16390.0,Manual,346,Petrol,145,42.2,1.2
 Combo Life,2019,16270.0,Manual,3294,Diesel,145,53.3,1.5
 Combo Life,2019,13798.0,Manual,7487,Diesel,145,53.3,1.5
 Combo Life,2019,13798.0,Manual,8987,Diesel,145,53.3,1.5
 Combo Life,2018,15200.0,Manual,5651,Diesel,145,53.3,1.5
 Combo Life,2018,15300.0,Manual,2770,Diesel,145,53.3,1.5
 Combo Life,2019,14900.0,Manual,2674,Petrol,145,42.2,1.2
 Combo Life,2018,13495.0,Manual,20964,Diesel,145,53.3,1.5
 Combo Life,2019,11698.0,Manual,7604,Diesel,150,53.3,1.5
 Combo Life,2019,14759.0,Manual,2674,Petrol,145,42.2,1.2
 Combo Life,2019,13995.0,Manual,14500,Petrol,145,42.2,1.2
 Combo Life,2018,13190.0,Manual,5800,Diesel,145,53.3,1.5
 Combo Life,2019,16990.0,Manual,7821,Diesel,145,53.3,1.5
 Combo Life,2018,14377.0,Manual,18,Diesel,145,53.3,1.5
 Combo Life,2019,15760.0,Manual,9000,Petrol,145,42.2,1.2
 Combo Life,2019,13798.0,Manual,8865,Diesel,150,53.3,1.5
 Combo Life,2019,13498.0,Manual,11200,Petrol,150,42.2,1.2
 Combo Life,2019,14498.0,Manual,7968,Diesel,150,53.3,1.5
 Combo Life,2018,13380.0,Manual,20203,Diesel,145,53.3,1.5
 Combo Life,2019,19991.0,Manual,3250,Diesel,145,53.3,1.5
 Combo Life,2019,19334.0,Manual,22,Diesel,145,53.3,1.5
 Combo Life,2018,15000.0,Manual,13720,Diesel,145,53.3,1.5
 Combo Life,2018,14500.0,Manual,13619,Diesel,145,53.3,1.5
 Combo Life,2019,17299.0,Manual,839,Diesel,145,53.3,1.5
 Combo Life,2018,13499.0,Manual,15127,Diesel,145,53.3,1.5
 Combo Life,2019,18299.0,Manual,12000,Diesel,145,53.3,1.5
 Combo Life,2019,14270.0,Manual,2838,Petrol,145,42.2,1.2
 Combo Life,2018,13990.0,Manual,4541,Diesel,145,53.3,1.5
 Combo Life,2019,16490.0,Manual,3050,Diesel,145,50.4,1.5
 Combo Life,2019,14691.0,Manual,9585,Petrol,145,42.2,1.2
 Combo Life,2019,16799.0,Automatic,6991,Diesel,145,50.4,1.5
 Combo Life,2019,16413.0,Manual,9965,Diesel,145,53.3,1.5
 Combo Life,2019,13799.0,Manual,1903,Petrol,145,42.2,1.2
 Combo Life,2019,14995.0,Manual,4136,Petrol,145,42.2,1.2
 Combo Life,2018,13300.0,Manual,14066,Diesel,145,53.3,1.5
 Combo Life,2018,12816.0,Manual,34138,Diesel,145,53.3,1.5
 Combo Life,2019,14490.0,Manual,5134,Petrol,145,42.2,1.2
 Combo Life,2018,15995.0,Manual,6900,Diesel,145,53.3,1.5
 Combo Life,2019,16937.0,Manual,2026,Petrol,145,42.2,1.2
 Combo Life,2019,14995.0,Manual,1700,Petrol,145,42.2,1.2
 Combo Life,2019,15990.0,Manual,9061,Diesel,145,53.3,1.5
 Combo Life,2018,15979.0,Manual,10070,Diesel,145,53.3,1.5
 Combo Life,2019,15441.0,Manual,8478,Diesel,145,53.3,1.5
 Combo Life,2018,14995.0,Manual,6000,Diesel,145,53.3,1.5
 Combo Life,2019,19000.0,Manual,5315,Petrol,145,42.2,1.2
 Combo Life,2019,14990.0,Manual,2500,Petrol,145,42.2,1.2
 Combo Life,2019,14990.0,Manual,9500,Petrol,145,42.2,1.2
 Combo Life,2019,14990.0,Manual,6100,Diesel,145,53.3,1.5
 Combo Life,2019,14990.0,Manual,7300,Petrol,145,42.2,1.2
 Combo Life,2019,15000.0,Manual,849,Petrol,150,42.2,1.2
 Combo Life,2019,14980.0,Manual,10500,Petrol,145,42.2,1.2
 Combo Life,2019,14106.0,Manual,6846,Petrol,145,42.2,1.2
 Combo Life,2019,13995.0,Manual,7000,Diesel,145,53.3,1.5
 Combo Life,2019,16658.0,Manual,1733,Petrol,145,42.2,1.2
 Combo Life,2019,14999.0,Manual,3598,Diesel,145,53.3,1.5
 Combo Life,2019,16990.0,Manual,500,Diesel,145,53.3,1.5
 Combo Life,2018,13550.0,Manual,3105,Diesel,145,53.3,1.5
 Combo Life,2019,16000.0,Manual,1383,Diesel,145,50.4,1.5
 Combo Life,2019,17495.0,Manual,7552,Diesel,145,50.4,1.5
 Combo Life,2019,14995.0,Manual,7211,Diesel,145,53.3,1.5
 Combo Life,2018,12495.0,Manual,550,Diesel,145,53.3,1.5
 Combo Life,2019,18000.0,Manual,6223,Diesel,145,53.3,1.5
 Combo Life,2018,14499.0,Manual,9428,Diesel,145,53.3,1.5
 Combo Life,2019,13999.0,Manual,2494,Petrol,150,42.2,1.2
 Combo Life,2019,15950.0,Automatic,2592,Diesel,145,50.4,1.5
 Combo Life,2019,14634.0,Manual,1,Diesel,145,53.3,1.5
 Combo Life,2019,18000.0,Automatic,564,Diesel,145,50.4,1.5
 Combo Life,2018,14500.0,Manual,9526,Diesel,145,53.3,1.5
 Combo Life,2019,16879.0,Manual,11,Diesel,145,53.3,1.5
 Combo Life,2019,13495.0,Manual,4,Petrol,145,42.2,1.2
 Combo Life,2019,18448.0,Manual,1,Petrol,145,42.2,1.2
 Combo Life,2018,14499.0,Manual,11886,Diesel,145,53.3,1.5
 Combo Life,2019,14499.0,Manual,3823,Petrol,145,42.2,1.2
 Combo Life,2018,13499.0,Manual,10875,Diesel,145,53.3,1.5
 Combo Life,2019,17999.0,Manual,3819,Petrol,145,42.2,1.2
 Combo Life,2020,19500.0,Manual,3218,Diesel,145,50.4,1.5
 Combo Life,2019,15999.0,Manual,14500,Diesel,145,53.3,1.5
 Combo Life,2018,14495.0,Manual,10996,Diesel,145,53.3,1.5
 Combo Life,2018,13794.0,Manual,9460,Diesel,145,53.3,1.5
 Combo Life,2018,15690.0,Manual,11935,Diesel,145,53.3,1.5
 Combo Life,2019,13999.0,Manual,8541,Petrol,145,42.2,1.2
 Combo Life,2019,16000.0,Manual,10500,Diesel,145,53.3,1.5
 Combo Life,2018,13895.0,Manual,17248,Diesel,145,53.3,1.5
 Combo Life,2019,14754.0,Manual,8309,Diesel,145,53.3,1.5
 Combo Life,2019,13695.0,Manual,4714,Petrol,145,42.2,1.2
 Combo Life,2018,15273.0,Manual,6310,Diesel,145,53.3,1.5
 Combo Life,2019,17994.0,Manual,4912,Diesel,145,53.3,1.5
 Combo Life,2019,13875.0,Manual,10693,Petrol,145,42.2,1.2
 Combo Life,2019,17445.0,Manual,1001,Diesel,145,50.4,1.5
 Combo Life,2019,18490.0,Manual,5500,Diesel,145,53.3,1.5
 Vivaro,2015,13995.0,Manual,40868,Diesel,235,42.8,1.6
 Vivaro,2017,15498.0,Manual,30156,Diesel,160,50.4,1.6
 Vivaro,2016,14856.0,Manual,51206,Diesel,160,49.6,1.6
 Vivaro,2018,16495.0,Manual,18673,Diesel,145,40.9,1.6
 Vivaro,2016,13498.0,Manual,37409,Diesel,160,49.6,1.6
 Vivaro,2017,14900.0,Manual,25885,Diesel,145,50.4,1.6
 Vivaro,2016,13988.0,Manual,13000,Diesel,160,49.6,1.6
 Vivaro,2018,18500.0,Manual,22036,Diesel,150,40.9,1.6
 Vivaro,2018,19500.0,Manual,22036,Diesel,145,40.9,1.6
 Vivaro,2018,15249.0,Manual,23242,Diesel,150,40.9,1.6
 Vivaro,2016,12995.0,Manual,29652,Diesel,160,50.4,1.6
 Vivaro,2017,13980.0,Manual,24000,Diesel,145,50.4,1.6
 Vivaro,2015,10207.0,Manual,72717,Diesel,160,49.6,1.6
 Vivaro,2018,16999.0,Manual,16273,Diesel,145,40.9,1.6
 Vivaro,2016,13750.0,Manual,40230,Diesel,160,50.4,1.6
 Vivaro,2017,14999.0,Manual,33918,Diesel,160,50.4,1.6
 Vivaro,2015,14499.0,Manual,64000,Diesel,235,42.8,1.6
 Vivaro,2015,11300.0,Manual,59204,Diesel,235,42.8,1.6
 Cascada,2015,7995.0,Manual,68601,Diesel,125,57.6,2.0
 Cascada,2016,9991.0,Manual,35954,Diesel,125,57.6,2.0
 Cascada,2013,9995.0,Manual,18000,Diesel,130,54.3,2.0
 Cascada,2014,12995.0,Automatic,13000,Petrol,235,39.2,1.6
 Kadjar,2018,12895.0,Manual,16546,Petrol,145,42.2,1.3
 Kadjar,2019,15100.0,Manual,15101,Petrol,145,42.16,1.3
 Kadjar,2019,15300.0,Manual,13983,Petrol,145,42.16,1.3
 Agila,2014,4599.0,Manual,25102,Petrol,30,55.4,1.2
 Agila,2015,4599.0,Manual,18953,Petrol,20,60.1,1.0
 Agila,2013,4391.0,Manual,21461,Petrol,30,55.4,1.2
 Agila,2014,4291.0,Manual,34267,Petrol,30,55.4,1.2
 Agila,2014,4995.0,Manual,28221,Petrol,30,55.4,1.2
 Agila,2015,4695.0,Manual,60000,Petrol,30,55.4,1.2
 Agila,2013,5990.0,Automatic,31090,Petrol,145,49.6,1.2
 Agila,2004,1395.0,Manual,62000,Petrol,145,43.5,1.0
 Agila,2008,1999.0,Manual,63000,Petrol,145,51.4,1.2
 Agila,2008,2000.0,Manual,44000,Petrol,150,51.4,1.2
 Agila,2014,3595.0,Manual,45400,Petrol,20,60.1,1.0
 Agila,2011,5499.0,Automatic,19079,Petrol,145,49.6,1.2
 Agila,2009,2995.0,Manual,62000,Petrol,125,51.4,1.2
 Agila,2011,3699.0,Manual,28299,Petrol,30,55.4,1.2
 Agila,2014,4995.0,Manual,32300,Petrol,30,55.4,1.2
 Agila,2011,4655.0,Manual,25669,Petrol,30,55.4,1.2
 Agila,2003,450.0,Manual,90000,Petrol,205,43.5,1.2
 Agila,2005,1995.0,Manual,36000,Petrol,165,47.1,1.2
 Agila,2013,5490.0,Automatic,43000,Petrol,145,49.6,1.2
 Agila,2009,5113.0,Automatic,21098,Petrol,160,47.9,1.2
 Agila,2014,7250.0,Automatic,18488,Petrol,145,49.6,1.2
 Agila,2012,5200.0,Automatic,32028,Petrol,145,49.6,1.2
 Tigra,2009,2995.0,Manual,34000,Petrol,160,46.3,1.4
 Tigra,2006,1795.0,Manual,92000,Petrol,265,36.7,1.8
 Tigra,2007,2499.0,Manual,48640,Petrol,165,46.3,1.4
 Vectra,2007,1795.0,Manual,75000,Petrol,240,39.2,1.8
 Vectra,2005,1495.0,Manual,74000,Petrol,235,38.7,1.8
 Vectra,2008,1695.0,Automatic,131000,Diesel,200,39.8,1.9
 Vectra,2005,1450.0,Manual,147000,Petrol,330,27.9,3.2
